date,theme,mention_number,total_theme_mentions,is_repeat_mention,meets_existing_criteria,is_first_mention,is_first_mention_hc,is_first_hc_not_first_mention,is_third_within_1yr,is_first_with_tickers,is_hc_high_profile_venue,is_thesis_reversal,is_thesis_close,is_derisk_signal,exclude_from_long_stats,criteria_met,confidence,source,summary,summary_extended,tickers_direct,resolved_basket,basket_source,basket_direction,basket_asterisk,override_note,ret_1m,ret_1q,ret_6m,ret_9m,ret_1y,ret_18m,ret_2y,smh_1m,smh_1q,smh_6m,smh_9m,smh_1y,smh_18m,smh_2y,excess_1m,excess_1q,excess_6m,excess_9m,excess_1y,excess_18m,excess_2y,spy_1m,spy_1q,spy_6m,spy_9m,spy_1y,spy_18m,spy_2y,excess_spy_1m,excess_spy_1q,excess_spy_6m,excess_spy_9m,excess_spy_1y,excess_spy_18m,excess_spy_2y
2019-11-26,Intel recovery / foundry failure,1,3,FALSE,TRUE,TRUE,TRUE,FALSE,FALSE,TRUE,FALSE,FALSE,FALSE,FALSE,FALSE,first_with_tickers,high_conviction,Invest Like the Best — Tech and consumer growth investing (EP.149),Intel's loss of semiconductor manufacturing leadership to TSMC in 2018 was a structural inflection point creating a 20-30% competitiveness swing for fabless chip designers.,"Baker argues that TSMC's achievement of the 7nm node ahead of Intel in 2018 was a structural inflection point in semiconductor manufacturing, representing one of only two truly important technology events that year. Specifically, TSMC's 7nm is equivalent to Intel's 10nm, meaning that for the first time in decades, fabless chip designers gained a meaningful process technology advantage over Intel rather than being disadvantaged. Baker quantifies this as a 10-15% embedded performance/efficiency advantage for fabless designers, which translates to a 20-30% total competitiveness swing against Intel when accounting for both sides of the gap. The investment implication is that fabless semiconductor companies — those designing chips manufactured by TSMC — now have a durable structural cost and performance edge over Intel's integrated device model, benefiting companies like Apple whose custom silicon is manufactured at TSMC. Baker presents this as a long-term structural shift rather than a cyclical event, suggesting sustained headwinds for Intel and tailwinds for TSMC and its major fabless customers.","INTC, TSM, AAPL",,NO_BASKET,LONG,False,"Intel mention 1 (2019-11-26) is a TSMC-beat-Intel structural observation, not an Intel long -> NO_BASKET. Mentions 2/3 keep INTC LONG (default).",NO_BASKET,NO_BASKET,NO_BASKET,NO_BASKET,NO_BASKET,NO_BASKET,NO_BASKET,-3.61,-20.98,6.0,23.38,52.02,80.82,116.07,NO_BASKET,NO_BASKET,NO_BASKET,NO_BASKET,NO_BASKET,NO_BASKET,NO_BASKET,-0.23,-22.03,-2.9,5.23,17.24,36.89,50.92,NO_BASKET,NO_BASKET,NO_BASKET,NO_BASKET,NO_BASKET,NO_BASKET,NO_BASKET
2019-11-26,Metaverse / gaming as platform,1,5,FALSE,TRUE,TRUE,TRUE,FALSE,FALSE,TRUE,FALSE,FALSE,FALSE,FALSE,FALSE,first_with_tickers,high_conviction,Invest Like the Best — Tech and consumer growth investing (EP.149),Video games are not hit-driven businesses; they are social networks with highly persistent franchise value.,"Baker argues that the public markets fundamentally misunderstand video games as hit-driven businesses, when in reality they function as social networks with durable, persistent franchise value. His evidence is 20 years of sales data showing Call of Duty has been the best-selling game nearly every year except when Rockstar releases a title, with franchises like Assassin's Creed and Battlefield consistently appearing in top 5 or top 10 lists year after year. The mechanism driving this persistence is social network effects: friend groups coalesce around specific games, creating high switching costs that make it extremely difficult for new titles to displace incumbents. The investment implication is that the market systematically undervalues the recurring earnings power of established gaming franchises and the companies that own them, suggesting long-term ownership of major franchise holders is warranted. Baker views this as a core misperception he has high conviction correcting, implying that companies like Activision Blizzard (Call of Duty), Ubisoft (Assassin's Creed), and EA (Battlefield) are structurally undervalued by markets that price them as hit-dependent rather than network-effect businesses.","ATVI, EA, TTWO","ATVI, EA, TTWO",BAKER_NAMED,LONG,False,"All mentions. RBLX removed — not public until 2021-03-10, cannot anchor 2020 returns.",-0.34,-1.06,25.33,33.89,54.51,47.3,27.99,-3.61,-20.98,6.0,23.38,52.02,80.82,116.07,3.27,19.92,19.33,10.51,2.49,-33.52,-88.08,-0.23,-22.03,-2.9,5.23,17.24,36.89,50.92,-0.11,20.97,28.23,28.65,37.27,10.41,-22.93
2020-04-02,Metaverse / gaming as platform,2,5,TRUE,FALSE,FALSE,FALSE,FALSE,FALSE,FALSE,FALSE,FALSE,FALSE,FALSE,FALSE,,high_conviction,Invest Like the Best — Investing through a bear market (EP.167),"Video games are foundational to the metaverse and will become platforms with identity, payments, and social layers","Baker argues that video games are the foundational layer of what he calls the metaverse — connected virtual worlds where a majority of people will spend a majority of their waking hours within his lifetime. He defines the metaverse not as a single product but as a structural shift in how humans socialize and spend time, with video games already functioning as social platforms rather than mere entertainment. His key evidence is Telecom Italia data showing video game traffic up 75% during COVID lockdowns while social media traffic was flat, which he interprets as confirmation that games have already displaced traditional social media as the primary social venue for many users. Baker argues that platforms which have built identity, payments, and social layers — specifically citing Xbox, PlayStation, Steam, Roblox, and Fortnite — are best positioned to become the infrastructure of this metaverse, making their parent companies long-term structural winners. The investment implication is to own the companies behind these platforms as they compound value through network effects, virtual economies, and user identity lock-in over a multi-year horizon.","MSFT, SNE, RBLX","ATVI, EA, TTWO",BAKER_NAMED,LONG,False,"All mentions. RBLX removed — not public until 2021-03-10, cannot anchor 2020 returns.",9.73,26.68,35.24,56.07,51.42,34.8,28.31,12.69,34.14,56.13,92.37,126.49,125.9,135.02,-2.96,-7.46,-20.89,-36.3,-75.07,-91.1,-106.71,12.6,24.53,34.96,50.35,63.95,76.34,85.14,-2.87,2.15,0.28,5.72,-12.53,-41.53,-56.83
2020-04-02,SPAC structural analysis,1,3,FALSE,FALSE,TRUE,FALSE,FALSE,FALSE,FALSE,FALSE,FALSE,FALSE,FALSE,FALSE,,moderate,Invest Like the Best — Investing through a bear market (EP.167),Space-as-a-service / co-working model faces structural challenge post-COVID due to density and health concerns,"Baker argues that the co-working / space-as-a-service model exemplified by WeWork faces a fundamental structural challenge in a post-COVID world, because its core value proposition — packing more people into smaller spaces with shared common areas (what Baker likens to the Ian Schrager hotel aesthetic) — is directly at odds with post-pandemic priorities around health monitoring, temperature screening, and population density control. He acknowledges that WeWork was genuinely valued by corporate real estate heads for its flexibility in managing branch office footprints, so the demand for flexible office space itself is not dead, but the specific high-density execution model must change materially. Baker suggests one possible adaptation path is for WeWork to reinvent itself as a thought leader in health and safety protocols for office environments, though he expresses uncertainty about whether the company can successfully pivot. The investment implication is broadly negative for the high-density co-working model as currently constructed, though Baker stops short of a specific directional trade given WeWork's private status at the time and the uncertainty around adaptation.",,,NO_BASKET,MIXED,False,,NO_BASKET,NO_BASKET,NO_BASKET,NO_BASKET,NO_BASKET,NO_BASKET,NO_BASKET,12.69,34.14,56.13,92.37,126.49,125.9,135.02,NO_BASKET,NO_BASKET,NO_BASKET,NO_BASKET,NO_BASKET,NO_BASKET,NO_BASKET,12.6,24.53,34.96,50.35,63.95,76.34,85.14,NO_BASKET,NO_BASKET,NO_BASKET,NO_BASKET,NO_BASKET,NO_BASKET,NO_BASKET
2020-04-02,Target / omnichannel retail,1,3,FALSE,TRUE,TRUE,TRUE,FALSE,FALSE,TRUE,FALSE,FALSE,FALSE,FALSE,FALSE,first_with_tickers,high_conviction,Invest Like the Best — Investing through a bear market (EP.167),"Omnichannel physical retailers (Walmart, Target, Costco, Kroger) are the biggest e-commerce beneficiaries of COVID","Baker argues that large omnichannel physical retailers — specifically Walmart, Target, Costco, and Kroger — are the primary e-commerce beneficiaries of COVID-19, not pure-play e-commerce companies. His reasoning is that these retailers are compressing what would normally be 12-18 months of e-commerce capital expenditure and capability-building into just a few months, permanently resolving internal debates about digital investment in favor of going all-in. When physical stores eventually reopen, these retailers will face a structurally less competitive landscape because smaller rivals will have gone bankrupt during the crisis, further entrenching their market positions. Baker views this as a medium-term structural shift where the crisis has functioned as a forced accelerant, giving these incumbents durable e-commerce muscle and competitive moat that would have taken years to build organically.","WMT, TGT, COST, KR","WMT, TGT, COST, KR",BAKER_NAMED,LONG,False,v4 review (CHANGE). Named all four,7.57,9.87,30.92,37.08,46.95,63.48,89.25,12.69,34.14,56.13,92.37,126.49,125.9,135.02,-5.12,-24.27,-25.21,-55.29,-79.54,-62.42,-45.77,12.6,24.53,34.96,50.35,63.95,76.34,85.14,-5.03,-14.66,-4.04,-13.27,-17.0,-12.85,4.11
2020-05-07,Metaverse / gaming as platform,3,5,TRUE,TRUE,FALSE,FALSE,FALSE,TRUE,FALSE,FALSE,FALSE,FALSE,FALSE,FALSE,third_within_1yr,high_conviction,"Columbia SIMA — COVID-19 market impact, technology investing, video games, venture capital",Video games are social networks and will be the foundational platform layer for the personal Metaverse,"Baker argues that video games are fundamentally social networks — not merely entertainment — because players engage with friends, switching costs are high, and the social graph is embedded in the platform itself. He identifies the Marshmallow concert in Fortnite as the inflection point that crystallized his view that games, not VR hardware like Oculus, will be the foundational platform layer for the personal Metaverse. The investment implication is that existing game IP owners and publishers are the clearest first-order winners because they already own the social graphs, content libraries, and virtual economies that will underpin the Metaverse. Baker frames this as a structural, multi-decade thesis with high conviction, suggesting long positions in major game publishers with established live-service franchises and large player bases. No specific valuation targets or timeframes were cited, but the thesis is explicitly long-term and contrarian relative to the VR-hardware-centric Metaverse narrative dominant at the time.","ATVI, EA, TTWO, EPIC","ATVI, EA, TTWO",BAKER_NAMED,LONG,False,"All mentions. RBLX removed — not public until 2021-03-10, cannot anchor 2020 returns.",1.25,27.44,14.33,40.4,28.21,22.06,-1.39,14.25,28.7,40.02,77.75,84.09,122.4,76.77,-13.0,-1.26,-25.69,-37.35,-55.88,-100.34,-78.16,12.35,16.73,20.42,36.49,49.09,65.97,47.19,-11.1,10.71,-6.09,3.91,-20.88,-43.91,-48.58
2020-05-07,Power / watts as binding constraint,1,6,FALSE,TRUE,TRUE,FALSE,FALSE,FALSE,TRUE,FALSE,FALSE,FALSE,FALSE,FALSE,first_with_tickers,moderate,"Columbia SIMA — COVID-19 market impact, technology investing, video games, venture capital","Edge computing will proliferate into retail stores and restaurants, driven by AI-powered in-store experiences requiring local compute that cannot be served from the cloud due to latency constraints","Baker argues that Amazon Go-style frictionless retail stores — featuring facial recognition, personalized advertising, and automated checkout — will become ubiquitous within 5-10 years, creating massive demand for edge computing infrastructure. The core reasoning is that the physics of latency make cloud-only solutions unworkable for real-time in-store AI applications, necessitating significant local compute (he specifically cites NVIDIA GPU clusters deployed inside individual stores). He envisions a hierarchical compute architecture flowing from large core data centers to regional nodes to edge compute embedded in every retail location, representing a structural build-out of distributed AI infrastructure. The investment implication is that companies supplying the GPU hardware for these in-store deployments stand to benefit most directly, while the Amazon Go concept itself validates the demand thesis. Baker frames this as a speculative long-term view he is actively thinking through rather than a current portfolio position, so no near-term catalyst is identified.","AMZN, NVDA",,NO_BASKET,LONG,False,2020-05-07 edge-computing-in-retail thesis is misclustered into power -> NO_BASKET. Only that row.,NO_BASKET,NO_BASKET,NO_BASKET,NO_BASKET,NO_BASKET,NO_BASKET,NO_BASKET,14.25,28.7,40.02,77.75,84.09,122.4,76.77,NO_BASKET,NO_BASKET,NO_BASKET,NO_BASKET,NO_BASKET,NO_BASKET,NO_BASKET,12.35,16.73,20.42,36.49,49.09,65.97,47.19,NO_BASKET,NO_BASKET,NO_BASKET,NO_BASKET,NO_BASKET,NO_BASKET,NO_BASKET
2020-07-27,ASML / semcap equipment criticality,1,2,FALSE,TRUE,TRUE,TRUE,FALSE,FALSE,TRUE,FALSE,FALSE,FALSE,FALSE,FALSE,first_with_tickers,high_conviction,Koyfin Investing Wizards — AI tailwind for semiconductors,ASML is the single most critical company in the semiconductor supply chain; continued EUV progress is essential to sustaining Moore's Law and all downstream AI compute scaling,"Baker argues that ASML is the single most important company on the planet because its EUV lithography technology is the irreplaceable enabler of continued Moore's Law scaling — without it, semiconductor density improvements halt entirely. He contends that humanity requires another 5-7x turns of Moore's Law to unlock transformative breakthroughs in areas like healthcare and materials science, making ASML's continued EUV progress existential for technological advancement. As concrete evidence of ASML's leverage, Baker cites Intel's failure to adopt EUV early as the direct cause of Intel losing a 50-year semiconductor manufacturing leadership position, illustrating the catastrophic cost of being on the wrong side of ASML's technology roadmap. The investment implication is a high-conviction, long-term long in ASML as the single most critical chokepoint in the global semiconductor supply chain and, by extension, all AI compute scaling.",ASML,ASML,BAKER_NAMED,LONG,False,,-0.25,-0.84,44.36,76.91,96.62,71.48,45.4,5.12,10.92,44.29,52.95,53.26,61.31,41.8,-5.37,-11.76,0.07,23.96,43.36,10.17,3.6,6.47,7.41,19.72,30.67,37.85,37.34,27.72,-6.72,-8.25,24.63,46.24,58.77,34.14,17.68
2020-07-27,Broad AI bullish / early innings,1,9,FALSE,TRUE,TRUE,TRUE,FALSE,FALSE,TRUE,FALSE,FALSE,FALSE,FALSE,FALSE,first_with_tickers,high_conviction,Koyfin Investing Wizards — AI tailwind for semiconductors,"AI has dramatically higher semiconductor intensity than human-written software, driving a multi-decade structural demand uplift for the entire semiconductor industry","Baker argues that AI software has dramatically higher semiconductor intensity than human-written software — approximately 6x more memory consumption and significantly more compute, networking, and storage requirements per unit of workload. As AI progressively displaces human-written software over a 10-30 year horizon, he believes the semiconductor industry's share of global GDP should rise by 4-6x, representing one of the most important structural investment themes of the coming decades. The investment implication is broad and sector-wide: virtually every segment of the semiconductor supply chain — logic, memory, networking, capital equipment — stands to benefit from this secular demand uplift. Baker frames this not as a cyclical trade but as a foundational structural view underpinning all of his semiconductor investments, with the magnitude of uplift (4-6x semiconductor intensity) providing a quantitative anchor for long-duration positioning across the space.",,,NO_BASKET,,False,"Never-a-trade theme: macro commentary regardless of mention number, NO_BASKET for all mentions (operator 2026-07-16).",NO_BASKET,NO_BASKET,NO_BASKET,NO_BASKET,NO_BASKET,NO_BASKET,NO_BASKET,5.12,10.92,44.29,52.95,53.26,61.31,41.8,NO_BASKET,NO_BASKET,NO_BASKET,NO_BASKET,NO_BASKET,NO_BASKET,NO_BASKET,6.47,7.41,19.72,30.67,37.85,37.34,27.72,NO_BASKET,NO_BASKET,NO_BASKET,NO_BASKET,NO_BASKET,NO_BASKET,NO_BASKET
2020-07-27,Intel recovery / foundry failure,2,3,TRUE,FALSE,FALSE,FALSE,FALSE,FALSE,FALSE,FALSE,TRUE,FALSE,FALSE,FALSE,,high_conviction,Koyfin Investing Wizards — AI tailwind for semiconductors,Intel faces a structural competitive crisis having lost its 50-year manufacturing lead due to the EUV bet and process execution failures; recovery depends on 10nm server CPU execution in late 2020,"Baker argues that Intel has suffered a structural, potentially irreversible loss of its 50-year manufacturing leadership due to two compounding failures: its decision not to adopt ASML's EUV lithography tools and its over-targeting of transistor density at the 10nm node, which caused severe yield problems. Historically, Intel maintained a 9-18 month process node lead over all competitors — a massive embedded competitive moat — but TSMC has now surpassed it, with Intel's 10nm roughly equivalent to TSMC's 7nm in real-world performance. Baker frames the near-term binary test as whether Intel can successfully yield large server CPU dies on its 10nm process by end of 2020; failure would further cement AMD's data center CPU advantage and accelerate ARM-based competition in the server market. The investment implication is bearish on Intel and bullish on AMD as the primary x86 beneficiary of Intel's execution failures, with TSMC as the foundry winner capturing share Intel cannot manufacture itself. Baker uses Arnold Toynbee's framing — 'empires are hard won and easily lost' — to underscore that Intel's structural disadvantage may not be recoverable on a short timeline.","INTC, AMD, TSM",INTC,BAKER_NAMED,SHORT,False,v4 review (STEVE). Steve: short INTC,-0.39,2.1,-12.95,-19.32,-10.13,-7.04,14.36,5.12,10.92,44.29,52.95,53.26,61.31,41.8,-5.51,-8.81,-57.24,-72.27,-63.39,-68.35,-27.44,6.47,7.41,19.72,30.67,37.85,37.34,27.72,-6.86,-5.3,-32.67,-49.99,-47.98,-44.38,-13.36
2020-07-27,Nvidia GPU moat / CUDA ecosystem,1,9,FALSE,TRUE,TRUE,TRUE,FALSE,FALSE,TRUE,FALSE,FALSE,FALSE,FALSE,FALSE,first_with_tickers,high_conviction,Koyfin Investing Wizards — AI tailwind for semiconductors,"Nvidia holds a durable leadership position in AI training GPUs, protected by CUDA software ecosystem and the historical pattern of digital processor market incumbents never being unseated","Baker argues that Nvidia holds a structurally durable leadership position in AI training GPUs, grounded in a historical observation that incumbents in digital processor markets have never been displaced — citing Intel in x86 CPUs, Qualcomm in basebands, and Nvidia in GPUs as examples of this pattern. The core moat, which Baker terms 'exorbitant privilege,' stems from the CUDA software ecosystem: as developers optimize code libraries for Nvidia's architecture, switching costs compound over time and make alternative architectures increasingly uncompetitive regardless of raw hardware performance. Baker notes that despite approximately $2.5B in cumulative VC-funded competition targeting Nvidia's AI training dominance, Nvidia itself spends roughly $2B per two-year architecture cycle, meaning challengers must match both the ecosystem depth and the relentless pace of architectural investment simultaneously. The investment implication is a high-conviction long on NVDA, with the structural view suggesting that competitive threats from startups or established players like AMD are unlikely to unseat Nvidia's position in AI training, consistent with the historical pattern Baker identifies.",NVDA,NVDA,BAKER_NAMED,LONG,False,,22.34,30.44,28.99,47.73,84.53,114.52,71.02,5.12,10.92,44.29,52.95,53.26,61.31,41.8,17.22,19.53,-15.29,-5.22,31.27,53.21,29.22,6.47,7.41,19.72,30.67,37.85,37.34,27.72,15.88,23.04,9.27,17.06,46.68,77.18,43.3
2020-11-15,Target / omnichannel retail,2,3,TRUE,TRUE,FALSE,FALSE,FALSE,FALSE,FALSE,TRUE,FALSE,FALSE,FALSE,FALSE,hc_high_profile_venue,high_conviction,Sohn Australia 2020 — Omnichannel / tech,Target is among the fastest-growing e-commerce companies in North America and is materially undervalued by consensus,"Baker pitches Target (TGT) as his Sohn Australia 2020 idea, arguing the market is materially undervaluing the company's e-commerce transformation. Target grew digital revenue 194% year-over-year in the July 2020 quarter, reaching a $15.6B annualized run-rate, and Baker draws an explicit parallel to Amazon's early S-curve growth trajectory as evidence that the acceleration is structural rather than pandemic-driven. Despite this growth profile, the stock traded at only 15x FY23 consensus earnings, which Baker argues reflects a consensus that is 'materially too low' because analysts are not properly crediting Target's omnichannel model — where physical stores function as fulfillment hubs — as a durable competitive advantage. The investment implication is a long position in TGT with a medium-term horizon, predicated on earnings estimates being revised significantly higher as the e-commerce flywheel compounds.",TGT,TGT,BAKER_NAMED,LONG,False,,4.37,16.77,34.05,52.05,64.16,0.44,-2.16,8.05,24.04,16.6,26.32,52.05,14.42,9.15,-3.68,-7.27,17.44,25.73,12.11,-13.99,-11.31,2.1,8.22,14.17,22.44,31.25,10.33,12.28,2.27,8.55,19.87,29.61,32.91,-9.89,-14.44
2021-08-09,SPAC structural analysis,2,3,TRUE,TRUE,FALSE,FALSE,TRUE,FALSE,FALSE,FALSE,FALSE,FALSE,FALSE,FALSE,first_hc_not_first_mention,high_conviction,"CNBC Sharpe Angle — SPAC market structure, PIPE financing dynamics, retail investor trends",PIPE investors have gained structural negotiating leverage and are extracting preferential terms from SPAC sponsors,"Baker argues that PIPE investors have gained significant structural negotiating leverage in the SPAC ecosystem as of mid-2021, fundamentally shifting the power dynamic between sponsors, targets, and capital providers. As SPACs became increasingly reliant on PIPE financing to remain competitive with traditional IPOs and direct listings — particularly for larger deals — PIPE investors began using their indispensable role to extract preferential terms. Baker observes it is now increasingly common for PIPE investors to renegotiate the valuation that the SPAC sponsor had already agreed upon with the target company, effectively inserting a new pricing layer into the deal process. Additionally, structured equity instruments combining common and preferred shares are being deployed to bridge valuation gaps and get deals done — a phenomenon Baker notes he is witnessing for the first time in the SPAC context. The investment implication is cautionary: SPAC deal economics are becoming more complex and less favorable to retail investors and target companies, suggesting deteriorating quality in the SPAC pipeline and potential headwinds for the broader SPAC market structure.",,,NO_BASKET,MIXED,False,,NO_BASKET,NO_BASKET,NO_BASKET,NO_BASKET,NO_BASKET,NO_BASKET,NO_BASKET,0.51,10.77,2.49,-17.06,-13.87,-6.13,13.9,NO_BASKET,NO_BASKET,NO_BASKET,NO_BASKET,NO_BASKET,NO_BASKET,NO_BASKET,1.99,6.31,1.84,-9.05,-5.64,-4.98,3.96,NO_BASKET,NO_BASKET,NO_BASKET,NO_BASKET,NO_BASKET,NO_BASKET,NO_BASKET
2021-09-13,Broad AI bullish / early innings,2,9,TRUE,FALSE,FALSE,FALSE,FALSE,FALSE,FALSE,FALSE,FALSE,FALSE,FALSE,FALSE,,high_conviction,The Market (themarket.ch) — The one thing that matters is inflation,Semiconductors represent a uniquely transformative technology with secular demand growth driven by AI,"Baker characterizes semiconductors as 'the closest thing to magic in the modern world,' expressing high structural conviction in the sector's long-term demand trajectory. He argues that secular demand growth in semiconductors is being driven by the accelerating adoption of AI across industries, which he views as a fundamental and durable tailwind rather than a cyclical phenomenon. The investment implication is a broad long-term bullish stance on the semiconductor sector, though Baker does not specify individual companies or sub-segments in this particular thesis excerpt. No specific numbers, price targets, or timeframes are cited beyond the general framing of long-term secular growth tied to AI adoption.",,,NO_BASKET,,False,"Never-a-trade theme: macro commentary regardless of mention number, NO_BASKET for all mentions (operator 2026-07-16).",NO_BASKET,NO_BASKET,NO_BASKET,NO_BASKET,NO_BASKET,NO_BASKET,NO_BASKET,-8.62,12.11,-12.52,-22.53,-25.07,-10.33,12.23,NO_BASKET,NO_BASKET,NO_BASKET,NO_BASKET,NO_BASKET,NO_BASKET,NO_BASKET,-2.59,5.75,-5.99,-15.2,-10.72,-10.82,3.95,NO_BASKET,NO_BASKET,NO_BASKET,NO_BASKET,NO_BASKET,NO_BASKET,NO_BASKET
2021-11-01,DISH / 5G bearish,1,2,FALSE,TRUE,TRUE,TRUE,FALSE,FALSE,TRUE,FALSE,FALSE,FALSE,FALSE,FALSE,first_with_tickers,high_conviction,"Graham & Doddsville (Columbia Business School) — Investor interview with Gavin Baker, CIO of Atreides Management (Issue 43, Fall 2021)",5G is not a meaningful enabler of new use cases and represents a cost treadmill for incumbents,"Baker argues that 5G is fundamentally different from prior generational wireless upgrades in that it enables no new 'killer application' — unlike 3G, which enabled the mobile internet and app ecosystems, and 4G, which enabled streaming services like Spotify and Netflix. He states flatly that '5G changes nothing at all,' characterizing it as a cost treadmill rather than a revenue opportunity: carriers must spend heavily on spectrum and infrastructure simply to maintain competitive position, not to unlock new monetizable use cases. At best, 5G marginally enables IoT deployments and allows mobile operators to compete at the margin with fixed-line broadband providers, neither of which represents a transformative revenue driver. The investment implication is structurally bearish on incumbent mobile operators, who face sustained elevated capex without a corresponding uplift in ARPU or addressable market, compressing long-term returns on invested capital.","T, VZ, TMUS","T, VZ, TMUS",OBVIOUS_UNIVERSE,SHORT,False,All mentions. He named the incumbents (T/VZ/TMUS) as 5G cost-treadmill victims -> SHORT.,8.76,1.63,-1.78,-4.68,-2.92,1.23,0.89,9.77,0.46,-13.38,-11.8,-30.79,-10.51,7.34,-1.01,1.17,11.6,7.12,27.87,11.74,-6.46,-2.07,-1.19,-8.89,-8.92,-15.15,-9.85,-3.45,10.83,2.83,7.11,4.24,12.23,11.08,4.34
2021-11-01,SpaceX ecosystem / Starship economics,1,13,FALSE,TRUE,TRUE,FALSE,FALSE,FALSE,TRUE,FALSE,FALSE,FALSE,FALSE,FALSE,first_with_tickers,moderate,"Graham & Doddsville (Columbia Business School) — Investor interview with Gavin Baker, CIO of Atreides Management (Issue 43, Fall 2021)",Starlink is a significant disruptor to leveraged telecom and broadband companies globally,"Baker argues that Starlink represents a major structural disruption to telecom and broadband companies globally, particularly those carrying significant leverage on their balance sheets. His thesis is that low-earth-orbit satellite broadband fundamentally undermines the competitive moat of fixed-line and rural broadband providers who have historically faced little competition, and that companies with high debt loads will be least able to respond or adapt. He developed this view during his crossover investing work in 2019-2020, citing publicly available information from SpaceX's Twitter presence and the SpaceX subreddit as sufficient to form the thesis. The investment implication is bearish on leveraged fixed-line, rural broadband, and legacy satellite broadband incumbents — companies like ViaSat and Hughes Network Systems parent EchoStar face direct service substitution, while heavily indebted wireline carriers face long-term subscriber erosion. Baker does not name specific short targets but frames this as a global, long-duration disruption thesis with the most acute risk concentrated in high-leverage operators.","VSAT, SATS, LUMN","VSAT, SATS, LUMN",BAKER_NAMED,SHORT,True,Nov-2021 Starlink-disruption thesis names VSAT/SATS/LUMN as victims. Only this SpaceX row; others keep retail proxy / NO_BASKET.,7.55,7.73,17.18,21.4,29.81,52.57,66.79,9.77,0.46,-13.38,-11.8,-30.79,-10.51,7.34,-2.22,7.27,30.55,33.2,60.6,63.07,59.45,-2.07,-1.19,-8.89,-8.92,-15.15,-9.85,-3.45,9.62,8.92,26.07,30.32,44.96,62.42,70.24
2021-11-01,Target / omnichannel retail,3,3,TRUE,FALSE,FALSE,FALSE,FALSE,FALSE,FALSE,FALSE,FALSE,FALSE,FALSE,FALSE,,high_conviction,"Graham & Doddsville (Columbia Business School) — Investor interview with Gavin Baker, CIO of Atreides Management (Issue 43, Fall 2021)","COVID permanently accelerated omni-channel retail, strongly favoring best-in-breed retailers with accessible store footprints","Baker argues that COVID permanently accelerated the shift to true omni-channel retail by forcing retailers to unify previously siloed e-commerce and store operations, a structural change he believes has years of upside remaining. Pre-COVID, merchant culture and ego caused retailers to resist buy-online-pickup-in-store (BOPIS) and similar integrations; the pandemic eliminated that resistance overnight. The winners, in Baker's view, are high-quality retailers that have invested in IT infrastructure, operate stores in accessible locations (along commute routes and open on weekends, not mall-based), and can dynamically price across fulfillment modes including ship-to-home, BOPIS, and same-day delivery. He notes that DTC brands opening physical stores validates the thesis that store presence lowers online customer acquisition costs, meaning fixed-cost store infrastructure can now be layered with additional revenue streams. The investment implication is to own best-in-breed omni-channel retailers with non-mall footprints while avoiding structurally disadvantaged mall-based retailers.","WMT, TGT, HD, LOW","WMT, TGT, HD, LOW",BAKER_NAMED,LONG,False,v4 review (CHANGE). Named all four,0.16,-4.01,-8.7,-18.89,-17.8,-16.22,-17.32,9.77,0.46,-13.38,-11.8,-30.79,-10.51,7.34,-9.61,-4.48,4.67,-7.09,13.0,-5.71,-24.66,-2.07,-1.19,-8.89,-8.92,-15.15,-9.85,-3.45,2.24,-2.82,0.19,-9.97,-2.65,-6.37,-13.87
2021-11-30,AI bubble not happening,1,4,FALSE,FALSE,TRUE,TRUE,FALSE,FALSE,FALSE,FALSE,FALSE,FALSE,FALSE,FALSE,,high_conviction,"VS Partners / Financial Times Global Seattle Symposium — Global technology investment: hype, hope, reality",SaaS companies have fundamentally better business models than dot-com era companies — current valuations are not bubble-like,"Baker argues that current large-cap technology valuations are not bubble-like when compared to the dot-com era, citing that today's giants trade at 20-25x earnings in the US and 15-20x in China versus 50-90x earnings during the dot-com peak. He contends that today's companies are fundamentally superior businesses, characterized by higher returns on invested capital, stronger competitive moats, and comparable growth trajectories to their dot-com predecessors. A key structural advantage he highlights is that mid-cap SaaS companies possess dial-like control over the growth-versus-margin tradeoff — the ability to deliberately modulate spending to shift between growth and profitability — a capability that simply did not exist for dot-com era companies. The investment implication is that investors should not reflexively avoid large-cap tech or SaaS on valuation grounds, as the multiple compression fear is overstated relative to the underlying business quality improvement. Baker frames this as a considered valuation framework rather than a passing observation, suggesting he is actively deploying capital in these names.",,,NO_BASKET,,False,"v4 review: NO_BASKET (removed from scored returns). Theme is macro commentary, never a specific trade",NO_BASKET,NO_BASKET,NO_BASKET,NO_BASKET,NO_BASKET,NO_BASKET,NO_BASKET,2.16,-11.57,-20.68,-29.25,-24.91,-2.53,7.47,NO_BASKET,NO_BASKET,NO_BASKET,NO_BASKET,NO_BASKET,NO_BASKET,NO_BASKET,4.89,-3.54,-9.49,-12.3,-9.16,-3.84,3.91,NO_BASKET,NO_BASKET,NO_BASKET,NO_BASKET,NO_BASKET,NO_BASKET,NO_BASKET
2021-11-30,ASML / semcap equipment criticality,2,2,TRUE,FALSE,FALSE,FALSE,FALSE,FALSE,FALSE,FALSE,FALSE,FALSE,FALSE,FALSE,,high_conviction,"VS Partners / Financial Times Global Seattle Symposium — Global technology investment: hype, hope, reality",Leading-edge semiconductor manufacturing is a critical geopolitical chokepoint — only 5 countries can do it,"Baker argues that leading-edge semiconductor manufacturing is a critical geopolitical chokepoint controlled by a small number of Western companies, making full US-China tech decoupling structurally very difficult. The thesis rests on the observation that advanced chip fabrication requires ASML's EUV lithography machines (the sole global supplier, based in the Netherlands) combined with process equipment from American firms Lam Research, KLA, and Applied Materials — without all of these, no country can manufacture leading-edge semiconductors. Baker emphasizes that even possessing the machines is insufficient; years of proprietary trial-and-error 'recipe' development are required to achieve viable yields, creating an additional non-replicable moat. The investment implication is that these four equipment companies occupy structurally irreplaceable positions in the global semiconductor supply chain, giving them durable pricing power and geopolitical insulation regardless of where fabs are built. No specific price targets or timeframes were cited, but Baker frames this as a long-term structural constraint on both geopolitics and competitive dynamics in semiconductors.","ASML, LRCX, KLAC, AMAT",ASML,BAKER_NAMED,LONG,False,,1.1,-17.2,-28.3,-37.53,-22.22,-6.85,-10.59,2.16,-11.57,-20.68,-29.25,-24.91,-2.53,7.47,-1.06,-5.63,-7.62,-8.28,2.69,-4.32,-18.06,4.89,-3.54,-9.49,-12.3,-9.16,-3.84,3.91,-3.79,-13.66,-18.8,-25.22,-13.07,-3.0,-14.5
2021-11-30,Broad AI bullish / early innings,3,9,TRUE,FALSE,FALSE,FALSE,FALSE,FALSE,FALSE,FALSE,FALSE,FALSE,FALSE,FALSE,,high_conviction,"VS Partners / Financial Times Global Seattle Symposium — Global technology investment: hype, hope, reality",AI is the dominant structural force in technology — scale of training data is the only thing that matters,"Baker argues that AI scaling laws represent the single most important structural force in technology for the next 20 years, with a specific quantitative claim: every order of magnitude increase in training data doubles AI model quality. This creates a self-reinforcing flywheel where companies with the largest proprietary datasets compound their AI advantages over time, making data moats the defining competitive barrier of the era. The investment implication is that large incumbent internet platforms — which have accumulated the most user-generated data — are structurally advantaged and will continue to dominate, with the strong getting stronger. Baker frames this as the key explanatory variable behind mega-cap internet dominance in both the US and China, suggesting investors should favor data-rich platform incumbents over challengers.",,,NO_BASKET,,False,"Never-a-trade theme: macro commentary regardless of mention number, NO_BASKET for all mentions (operator 2026-07-16).",NO_BASKET,NO_BASKET,NO_BASKET,NO_BASKET,NO_BASKET,NO_BASKET,NO_BASKET,2.16,-11.57,-20.68,-29.25,-24.91,-2.53,7.47,NO_BASKET,NO_BASKET,NO_BASKET,NO_BASKET,NO_BASKET,NO_BASKET,NO_BASKET,4.89,-3.54,-9.49,-12.3,-9.16,-3.84,3.91,NO_BASKET,NO_BASKET,NO_BASKET,NO_BASKET,NO_BASKET,NO_BASKET,NO_BASKET
2021-11-30,Crossover investing philosophy,1,3,FALSE,FALSE,TRUE,TRUE,FALSE,FALSE,FALSE,FALSE,FALSE,FALSE,FALSE,FALSE,,high_conviction,"VS Partners / Financial Times Global Seattle Symposium — Global technology investment: hype, hope, reality",Crossover investing (public + private) is the future of tech investing — will grow from 3-4% to 50%+ of private unicorn market cap,"Baker argues that crossover investing — where a single firm invests across both private and public technology markets — will grow from its current 3-4% share of private unicorn market cap to well over 50%, representing a fundamental structural shift in how technology investing is organized. He contends that all tech investors outside of seed/Series A/B stages will eventually become crossover investors, driven by the structural advantages crossover firms possess: evergreen capital that avoids forced selling, the ability to support companies continuously from private rounds through IPO and beyond, superior capacity to underwrite mega-cap disruption risk, and early visibility into technology stack trends gleaned from private portfolio companies. Baker further notes that private markets are effectively replacing small- and mid-cap public tech as an asset class, as companies now rarely go public below a $10 billion market cap, meaning the most attractive early growth phases are increasingly captured in private markets. The investment implication is structural: traditional long-only public equity tech funds face disintermediation, while crossover vehicles and firms with both private and public mandates are best positioned to capture value across the full company lifecycle. No specific publicly listed equities are the subject of or direct beneficiaries of this thesis, which is a macro view on market structure rather than a company-specific call.",,,NO_BASKET,LONG,False,,NO_BASKET,NO_BASKET,NO_BASKET,NO_BASKET,NO_BASKET,NO_BASKET,NO_BASKET,2.16,-11.57,-20.68,-29.25,-24.91,-2.53,7.47,NO_BASKET,NO_BASKET,NO_BASKET,NO_BASKET,NO_BASKET,NO_BASKET,NO_BASKET,4.89,-3.54,-9.49,-12.3,-9.16,-3.84,3.91,NO_BASKET,NO_BASKET,NO_BASKET,NO_BASKET,NO_BASKET,NO_BASKET,NO_BASKET
2021-11-30,DISH / 5G bearish,2,2,TRUE,FALSE,FALSE,FALSE,FALSE,FALSE,FALSE,FALSE,FALSE,FALSE,FALSE,FALSE,,high_conviction,"VS Partners / Financial Times Global Seattle Symposium — Global technology investment: hype, hope, reality",5G is the most overhyped technology trend — it enables no new applications unlike 3G or 4G,"Baker argues that 5G is the most overhyped technology trend of the current cycle, contrasting it sharply with 3G and 4G, which enabled genuinely transformative new applications — 3G unlocked the mobile internet and 4G enabled streaming services like Spotify and Netflix. He contends that 5G enables no fundamentally new applications: IoT, the most commonly cited use case, does not require 5G beyond what 4G already provides. As a result, the massive capex being spent by telecom operators and handset manufacturers is purely defensive — necessary to remain competitive but incapable of generating new revenue streams or growth. Baker frames this as a consensus-defying view held against generalist investors and journalists who have uncritically accepted the 5G hype narrative, and implies the investment implication is to be skeptical of 5G-themed investment theses and the growth premiums attached to companies marketed as 5G beneficiaries.",,"T, VZ, TMUS",OBVIOUS_UNIVERSE,SHORT,False,All mentions. He named the incumbents (T/VZ/TMUS) as 5G cost-treadmill victims -> SHORT.,-6.52,-10.53,-18.87,-8.66,-13.71,2.33,-12.96,2.16,-11.57,-20.68,-29.25,-24.91,-2.53,7.47,-8.68,1.04,1.81,20.59,11.2,4.86,-20.43,4.89,-3.54,-9.49,-12.3,-9.16,-3.84,3.91,-11.41,-6.99,-9.38,3.65,-4.55,6.18,-16.87
2021-11-30,Metaverse / gaming as platform,4,5,TRUE,FALSE,FALSE,FALSE,FALSE,FALSE,FALSE,FALSE,FALSE,FALSE,FALSE,FALSE,,moderate,"VS Partners / Financial Times Global Seattle Symposium — Global technology investment: hype, hope, reality",The metaverse is a real long-term trend — majority of people will spend majority of waking hours in virtual worlds,"Baker argues that the metaverse represents a genuine long-term structural trend, predicting that a majority of people will eventually spend a majority of their waking hours in virtual worlds. He grounds this view in anticipated advances in computing power, software, and ultimately brain-computer interfaces, invoking the concept of 'reality privilege' — the idea that only those with access to exceptional physical-world experiences will prefer reality over virtual alternatives. His timeline is explicitly 50 years, making this a generational thesis rather than a near-term trade. Critically, Baker acknowledges significant uncertainty about which companies will lead this transition, stating directly 'I'm not sure who is going to usher it in,' which means no specific investment vehicle is implied with confidence. Given the 50-year horizon, the acknowledged uncertainty about winners, and the absence of any company-specific claims, no actionable ticker-level thesis can be derived from this view.",,"ATVI, EA, TTWO",BAKER_NAMED,LONG,False,"All mentions. RBLX removed — not public until 2021-03-10, cannot anchor 2020 returns.",10.86,13.41,6.88,3.77,-1.11,8.31,3.76,2.16,-11.57,-20.68,-29.25,-24.91,-2.53,7.47,8.7,24.97,27.56,33.02,23.8,10.84,-3.71,4.89,-3.54,-9.49,-12.3,-9.16,-3.84,3.91,5.97,16.95,16.38,16.07,8.05,12.15,-0.15
2021-11-30,Private market structural shift,1,1,FALSE,FALSE,TRUE,TRUE,FALSE,FALSE,FALSE,FALSE,FALSE,FALSE,FALSE,FALSE,,high_conviction,"VS Partners / Financial Times Global Seattle Symposium — Global technology investment: hype, hope, reality",Crossover investing (public + private) is the future of tech investing — will grow from 3-4% to 50%+ of private unicorn market cap,"Baker argues that crossover investing — where a single firm invests across both private and public technology markets — will grow from its current 3-4% share of private unicorn market cap to well over 50%, representing a fundamental structural shift in how technology investing is organized. He contends that all tech investors outside of seed/Series A/B stages will eventually become crossover investors, driven by the structural advantages crossover firms possess: evergreen capital that avoids forced selling, the ability to support companies continuously from private rounds through IPO and beyond, superior capacity to underwrite mega-cap disruption risk, and early visibility into technology stack trends gleaned from private portfolio companies. Baker further notes that private markets are effectively replacing small- and mid-cap public tech as an asset class, as companies now rarely go public below a $10 billion market cap, meaning the most attractive early growth phases are increasingly captured in private markets. The investment implication is structural: traditional long-only public equity tech funds face disintermediation, while crossover vehicles and firms with both private and public mandates are best positioned to capture value across the full company lifecycle. No specific publicly listed equities are the subject of or direct beneficiaries of this thesis, which is a macro view on market structure rather than a company-specific call.",,,NO_BASKET,LONG,False,,NO_BASKET,NO_BASKET,NO_BASKET,NO_BASKET,NO_BASKET,NO_BASKET,NO_BASKET,2.16,-11.57,-20.68,-29.25,-24.91,-2.53,7.47,NO_BASKET,NO_BASKET,NO_BASKET,NO_BASKET,NO_BASKET,NO_BASKET,NO_BASKET,4.89,-3.54,-9.49,-12.3,-9.16,-3.84,3.91,NO_BASKET,NO_BASKET,NO_BASKET,NO_BASKET,NO_BASKET,NO_BASKET,NO_BASKET
2021-11-30,Scaling laws intact,1,8,FALSE,FALSE,TRUE,TRUE,FALSE,FALSE,FALSE,FALSE,FALSE,FALSE,FALSE,FALSE,,high_conviction,"VS Partners / Financial Times Global Seattle Symposium — Global technology investment: hype, hope, reality",AI-driven scaling laws will dramatically increase semiconductor intensity of the global economy,"Baker argues that AI scaling laws will structurally increase the semiconductor intensity of the global economy, meaning semiconductors will represent a growing share of total economic activity and capital expenditure. His reasoning is grounded in the technical requirements of training large AI models, which demand three core inputs: compute, memory, and high-bandwidth networking/interconnect to move data between compute and memory — all of which are semiconductor-driven. As AI models continue to scale in size and complexity, Baker sees this as a durable, multi-year structural tailwind for the entire semiconductor ecosystem rather than a cyclical upturn. The investment implication is broad exposure to semiconductors across compute, memory, and networking subsectors, though Baker does not name specific companies in this segment of the thesis. He frames this as a direct logical consequence of his core AI scaling law conviction, summarized in his phrase that 'the semiconductor intensity of the world is going to go up a lot.'",,,NO_BASKET,,False,v4 review (STEVE). Steve: no basket,NO_BASKET,NO_BASKET,NO_BASKET,NO_BASKET,NO_BASKET,NO_BASKET,NO_BASKET,2.16,-11.57,-20.68,-29.25,-24.91,-2.53,7.47,NO_BASKET,NO_BASKET,NO_BASKET,NO_BASKET,NO_BASKET,NO_BASKET,NO_BASKET,4.89,-3.54,-9.49,-12.3,-9.16,-3.84,3.91,NO_BASKET,NO_BASKET,NO_BASKET,NO_BASKET,NO_BASKET,NO_BASKET,NO_BASKET
2021-11-30,SpaceX ecosystem / Starship economics,2,13,TRUE,TRUE,FALSE,FALSE,TRUE,FALSE,FALSE,FALSE,FALSE,FALSE,FALSE,FALSE,first_hc_not_first_mention,high_conviction,"VS Partners / Financial Times Global Seattle Symposium — Global technology investment: hype, hope, reality",SpaceX / Starlink is the only investable space company — dramatically lower launch costs will reshape the world,"Baker argues that SpaceX is so dominant in rocket technology that it represents the only credible investable space company, with no meaningful second option — a view he states explicitly as 'there is SpaceX and then there's really no one else.' His reasoning centers on SpaceX's dramatic reduction in launch costs, which he sees as the foundational enabler for a cascade of downstream applications: Starlink's low-earth-orbit satellite broadband bringing high-quality internet to billions of underserved people globally, and longer-term applications like point-to-point hypersonic cargo and passenger travel (e.g., New York to Shanghai in approximately 30 minutes). Baker frames the space sector as a 100-150 year civilizational journey toward a multi-planetary species, with profound economic implications including asteroid mining and resource extraction. The critical investment constraint he acknowledges is that SpaceX and Starlink are both private companies, meaning there is no direct public equity expression of this thesis available to most investors.","SpaceX, Starlink",,NO_BASKET,,True,"v4 review: NO_BASKET (removed from scored returns). Private/macro, agree with model",NO_BASKET,NO_BASKET,NO_BASKET,NO_BASKET,NO_BASKET,NO_BASKET,NO_BASKET,2.16,-11.57,-20.68,-29.25,-24.91,-2.53,7.47,NO_BASKET,NO_BASKET,NO_BASKET,NO_BASKET,NO_BASKET,NO_BASKET,NO_BASKET,4.89,-3.54,-9.49,-12.3,-9.16,-3.84,3.91,NO_BASKET,NO_BASKET,NO_BASKET,NO_BASKET,NO_BASKET,NO_BASKET,NO_BASKET
2021-11-30,Tesla / EV / FSD,1,1,FALSE,TRUE,TRUE,TRUE,FALSE,FALSE,TRUE,FALSE,FALSE,FALSE,FALSE,FALSE,first_with_tickers,high_conviction,"VS Partners / Financial Times Global Seattle Symposium — Global technology investment: hype, hope, reality","EV SPACs are worthless — no hope of competing against Tesla, Chinese EV leaders, or legacy OEM incumbents","Baker argues that EV SPACs are fundamentally worthless businesses with no realistic path to competing in the electric vehicle market, dismissing them as 'silly companies' and 'not real companies.' His core reasoning is that the competitive landscape is already locked up by three dominant forces: Tesla in the US and globally, strong Chinese EV manufacturers, and legacy OEM incumbents who are rapidly electrifying their fleets. He emphasizes that manufacturing EVs at scale is extraordinarily difficult — designing a prototype is easy, but achieving production scale is a different problem entirely — meaning that capital infusions from SPAC deals cannot solve the underlying operational complexity. The investment implication is to avoid EV SPAC names entirely, as meme-stock reflexivity that might prop up other speculative names is insufficient to rescue companies facing insurmountable manufacturing and competitive barriers. Baker notes he has stated this view publicly many times, suggesting high conviction and a durable short or avoid thesis rather than a tactical call.",TSLA,"TSLA, LCID(short), RIVN(short)",PAIR_TRADE,PAIR_TRADE,False,v4 review (STEVE). Steve: short LCID/RIVN long TSLA,PAIR_TRADE,PAIR_TRADE,PAIR_TRADE,PAIR_TRADE,PAIR_TRADE,PAIR_TRADE,PAIR_TRADE,2.16,-11.57,-20.68,-29.25,-24.91,-2.53,7.47,PAIR_TRADE,PAIR_TRADE,PAIR_TRADE,PAIR_TRADE,PAIR_TRADE,PAIR_TRADE,PAIR_TRADE,4.89,-3.54,-9.49,-12.3,-9.16,-3.84,3.91,PAIR_TRADE,PAIR_TRADE,PAIR_TRADE,PAIR_TRADE,PAIR_TRADE,PAIR_TRADE,PAIR_TRADE
2021-12-03,Crypto / Coinbase (COIN),1,2,FALSE,TRUE,TRUE,TRUE,FALSE,FALSE,TRUE,TRUE,FALSE,FALSE,FALSE,FALSE,"first_with_tickers, hc_high_profile_venue",high_conviction,Sohn Hearts & Minds Australia 2021 — Stock pick: Coinbase (COIN) — Coinbase Cloud as the AWS of crypto / web3 infra,Coinbase Cloud is the AWS of crypto — a foundational web3 infrastructure layer with 20-30 year compounding potential,"Baker argues that Coinbase's primary long-term value driver is not its trading exchange but rather Coinbase Cloud, which he frames as the foundational infrastructure and developer tooling layer for web3 application development — the direct analogue to what AWS became for web2 cloud computing. He contends that programmable blockchains open a vastly larger and more disruptive design space than the prior decade's cloud, AI, and SaaS cycle, justifying a 20-30 year compounding horizon for the thesis. The investment implication is a long position in COIN as a high-conviction, single-stock pick presented at the Sohn Hearts & Minds conference, with the core bet being on Coinbase Cloud capturing developer mindshare and infrastructure spend across multiple blockchains rather than on near-term trading revenue. Baker explicitly de-emphasizes the exchange business as the primary value driver, instead positioning COIN as a picks-and-shovels infrastructure play on the entire web3 ecosystem.",COIN,COIN,SOHN_AU_2021_PICK,LONG,False,,-5.83,-39.34,-73.4,-76.37,-82.68,-79.95,-49.32,4.81,-19.0,-19.24,-31.4,-26.15,-2.42,6.35,-10.65,-20.34,-54.16,-44.97,-56.53,-77.53,-55.68,5.69,-7.17,-8.58,-12.87,-10.54,-3.7,3.42,-11.53,-32.17,-64.82,-63.49,-72.15,-76.25,-52.74
2022-01-25,Metaverse / gaming as platform,5,5,TRUE,FALSE,FALSE,FALSE,FALSE,FALSE,FALSE,FALSE,FALSE,FALSE,FALSE,FALSE,,moderate,Invest Like the Best — The cyclone under the surface (EP.260),"The metaverse is real and coming, but today's true metaverses are video games (Roblox, Fortnite, World of Warcraft, Destiny, Minecraft)","Baker argues that the metaverse is a real and meaningful long-term trend but that the term has become overhyped and misapplied — the true metaverses already exist today in the form of video games like Roblox, Fortnite, World of Warcraft, Destiny, and Minecraft, where real commerce occurs and people genuinely live digital lives. He contends that investors should look past the branding noise and recognize that gaming platforms are the foundational infrastructure of the metaverse concept. Baker is specifically excited about PlayStation VR and Apple's forthcoming headset as hardware catalysts that will accelerate the convergence of VR and AR into a unified XR paradigm. He further argues that mobile OS platform owners — Apple and Google — hold profound structural advantages in the metaverse transition because they control the software and distribution layers that any XR ecosystem will depend on. The investment implication is long-term and directional: favor gaming platforms with existing metaverse-like ecosystems (Roblox, Minecraft/Microsoft) and mobile OS gatekeepers (Apple, Google) over companies that are merely branding themselves as metaverse plays.","RBLX, MSFT, AAPL, GOOGL, SNE","ATVI, EA, TTWO",BAKER_NAMED,LONG,False,"All mentions. RBLX removed — not public until 2021-03-10, cannot anchor 2020 returns.",0.94,-9.28,-4.98,-10.32,-11.37,6.51,6.56,0.92,-13.51,-12.09,-28.16,-7.84,22.82,46.64,0.03,4.23,7.11,17.83,-3.53,-16.31,-40.08,-1.42,-3.93,-7.01,-10.38,-5.33,7.68,16.65,2.37,-5.35,2.03,0.05,-6.04,-1.17,-10.1
2022-03-25,AI bubble not happening,2,4,TRUE,FALSE,FALSE,FALSE,FALSE,FALSE,FALSE,FALSE,FALSE,FALSE,FALSE,FALSE,,high_conviction,On The Tape / RiskReversal — Fear is the market killer,"Current tech environment is fundamentally different from 2000 bubble — real revenues, real FCF, no capex bubble, no excess capacity","Baker argues that the 2022 tech selloff is fundamentally different from the 2000 dot-com bust because today's technology companies have real revenues, real earnings, and real free cash flow — unlike 2000-era companies that were built on unproven ideas with no fundamentals. He contends the 2000 bubble was specifically enabled by a telecom capex bubble that created 15-20 years of excess fiber and network capacity, which depressed returns for over a decade. By contrast, today's cloud computing is a consumption model where hyperscalers build only 6 months ahead of demand, and if they stopped investing entirely, they would exhaust capacity within 12-24 months — meaning there is no excess capacity overhang. The investment implication is that the current tech drawdown is a valuation reset, not a structural collapse, and that high-quality tech and cloud companies with real cash flows should be bought rather than avoided. Baker presents this as a contrarian view against those drawing 2000 analogies to justify bearishness on the sector.",,,NO_BASKET,,False,"v4 review: NO_BASKET (removed from scored returns). Theme is macro commentary, never a specific trade",NO_BASKET,NO_BASKET,NO_BASKET,NO_BASKET,NO_BASKET,NO_BASKET,NO_BASKET,-16.97,-21.75,-30.94,-25.26,-8.2,4.31,66.29,NO_BASKET,NO_BASKET,NO_BASKET,NO_BASKET,NO_BASKET,NO_BASKET,NO_BASKET,-8.08,-13.79,-18.84,-14.31,-11.13,-3.6,19.21,NO_BASKET,NO_BASKET,NO_BASKET,NO_BASKET,NO_BASKET,NO_BASKET,NO_BASKET
2022-03-25,Crossover investing philosophy,2,3,TRUE,FALSE,FALSE,FALSE,FALSE,FALSE,FALSE,FALSE,FALSE,FALSE,FALSE,FALSE,,high_conviction,On The Tape / RiskReversal — Fear is the market killer,Private market valuations are adjusting in real-time with a shorter lag than historical 6-9 months due to more crossover investors,"Baker argues that the traditional 6-9 month lag between public market multiple compression and private market valuation adjustments has collapsed due to the proliferation of crossover investors who participate in both markets simultaneously. Because crossover funds mark their private holdings to market in real time and are acutely aware of public comparables, private valuations are adjusting far more rapidly in the current downturn than in prior cycles. Baker states that VCs and founders have moved well past the denial stage of grief and that the environment is particularly harsh for companies with only 3-6 months of cash runway that are already missing their operating plans. He warns that full recapitalizations — not merely down rounds — are beginning to occur, signaling a more severe reset than a simple price haircut. The investment implication is that private market stress is acute and accelerating, with no specific public equity as a direct subject or beneficiary of this structural observation.",,,NO_BASKET,LONG,False,,NO_BASKET,NO_BASKET,NO_BASKET,NO_BASKET,NO_BASKET,NO_BASKET,NO_BASKET,-16.97,-21.75,-30.94,-25.26,-8.2,4.31,66.29,NO_BASKET,NO_BASKET,NO_BASKET,NO_BASKET,NO_BASKET,NO_BASKET,NO_BASKET,-8.08,-13.79,-18.84,-14.31,-11.13,-3.6,19.21,NO_BASKET,NO_BASKET,NO_BASKET,NO_BASKET,NO_BASKET,NO_BASKET,NO_BASKET
2022-03-25,Crypto / Coinbase (COIN),2,2,TRUE,FALSE,FALSE,FALSE,FALSE,FALSE,FALSE,FALSE,FALSE,FALSE,FALSE,FALSE,,moderate,On The Tape / RiskReversal — Fear is the market killer,Web3 infrastructure layer is the most attractive area within crypto/Web3 investing,"Baker argues that within the Web3 and crypto investment landscape, the infrastructure and tooling layer represents the most attractive opportunity, framing it as analogous to the picks-and-shovels plays of prior technology cycles. He reasons that much of Web3 is essentially recreating today's dominant internet companies in a more decentralized form, and that significant infrastructure — including specialized blockchain tooling and developer platforms — must be built to enable that transition. Baker characterizes these infrastructure plays as 'more traditional tech plays,' suggesting they may be more accessible to conventional equity investors than pure cryptocurrency speculation. He does not name specific companies or tokens, and no timeframe or price targets are cited, leaving the thesis as a directional preference rather than a specific actionable call.",,COIN,SOHN_AU_2021_PICK,LONG,False,,-31.9,-70.03,-66.64,-80.99,-66.24,-61.69,42.0,-16.97,-21.75,-30.94,-25.26,-8.2,4.31,66.29,-14.93,-48.28,-35.7,-55.74,-58.03,-66.01,-24.29,-8.08,-13.79,-18.84,-14.31,-11.13,-3.6,19.21,-23.82,-56.24,-47.8,-66.68,-55.11,-58.1,22.79
2022-03-25,Inflation macro framework,1,2,FALSE,FALSE,TRUE,TRUE,FALSE,FALSE,FALSE,FALSE,FALSE,FALSE,FALSE,FALSE,,high_conviction,On The Tape / RiskReversal — Fear is the market killer,Supply chain-driven inflation is largely over; capitalism solves these problems quickly,"Baker argues that the supply chain component of inflation — driven by COVID-era disruptions to goods production and logistics — is essentially over as of early 2022, expressing high confidence in this view. His reasoning is rooted in capitalism's historical track record of rapidly solving supply shortages: when prices rise, producers invest, capacity expands, and imbalances correct quickly. He breaks inflation into distinct components to make the point that not all inflation is equal, and that conflating supply chain normalization with other inflationary drivers (e.g., energy, wages) leads to overly pessimistic macro conclusions. The investment implication is that markets pricing in persistent goods inflation are likely wrong, though Baker does not name specific equities as beneficiaries or victims of this dynamic in this segment.",,,NO_BASKET,MIXED,False,,NO_BASKET,NO_BASKET,NO_BASKET,NO_BASKET,NO_BASKET,NO_BASKET,NO_BASKET,-16.97,-21.75,-30.94,-25.26,-8.2,4.31,66.29,NO_BASKET,NO_BASKET,NO_BASKET,NO_BASKET,NO_BASKET,NO_BASKET,NO_BASKET,-8.08,-13.79,-18.84,-14.31,-11.13,-3.6,19.21,NO_BASKET,NO_BASKET,NO_BASKET,NO_BASKET,NO_BASKET,NO_BASKET,NO_BASKET
2022-04-08,Inflation macro framework,2,2,TRUE,FALSE,FALSE,FALSE,FALSE,FALSE,FALSE,FALSE,FALSE,FALSE,FALSE,FALSE,,high_conviction,"The Market (themarket.ch) — There is no playbook; inflation, tech earnings power",Inflation is the single most important variable for financial markets in 2022,"Baker argues that inflation is the single most important variable for financial markets in 2022, functioning as the dominant macro driver whose trajectory will determine the path for equities broadly and technology stocks specifically. He contends that no prior historical playbook exists for navigating the current inflationary environment when combined with post-pandemic dynamics, making the situation uniquely difficult to model. The investment implication is that investors must monitor inflation above all other variables when positioning across asset classes, particularly in growth and technology equities, which are most sensitive to rate changes driven by inflation. Baker does not point to a specific directional trade but frames inflation trajectory as the gating factor for any equity market recovery or further drawdown in 2022.",,,NO_BASKET,MIXED,False,,NO_BASKET,NO_BASKET,NO_BASKET,NO_BASKET,NO_BASKET,NO_BASKET,NO_BASKET,-8.2,-17.54,-26.15,-10.24,2.56,24.08,81.92,NO_BASKET,NO_BASKET,NO_BASKET,NO_BASKET,NO_BASKET,NO_BASKET,NO_BASKET,-10.83,-14.54,-18.88,-11.59,-7.29,-0.14,17.75,NO_BASKET,NO_BASKET,NO_BASKET,NO_BASKET,NO_BASKET,NO_BASKET,NO_BASKET
2023-04-21,SpaceX ecosystem / Starship economics,3,13,TRUE,FALSE,FALSE,FALSE,FALSE,FALSE,FALSE,FALSE,FALSE,FALSE,FALSE,FALSE,,speculative,"All-In Podcast — E125: SpaceX Starship launch, Fox News settlement, AI/Reddit",Starship disrupts trans-Pacific and trans-Atlantic air cargo routes within 5-10 years,"Baker argues that SpaceX's Starship, once it achieves full reusability and sufficient fleet scale, will render trans-Pacific and trans-Atlantic air cargo routes economically obsolete through point-to-point suborbital transport. He explicitly states 'there will be no more trans-pacific or transatlantic cargo flights,' framing this as a structural disruption rather than incremental competition. The investment implication is bearish on long-haul air freight incumbents, particularly integrated carriers like FedEx and UPS whose international express networks depend on these routes. Baker acknowledges the thesis is contingent on a large Starship fleet being built out, and offers a wide timeframe of 5-10 years, making this highly speculative and dependent on SpaceX execution that cannot be traded via public markets. Notably, SpaceX itself is private, so there is no direct public equity beneficiary of this thesis — only potential losers among listed air freight operators.","FDX, UPS","RKLB, SPCE, RDW",RETAIL_PROXY,LONG,True,,17.43,34.5,-21.23,-5.26,-18.04,95.37,212.3,7.26,23.96,14.44,53.14,68.36,103.92,72.5,10.17,10.54,-35.67,-58.4,-86.4,-8.55,139.8,1.6,10.6,2.92,18.96,24.45,44.47,37.24,15.84,23.9,-24.15,-24.22,-42.49,50.91,175.05
2023-06-19,Nvidia GPU moat / CUDA ecosystem,2,9,TRUE,FALSE,FALSE,FALSE,FALSE,FALSE,FALSE,FALSE,FALSE,FALSE,FALSE,FALSE,,moderate,"This Week in Startups — AI platform shift, Nvidia outlook, extinction risk","Nvidia has dominated data center GPU market for a decade, but may finally begin to lose some share — though the overall market is exploding so absolute revenues likely still grow.","Baker argues that Nvidia has dominated the data center GPU market for roughly a decade, with competitors consistently failing to gain traction — a graveyard he colorfully describes using the 'Water of Life' metaphor from Dune. He acknowledges that, for the first time, there are credible reasons to believe Nvidia may begin to lose some market share, citing the emergence of more serious alternative chip efforts. However, he contextualizes this view within a massively expanding total addressable market for AI compute, suggesting that even modest share loss would not necessarily translate into declining absolute revenues for Nvidia. The thesis is a moderate-conviction structural observation rather than a bearish call, and Baker stops short of naming specific share-takers or providing precise market share or revenue figures.",NVDA,NVDA,BAKER_NAMED,LONG,False,"v4 review: trade continuation, basket locked. Established trade, continuation mention",3.91,-0.65,14.33,106.34,198.62,194.39,237.82,0.09,-4.46,14.1,45.66,77.01,59.28,79.53,3.82,3.81,0.23,60.68,121.61,135.11,158.29,3.43,1.62,8.78,20.33,26.46,36.4,42.49,0.48,-2.27,5.55,86.0,172.16,158.0,195.33
2024-01-30,Scaling laws intact,2,8,TRUE,TRUE,FALSE,FALSE,FALSE,FALSE,TRUE,TRUE,FALSE,FALSE,FALSE,FALSE,"first_with_tickers, hc_high_profile_venue",high_conviction,"iConnections Global Alts 2024 — Industry titans panel: AI, growth/crossover investing","AI scaling laws entrench hyperscale incumbents, making most standalone frontier model companies worthless","Baker argues that AI scaling laws — which require roughly 10x more compute and data to double algorithmic performance — structurally favor the largest hyperscale incumbents and will render nearly all standalone frontier model companies worthless over the medium term. The core reasoning is that only companies with massive compute infrastructure, proprietary data at scale, and large distribution networks for reinforcement learning from human feedback (RLHF) can sustain frontier model development; without these, smaller model companies cannot compete. Baker identifies Google, Microsoft/OpenAI, and xAI/Twitter as the hyperscale winners, while also noting that high-quality open-source models will further squeeze standalone frontier model companies from below. The investment implication is to own the hyperscale incumbents with compute, data, and distribution moats, and to avoid or short standalone frontier model companies (most of which are private), as Baker states with high conviction that 'almost all are going to be zeros.' This view has been held for multiple years and was explicitly endorsed by fellow panelist Gracias during the discussion.","GOOGL, MSFT",,NO_BASKET,,False,v4 review (STEVE). Steve: no basket,NO_BASKET,NO_BASKET,NO_BASKET,NO_BASKET,NO_BASKET,NO_BASKET,NO_BASKET,12.39,13.52,30.97,36.23,29.75,54.56,112.46,NO_BASKET,NO_BASKET,NO_BASKET,NO_BASKET,NO_BASKET,NO_BASKET,NO_BASKET,3.5,2.58,12.92,19.63,24.17,31.01,43.94,NO_BASKET,NO_BASKET,NO_BASKET,NO_BASKET,NO_BASKET,NO_BASKET,NO_BASKET
2024-02-23,Humanoid robotics / Tesla Optimus,1,6,FALSE,FALSE,TRUE,FALSE,FALSE,FALSE,FALSE,FALSE,FALSE,FALSE,FALSE,FALSE,,moderate,FII Institute — Rise of the Gigafirm: next trillion-dollar tech company (panel),"AI + humanoid robots will have an immense deflationary impact on blue-collar and manual labor, dwarfing the impact on white-collar work","Baker argues that the combination of large language models with functional humanoid robots will have a far greater deflationary impact on blue-collar and manual labor than AI's well-publicized effect on white-collar knowledge work. He contends that while most commentary has focused on AI displacing office workers and professionals, the physical automation of manual tasks represents a structurally larger labor market disruption given the sheer scale of blue-collar employment globally. Baker suggests that current inflation concerns may look absurd in hindsight once this deflationary tidal wave materializes, implying a long-term secular disinflationary macro backdrop. The thesis is forward-looking and structural rather than near-term, with no specific timeframe cited, but reflects high conviction that humanoid robotics will be a defining economic force. The investment implication is to watch companies developing humanoid robot platforms, though Baker does not name specific beneficiaries explicitly in this segment.",,TSLA,BAKER_NAMED,LONG,False,"v4 review: trade continuation, basket locked. Established trade, continuation mention",-10.07,-9.5,14.77,76.92,51.48,82.11,109.67,8.85,14.96,19.06,17.97,17.39,43.31,96.26,-18.92,-24.45,-4.3,58.96,34.09,38.8,13.41,2.67,3.89,11.39,18.0,18.57,29.73,38.42,-12.74,-13.38,3.38,58.92,32.91,52.38,71.25
2024-02-23,Power / watts as binding constraint,2,6,TRUE,TRUE,FALSE,FALSE,TRUE,FALSE,FALSE,FALSE,FALSE,FALSE,FALSE,FALSE,first_hc_not_first_mention,high_conviction,FII Institute — Rise of the Gigafirm: next trillion-dollar tech company (panel),"Power availability will become the binding constraint for AI infrastructure, replacing GPU availability","Baker argues that the primary bottleneck for AI infrastructure is in the process of shifting from GPU availability to power availability, representing a structural transition in what constrains AI buildout. He contends that AI's rapidly growing power demands could produce a global power shortage within a few years, making energy access — not compute access — the defining limit on AI scaling. The investment implication is that companies providing power generation, transmission, or energy efficiency solutions for datacenters stand to benefit, while GPU-centric narratives may be overstated as the binding constraint. Baker also highlights improving GPU utilization as a key mitigation strategy, suggesting that software and systems optimizing compute efficiency could partially offset power constraints. No specific numeric power figures or named companies were cited in this thesis segment.",,"VST, CEG",BAKER_NAMED,LONG,False,"v4 review: trade continuation, basket locked. Established trade, continuation mention",43.49,81.89,61.89,167.42,155.44,221.99,206.27,8.85,14.96,19.06,17.97,17.39,43.31,96.26,34.64,66.94,42.83,149.45,138.05,178.68,110.01,2.67,3.89,11.39,18.0,18.57,29.73,38.42,40.82,78.0,50.5,149.42,136.87,192.26,167.85
2024-07-01,AI networking (Ethernet/InfiniBand),1,3,FALSE,TRUE,TRUE,TRUE,FALSE,FALSE,TRUE,FALSE,FALSE,FALSE,FALSE,FALSE,first_with_tickers,high_conviction,"Thematic Investors — Blending sci-fi, history and literature","GPU utilization is the single most important metric for AI model training competitiveness; storage, memory, and networking are the key bottlenecks","Baker argues that GPU utilization is the single most important metric for evaluating AI model training competitiveness, and that it is currently severely constrained by mismatched infrastructure scaling. He uses a restaurant analogy to illustrate that GPUs (the 'head chef') have improved roughly 50x in performance over 4-5 years while the surrounding data center components — storage, memory, and networking — have only improved approximately 4x, causing GPUs to sit idle, wasting power and depreciating capital. The investment implication is that companies solving these bottlenecks in storage, memory, and networking will be the primary beneficiaries of the AI infrastructure buildout, as they directly enable higher GPU utilization, better model quality, faster time-to-market, and lower training costs. Baker states this is his 'number one metric' and has positioned both his public and private portfolios around it, indicating high conviction in this structural infrastructure thesis.","MU, WDC, STX, ANET",ANET,BAKER_NAMED,LONG,False,,-2.85,7.6,24.98,-10.11,14.96,49.82,86.67,-5.37,-5.96,-5.85,-17.61,9.14,44.1,124.45,2.53,13.56,30.83,7.5,5.82,5.72,-37.79,1.0,5.53,8.56,4.5,16.1,27.56,40.36,-3.85,2.07,16.42,-14.61,-1.13,22.25,46.31
2024-07-01,Broad AI bullish / early innings,4,9,TRUE,FALSE,FALSE,FALSE,FALSE,FALSE,FALSE,FALSE,FALSE,FALSE,FALSE,FALSE,,high_conviction,"Thematic Investors — Blending sci-fi, history and literature",We are extremely early in the AI cycle — analogous to 1996 of the internet era — making high-confidence application-layer predictions premature,"Baker argues that we are in the very early innings of the AI investment cycle, drawing a direct analogy to 1996 of the internet era — approximately two years after Netscape Navigator's launch — and that this timing makes high-confidence predictions about application-layer winners essentially impossible. He cites a statistic from Chase Coleman that less than 2% of today's internet market cap was founded in the two years immediately following Netscape Navigator's release, implying that the transformative AI-native companies analogous to Google, Facebook, and Uber have not yet been founded. The reasoning is structural: just as investors in 1996 could not have identified the dominant internet application companies, investors today cannot reliably identify which AI application-layer companies will capture the most value. The investment implication is one of epistemic humility — Baker is cautioning against overconfidence in application-layer bets at this stage, while implicitly suggesting that infrastructure-layer plays (the 'picks and shovels' of the AI era) may be more identifiable and defensible. No specific tickers are named or clearly implied by this thesis, as its core message is precisely that the winners are unknowable.",,,NO_BASKET,,False,"Never-a-trade theme: macro commentary regardless of mention number, NO_BASKET for all mentions (operator 2026-07-16).",NO_BASKET,NO_BASKET,NO_BASKET,NO_BASKET,NO_BASKET,NO_BASKET,NO_BASKET,-5.37,-5.96,-5.85,-17.61,9.14,44.1,124.45,NO_BASKET,NO_BASKET,NO_BASKET,NO_BASKET,NO_BASKET,NO_BASKET,NO_BASKET,1.0,5.53,8.56,4.5,16.1,27.56,40.36,NO_BASKET,NO_BASKET,NO_BASKET,NO_BASKET,NO_BASKET,NO_BASKET,NO_BASKET
2024-07-01,Frontier model concentration,1,4,FALSE,TRUE,TRUE,TRUE,FALSE,FALSE,TRUE,FALSE,FALSE,FALSE,FALSE,FALSE,first_with_tickers,high_conviction,"Thematic Investors — Blending sci-fi, history and literature","Only four foundation model companies have a realistic chance of winning: Google, Meta, xAI, and OpenAI/Microsoft — all others will fail or be acquired at preference","Baker argues that the foundation model layer of AI will consolidate to exactly four winners — Google, Meta, xAI, and OpenAI/Microsoft — and that all other foundation model startups have zero chance of succeeding independently. His reasoning centers on three compounding moats that only these four possess simultaneously: (1) unique and proprietary data at scale, (2) effectively unlimited compute resources, and (3) internet-scale distribution enabling RLHF-based model socialization that smaller players cannot replicate. As concrete evidence, he cites Inflection AI — co-founded by a DeepMind co-founder — which was sold to Microsoft at only 1.1x preference in what amounted to an acqui-hire, illustrating that even pedigreed startups with top talent cannot compete. The investment implication is to concentrate exposure in the four named incumbents and expect brutal consolidation in the private foundation model space, with most startups going to zero or being acquired at distressed valuations.","GOOGL, META, MSFT",,NO_BASKET,,False,v4 review (STEVE). Steve: no basket,NO_BASKET,NO_BASKET,NO_BASKET,NO_BASKET,NO_BASKET,NO_BASKET,NO_BASKET,-5.37,-5.96,-5.85,-17.61,9.14,44.1,124.45,NO_BASKET,NO_BASKET,NO_BASKET,NO_BASKET,NO_BASKET,NO_BASKET,NO_BASKET,1.0,5.53,8.56,4.5,16.1,27.56,40.36,NO_BASKET,NO_BASKET,NO_BASKET,NO_BASKET,NO_BASKET,NO_BASKET,NO_BASKET
2024-07-01,Humanoid robotics / Tesla Optimus,2,6,TRUE,TRUE,FALSE,FALSE,FALSE,FALSE,TRUE,FALSE,FALSE,FALSE,FALSE,FALSE,first_with_tickers,moderate,"Thematic Investors — Blending sci-fi, history and literature",Humanoid robots will revolutionize blue-collar work once LLM reasoning capabilities are embedded,"Baker argues that embedding transformer-based LLM reasoning models into humanoid robots will revolutionize blue-collar work in the near-to-medium term, given that current model capabilities are approaching the threshold required for practical deployment. He contends that the same transformer architecture driving LLM breakthroughs can be applied to robotic control systems, enabling humanoid robots to perform physical labor tasks that previously required human dexterity and judgment. Additionally, Baker notes that transformer elements may significantly improve full self-driving (FSD) algorithms, suggesting Tesla's autonomous driving stack could benefit from the same architectural advances. The investment implication is that companies developing humanoid robots and FSD technology stand to benefit, with Tesla being the most prominent US-listed company at the intersection of both themes. No specific revenue figures or timelines beyond 'very soon' were cited, keeping the thesis at moderate confidence.",TSLA,TSLA,BAKER_NAMED,LONG,False,,10.58,24.67,98.9,34.74,50.27,108.74,91.99,-5.37,-5.96,-5.85,-17.61,9.14,44.1,124.45,15.95,30.63,104.75,52.35,41.12,64.64,-32.47,1.0,5.53,8.56,4.5,16.1,27.56,40.36,9.58,19.13,90.34,30.24,34.17,81.18,51.63
2024-07-01,Nvidia GPU moat / CUDA ecosystem,3,9,TRUE,FALSE,FALSE,FALSE,FALSE,FALSE,FALSE,FALSE,FALSE,FALSE,FALSE,FALSE,,high_conviction,"Thematic Investors — Blending sci-fi, history and literature",Nvidia's GPU dominance is extremely difficult to displace; all frontier models trained almost exclusively on Nvidia GPUs,"Baker argues that Nvidia's dominance in AI training compute is essentially total, with approximately 99% of all frontier AI models trained on Nvidia GPUs, with the remaining sliver attributable to Google TPUs and Cerebras wafer-scale chips. He presents this not as a forecast but as an observed empirical fact, grounding his conviction in 25 years of familiarity with Jensen Huang, whom he ranks among the three most exceptional CEOs he has encountered alongside Elon Musk and Lisa Su. Baker acknowledges that hyperscalers have made massive efforts to develop proprietary ASICs — citing Google's TPU program as the most advanced alternative — yet these efforts have failed to meaningfully displace Nvidia at the frontier. The investment implication is a strong long conviction in NVDA, with the thesis resting on the structural difficulty of displacing an incumbent whose software ecosystem (CUDA) and hardware performance compound the switching costs for model developers. No specific price target or timeframe is cited, but the framing is medium-term and high-conviction.",NVDA,NVDA,BAKER_NAMED,LONG,False,,-5.86,-2.29,10.63,-11.14,28.23,52.0,58.69,-5.37,-5.96,-5.85,-17.61,9.14,44.1,124.45,-0.49,3.67,16.48,6.47,19.09,7.89,-65.76,1.0,5.53,8.56,4.5,16.1,27.56,40.36,-6.86,-7.83,2.07,-15.64,12.13,24.43,18.34
2024-07-01,Optical networking / interconnect,1,2,FALSE,TRUE,TRUE,TRUE,FALSE,FALSE,TRUE,FALSE,FALSE,FALSE,FALSE,FALSE,first_with_tickers,high_conviction,"Thematic Investors — Blending sci-fi, history and literature","Optical networking is a critical and inevitable component of future AI data center architecture, both within and across data centers","Baker argues that optical networking — specifically coherent optics — is a hard engineering necessity, not an optional upgrade, for the next generation of AI data centers. He grounds this in a concrete physical constraint: there are only three sites in the US where nuclear reactors are clustered closely enough to power a single 1–5 GW data center; everywhere else, power must be aggregated from discrete plants across long distances, which requires coherent optical interconnects. Furthermore, even within data centers themselves, as they scale to 5–6 GW and the footprint of roughly 10 Pentagons, coherent optics will be required for internal communication at those distances. The investment implication is that coherent optical networking companies face a structural, durable demand tailwind driven by physics and infrastructure scale, not by discretionary spending cycles. Baker frames this as a near-certain outcome with no engineering alternative, making optical networking suppliers direct beneficiaries of AI infrastructure buildout.","CIEN, COHR, LITE, INFN","CIEN, COHR, LITE",BAKER_NAMED,LONG,False,v4 review (CHANGE). Named all three,2.32,24.83,57.16,19.66,58.59,411.11,789.43,-5.37,-5.96,-5.85,-17.61,9.14,44.1,124.45,7.69,30.79,63.0,37.28,49.45,367.01,664.98,1.0,5.53,8.56,4.5,16.1,27.56,40.36,1.31,19.29,48.6,15.17,42.49,383.54,749.07
2024-07-01,Power / watts as binding constraint,3,6,TRUE,FALSE,FALSE,FALSE,FALSE,FALSE,FALSE,FALSE,FALSE,FALSE,FALSE,FALSE,,high_conviction,"Thematic Investors — Blending sci-fi, history and literature",Power availability is the binding constraint on AI data center scaling; only three viable gigawatt-scale sites exist in the US,"Baker argues that power availability has become the single binding constraint on AI data center scaling, with the industry having moved well beyond 100 MW facilities and now planning 1 GW and 5 GW campuses. He identifies a hard geographic constraint: there are only three sites in the entire United States where nuclear reactors are clustered closely enough together to supply the power loads required for these hyperscale facilities. Beyond those three nuclear-adjacent sites, operators must aggregate power from multiple discrete plants, which in turn creates a derived demand for high-capacity optical networking infrastructure to connect them. The investment implication is that the owners of those nuclear-adjacent sites hold scarce, nearly irreplaceable assets, making the nuclear power operators with large multi-reactor campuses direct beneficiaries of hyperscale AI buildout demand. Baker does not name specific companies, but the US-listed nuclear-heavy utilities — particularly Constellation Energy (CEG) and Vistra (VST) — are the clearest implied beneficiaries given their large nuclear fleets and existing data center power deal activity.","CEG, VST","VST, CEG",BAKER_NAMED,LONG,False,v4 review (CHANGE). Named them,-8.37,31.54,35.9,25.8,87.36,85.61,49.4,-5.37,-5.96,-5.85,-17.61,9.14,44.1,124.45,-3.0,37.51,41.74,43.42,78.22,41.5,-75.06,1.0,5.53,8.56,4.5,16.1,27.56,40.36,-9.37,26.01,27.34,21.31,71.26,58.04,9.04
2024-07-01,Scaling laws intact,3,8,TRUE,FALSE,FALSE,FALSE,FALSE,FALSE,FALSE,FALSE,FALSE,FALSE,FALSE,FALSE,,high_conviction,"Thematic Investors — Blending sci-fi, history and literature",Scaling laws remain the dominant driver of AI quality improvement; compute is the key variable,"Baker argues that scaling laws — what he calls the 'iron law of AI' — remain the dominant driver of AI quality improvement, with AI model quality doubling for every 10x increase in compute and data used during training. He further notes a recent discovery that training longer on the same data and compute budget also yields significant quality advances, reinforcing the centrality of compute access. The investment implication is that companies with the greatest access to compute have the strongest competitive moat in foundation model development, making compute supply the primary bottleneck and differentiator. Baker has held this view since at least early 2021, framing it as the foundational structural principle underlying all AI investment decisions. This thesis favors hyperscalers and cloud providers with massive capital budgets for AI infrastructure, as well as the dominant GPU supplier enabling that compute scaling.","NVDA, GOOGL, META, MSFT",,NO_BASKET,,False,"v4 review: NO_BASKET (removed from scored returns). Theme is macro commentary, never a specific trade",NO_BASKET,NO_BASKET,NO_BASKET,NO_BASKET,NO_BASKET,NO_BASKET,NO_BASKET,-5.37,-5.96,-5.85,-17.61,9.14,44.1,124.45,NO_BASKET,NO_BASKET,NO_BASKET,NO_BASKET,NO_BASKET,NO_BASKET,NO_BASKET,1.0,5.53,8.56,4.5,16.1,27.56,40.36,NO_BASKET,NO_BASKET,NO_BASKET,NO_BASKET,NO_BASKET,NO_BASKET,NO_BASKET
2024-07-01,xAI competitive position,1,9,FALSE,TRUE,TRUE,FALSE,FALSE,FALSE,TRUE,FALSE,FALSE,FALSE,FALSE,FALSE,first_with_tickers,moderate,"Thematic Investors — Blending sci-fi, history and literature","xAI is the most compelling private AI company due to unique data (X/Twitter), compute, and distribution","Baker argues that xAI is the most compelling private AI company because it possesses a uniquely valuable combination of proprietary data, compute, and distribution that few competitors can replicate. Specifically, he highlights X/Twitter's human debate data — including Community Notes as a crowdsourced truth mechanism — as exceptionally valuable for training AI models and for reinforcement learning from human feedback (RLHF), given X's large active user base. Baker views xAI as one of only four viable foundation model companies globally, alongside Google, Meta, and the OpenAI/Microsoft partnership, suggesting the market for frontier AI will consolidate around a small number of well-resourced players. He notes xAI has raised $6 billion, giving it the capital to compete on compute, and that its distribution through X provides a built-in feedback loop that most startups lack. The investment implication is primarily relevant to private market investors, as xAI is not publicly listed, though the thesis implicitly frames Meta and Google as the publicly accessible proxies for viable foundation model competition.","META, GOOGL, MSFT",,NO_BASKET,LONG,False,,NO_BASKET,NO_BASKET,NO_BASKET,NO_BASKET,NO_BASKET,NO_BASKET,NO_BASKET,-5.37,-5.96,-5.85,-17.61,9.14,44.1,124.45,NO_BASKET,NO_BASKET,NO_BASKET,NO_BASKET,NO_BASKET,NO_BASKET,NO_BASKET,1.0,5.53,8.56,4.5,16.1,27.56,40.36,NO_BASKET,NO_BASKET,NO_BASKET,NO_BASKET,NO_BASKET,NO_BASKET,NO_BASKET
2024-08-07,DRAM / HBM memory bottleneck,1,9,FALSE,TRUE,TRUE,FALSE,FALSE,FALSE,TRUE,FALSE,FALSE,FALSE,FALSE,FALSE,first_with_tickers,speculative,This Week in Startups — E1990: Liquidity Summit fireside with Antonio Gracias and Gavin Baker,"If Apple and Google simultaneously triple memory in smartphones to enable on-device AI, it could trigger the first real memory supercycle since 1996, potentially making Micron a massive multi-bagger.","Baker outlines a tail-risk scenario in which Apple and Google simultaneously double or triple the DRAM in their flagship smartphones to enable on-device AI inference, creating a demand shock that — layered on top of already record HBM consumption in data centers — could trigger the first true memory supercycle since 1996. He draws an explicit historical parallel to that cycle, during which Micron was a 50-bagger, to illustrate the potential magnitude of the opportunity. Baker is careful to frame this as a low-probability tail scenario rather than a base case, noting the simultaneous adoption by both Apple and Google is the key precondition that makes it extraordinary rather than incremental. The investment implication is that Micron (the only major US-listed pure-play DRAM/NAND manufacturer) would be the primary beneficiary, with the upside potentially being multi-bagger in nature if the scenario materializes. Apple and Google are the demand catalysts in this thesis — their strategic decisions on device memory are the trigger — but the financial beneficiary of the supply-demand shock is the memory producer, not the handset or platform companies.",MU,MU,OBVIOUS_UNIVERSE,LONG,False,,-0.48,21.67,6.59,-0.71,43.2,332.47,956.48,1.67,17.42,16.37,6.11,39.36,92.85,178.64,-2.15,4.25,-9.77,-6.82,3.84,239.62,777.83,4.18,11.53,16.58,9.84,24.14,35.88,52.47,-4.67,10.14,-9.98,-10.55,19.06,296.58,904.01
2024-08-07,Edge AI as bear case for cloud,1,4,FALSE,TRUE,TRUE,FALSE,FALSE,FALSE,TRUE,FALSE,FALSE,FALSE,FALSE,FALSE,first_with_tickers,speculative,This Week in Startups — E1990: Liquidity Summit fireside with Antonio Gracias and Gavin Baker,"If Apple and Google simultaneously triple memory in smartphones to enable on-device AI, it could trigger the first real memory supercycle since 1996, potentially making Micron a massive multi-bagger.","Baker outlines a tail-risk scenario in which Apple and Google simultaneously double or triple the DRAM in their flagship smartphones to enable on-device AI inference, creating a demand shock that — layered on top of already record HBM consumption in data centers — could trigger the first true memory supercycle since 1996. He draws an explicit historical parallel to that cycle, during which Micron was a 50-bagger, to illustrate the potential magnitude of the opportunity. Baker is careful to frame this as a low-probability tail scenario rather than a base case, noting the simultaneous adoption by both Apple and Google is the key precondition that makes it extraordinary rather than incremental. The investment implication is that Micron (the only major US-listed pure-play DRAM/NAND manufacturer) would be the primary beneficiary, with the upside potentially being multi-bagger in nature if the scenario materializes. Apple and Google are the demand catalysts in this thesis — their strategic decisions on device memory are the trigger — but the financial beneficiary of the supply-demand shock is the memory producer, not the handset or platform companies.",MU,MU,BAKER_NAMED,LONG,False,v4 review (CHANGE). Memory supercycle = MU,-0.48,21.67,6.59,-0.71,43.2,332.47,956.48,1.67,17.42,16.37,6.11,39.36,92.85,178.64,-2.15,4.25,-9.77,-6.82,3.84,239.62,777.83,4.18,11.53,16.58,9.84,24.14,35.88,52.47,-4.67,10.14,-9.98,-10.55,19.06,296.58,904.01
2024-08-07,Frontier model concentration,2,4,TRUE,FALSE,FALSE,FALSE,FALSE,FALSE,FALSE,FALSE,FALSE,FALSE,FALSE,FALSE,,moderate,This Week in Startups — E1990: Liquidity Summit fireside with Antonio Gracias and Gavin Baker,"Large language models have only ever been trained on three chip architectures: Nvidia GPUs, Cerebras, and Google TPUs — giving these three a structural moat in foundation model training.","Baker makes a specific factual claim that all large language model training to date has occurred on only three chip architectures: Nvidia GPUs, Cerebras chips, and Google TPUs — and that no other silicon has been used for frontier model training. His reasoning is structural: the extreme difficulty of building the software stack, compiler toolchains, and distributed training frameworks required to run LLMs means that only these three have achieved the necessary ecosystem maturity. The investment implication is that Nvidia and Google (via TPUs embedded in its cloud and used for its own models) hold a durable structural moat in foundation model training, while competitors like AMD and Intel have failed to break into this workload despite years of effort. Baker implicitly dismisses AMD and Intel as viable training alternatives, and notes that AWS Trainium and other custom silicon have similarly not been used for frontier model training, though this claim may be slightly overstated given emerging Trainium usage.","NVDA, GOOGL",,NO_BASKET,LONG,False,,NO_BASKET,NO_BASKET,NO_BASKET,NO_BASKET,NO_BASKET,NO_BASKET,NO_BASKET,1.67,17.42,16.37,6.11,39.36,92.85,178.64,NO_BASKET,NO_BASKET,NO_BASKET,NO_BASKET,NO_BASKET,NO_BASKET,NO_BASKET,4.18,11.53,16.58,9.84,24.14,35.88,52.47,NO_BASKET,NO_BASKET,NO_BASKET,NO_BASKET,NO_BASKET,NO_BASKET,NO_BASKET
2024-08-07,Google TPU competitive position,1,5,FALSE,TRUE,TRUE,TRUE,FALSE,FALSE,TRUE,FALSE,FALSE,FALSE,FALSE,FALSE,first_with_tickers,high_conviction,This Week in Startups — E1990: Liquidity Summit fireside with Antonio Gracias and Gavin Baker,Google's TPU-enabled context caching is a structural cost advantage for enterprise AI that the market has not yet fully appreciated.,"Baker argues that Google's TPU architecture gives Gemini a structural cost advantage over competing LLMs through context caching — the ability to cache responses to repeated queries rather than re-running full inference each time. Because TPUs are purpose-built and tightly integrated with Google's software stack, this capability is not easily replicated by GPU-based inference systems running on Nvidia or AMD hardware, at least in the near term. For enterprises deploying AI at scale with repetitive query patterns, this dramatically reduces inference costs, making Gemini a more economical choice than OpenAI or other GPU-hosted models. Baker explicitly frames this as an underappreciated structural advantage, stating it will 'take people time to appreciate how powerful this is,' and cites it as a key reason Google has surpassed OpenAI in enterprise relevance. The investment implication is that GOOGL is structurally undervalued as an enterprise AI platform, while the advantage may be difficult for GPU-centric competitors to replicate quickly.",GOOGL,GOOGL,BAKER_NAMED,LONG,False,,-5.05,6.94,16.9,-3.55,27.08,101.72,117.81,1.67,17.42,16.37,6.11,39.36,92.85,178.64,-6.72,-10.48,0.53,-9.66,-12.28,8.87,-60.83,4.18,11.53,16.58,9.84,24.14,35.88,52.47,-9.23,-4.59,0.32,-13.38,2.94,65.84,65.34
2024-08-07,Meta AI transformation,1,2,FALSE,TRUE,TRUE,FALSE,FALSE,FALSE,TRUE,FALSE,FALSE,FALSE,FALSE,FALSE,first_with_tickers,moderate,This Week in Startups — E1990: Liquidity Summit fireside with Antonio Gracias and Gavin Baker,Meta is in a much better competitive position than a year ago; Zuckerberg's pivot to AI (including putting a search box atop every app) is a serious competitive threat to Google.,"Baker argues that Meta has dramatically improved its competitive positioning over the past year by executing a hard pivot from the metaverse to AI, and that this pivot represents a direct existential threat to Google's core search business. The key strategic move Baker highlights is Zuckerberg's decision to place a search/AI interface at the top of every Meta app — reaching 3-4 billion phones — which Baker describes as 'gangster,' meaning an audacious, aggressive competitive strike. Baker credits Zuckerberg for the discipline to abandon the metaverse narrative and reorient the company around AI, and even suggests Meta should rename itself again to signal the magnitude of the shift. The investment implication is that META is a stronger long position than it was a year ago, while GOOGL faces a credible new threat to its search monopoly from Meta's distribution scale. Baker does not frame this as an explicit buy/sell recommendation but the directional view is clearly bullish META and cautious on GOOGL's search dominance.","META, GOOGL",,NO_BASKET,,False,v4 review (STEVE). Steve: no basket,NO_BASKET,NO_BASKET,NO_BASKET,NO_BASKET,NO_BASKET,NO_BASKET,NO_BASKET,1.67,17.42,16.37,6.11,39.36,92.85,178.64,NO_BASKET,NO_BASKET,NO_BASKET,NO_BASKET,NO_BASKET,NO_BASKET,NO_BASKET,4.18,11.53,16.58,9.84,24.14,35.88,52.47,NO_BASKET,NO_BASKET,NO_BASKET,NO_BASKET,NO_BASKET,NO_BASKET,NO_BASKET
2024-08-07,Nvidia GPU moat / CUDA ecosystem,4,9,TRUE,FALSE,FALSE,FALSE,FALSE,FALSE,FALSE,FALSE,FALSE,FALSE,FALSE,FALSE,,moderate,This Week in Startups — E1990: Liquidity Summit fireside with Antonio Gracias and Gavin Baker,"Large language models have only ever been trained on three chip architectures: Nvidia GPUs, Cerebras, and Google TPUs — giving these three a structural moat in foundation model training.","Baker makes a specific factual claim that all large language model training to date has occurred on only three chip architectures: Nvidia GPUs, Cerebras chips, and Google TPUs — and that no other silicon has been used for frontier model training. His reasoning is structural: the extreme difficulty of building the software stack, compiler toolchains, and distributed training frameworks required to run LLMs means that only these three have achieved the necessary ecosystem maturity. The investment implication is that Nvidia and Google (via TPUs embedded in its cloud and used for its own models) hold a durable structural moat in foundation model training, while competitors like AMD and Intel have failed to break into this workload despite years of effort. Baker implicitly dismisses AMD and Intel as viable training alternatives, and notes that AWS Trainium and other custom silicon have similarly not been used for frontier model training, though this claim may be slightly overstated given emerging Trainium usage.","NVDA, GOOGL",,NO_BASKET,,False,"clustering-fix (2026-07-16) NO_BASKET: 'three architectures' structural observation — correctly themed, not a trade",NO_BASKET,NO_BASKET,NO_BASKET,NO_BASKET,NO_BASKET,NO_BASKET,NO_BASKET,1.67,17.42,16.37,6.11,39.36,92.85,178.64,NO_BASKET,NO_BASKET,NO_BASKET,NO_BASKET,NO_BASKET,NO_BASKET,NO_BASKET,4.18,11.53,16.58,9.84,24.14,35.88,52.47,NO_BASKET,NO_BASKET,NO_BASKET,NO_BASKET,NO_BASKET,NO_BASKET,NO_BASKET
2024-08-07,Power / watts as binding constraint,4,6,TRUE,FALSE,FALSE,FALSE,FALSE,FALSE,FALSE,FALSE,FALSE,FALSE,FALSE,FALSE,,high_conviction,This Week in Startups — E1990: Liquidity Summit fireside with Antonio Gracias and Gavin Baker,Power and physical location for data centers — not GPUs — are now the primary rate-limiting factors for AI scaling.,"Baker argues that the primary bottlenecks for AI scaling have shifted away from GPUs and compute toward two physical constraints: power availability and geographic location suitable for next-generation data centers. He specifies that there are only three viable locations in the United States for these facilities, defined by the requirement to have multiple unregulated nuclear reactors within a 50-mile radius, making nuclear proximity a hard site-selection criterion. Baker projects that data centers will scale from current sizes to 1GW and eventually 5GW facilities, and that in our lifetimes the 100 largest buildings in the world will be data centers — implying an unprecedented buildout of power-intensive infrastructure. The investment implication is that companies controlling nuclear power generation near these constrained geographic nodes are structurally advantaged, as they sit at the intersection of two scarce resources: reliable carbon-free baseload power and proximity to the only viable hyperscale data center sites. Investors should focus on nuclear-capable power generators with assets near these three US locations rather than GPU or semiconductor supply chain plays.","CEG, VST, TLN","VST, CEG",BAKER_NAMED,LONG,False,v4 review (CHANGE). Named them,-1.9,47.79,99.81,68.24,129.1,85.08,78.88,1.67,17.42,16.37,6.11,39.36,92.85,178.64,-3.57,30.37,83.44,62.13,89.74,-7.77,-99.77,4.18,11.53,16.58,9.84,24.14,35.88,52.47,-6.09,36.26,83.23,58.4,104.96,49.2,26.41
2024-08-27,AI networking (Ethernet/InfiniBand),2,3,TRUE,FALSE,FALSE,FALSE,FALSE,FALSE,FALSE,FALSE,FALSE,FALSE,FALSE,FALSE,,high_conviction,"Invest Like the Best — AI, semiconductors, and the robotic frontier (EP.385)","Networking, storage, and memory are the most underinvested and highest-opportunity layers in AI infrastructure because GPU speed has outpaced the rest of the data center 50x vs 4-5x","Baker argues that networking, storage, and memory represent the most underinvested and highest-opportunity layers in AI infrastructure, driven by a severe capability mismatch: GPUs have improved roughly 50x in speed over the past five years while networking, storage, and memory have only improved 4-5x. This imbalance manifests in poor cluster efficiency — model flop utilization (MFU) sits at only 35-40% despite per-GPU theoretical utilization (MAMF) of ~83%, meaning the bottleneck is not the GPU itself but the surrounding infrastructure. Baker explicitly states he is 'targeting his dollars' at next-generation networking, storage, and memory technologies, calling networking in particular 'the choke point' with the 'highest likelihood of success' as an investment. The implication is that companies supplying high-speed networking fabrics, storage solutions, and memory bandwidth for AI clusters are structurally undervalued relative to GPU-centric plays, and represent a higher-conviction infrastructure opportunity as clusters scale.","ANET, MU, PSTG",ANET,BAKER_NAMED,LONG,False,,11.77,15.65,7.69,0.27,58.03,44.2,119.04,3.11,-0.55,-4.57,-1.71,19.01,60.82,124.21,8.66,16.2,12.27,1.99,39.03,-16.61,-5.17,2.23,6.73,6.49,5.95,16.3,23.36,38.87,9.55,8.92,1.2,-5.68,41.73,20.84,80.17
2024-08-27,DRAM / HBM memory bottleneck,2,9,TRUE,TRUE,FALSE,FALSE,TRUE,FALSE,FALSE,FALSE,FALSE,FALSE,FALSE,FALSE,first_hc_not_first_mention,high_conviction,"Invest Like the Best — AI, semiconductors, and the robotic frontier (EP.385)","Inference will increasingly shift to on-device (edge) compute, with DRAM capacity on phones becoming the key differentiating spec","Baker argues that AI inference will follow historical compute cycles and shift toward decentralization, with a 'local when you can, cloud when you must' model becoming the dominant paradigm for on-device AI. He contends that DRAM capacity — not flash storage — will become the defining hardware specification for smartphones, because DRAM determines the maximum parameter count of models that can run locally on a device. Apple is uniquely positioned to capture this shift due to its iOS distribution chokehold, which gives it unmatched leverage to monetize a tiered AI intelligence subscription model and a premium 'super phone' market segment. Baker frames this as a structural, multi-year shift with explicit downstream consequences: a bifurcated phone market where AI capability is gated by DRAM, and Apple sitting at the top of the value chain as the primary beneficiary. No specific numeric targets or timeframes were cited, but the conviction is high and the implication is to be long AAPL as the clearest expression of this thesis.","AAPL, MU",MU,OBVIOUS_UNIVERSE,LONG,False,,12.28,6.88,-4.09,-3.11,22.18,290.2,859.85,3.11,-0.55,-4.57,-1.71,19.01,60.82,124.21,9.18,7.44,0.48,-1.4,3.18,229.38,735.64,2.23,6.73,6.49,5.95,16.3,23.36,38.87,10.06,0.15,-10.58,-9.06,5.88,266.83,820.98
2024-08-27,Humanoid robotics / Tesla Optimus,3,6,TRUE,TRUE,FALSE,FALSE,TRUE,TRUE,FALSE,FALSE,FALSE,FALSE,FALSE,FALSE,"third_within_1yr, first_hc_not_first_mention",high_conviction,"Invest Like the Best — AI, semiconductors, and the robotic frontier (EP.385)",Humanoid robots will dominate robotics because the physical world is optimized for humans and manufacturing scale creates cost advantages over specialized robots,"Baker argues that humanoid robots represent the same paradigm shift for robotics that GPT represented for AI — a generalizable form factor that will dominate over specialized robots due to the cost advantages of massive manufacturing scale. He contends that while specialized robots may outperform humanoids at specific tasks, they cannot compete with the cost curve that comes from producing humanoid robots at scale, analogous to how general-purpose computing displaced specialized hardware. Baker cites Google's RT-2 research as evidence that LLMs embedded in humanoid robots dramatically reduce training requirements by leveraging world models, making the technology increasingly practical. He views incumbents with deep expertise in batteries, actuators, and motors — and crucially, large proprietary datasets — as structurally advantaged, with Tesla's Optimus program being the clearest example of a US-listed company positioned to benefit. Baker characterizes humanoid robotics as potentially a bigger near-term disruption than white-collar AI automation, expressing high conviction that the humanoid form factor wins the robotics race.",TSLA,TSLA,BAKER_NAMED,LONG,False,,21.51,61.84,40.04,65.6,59.59,87.58,70.21,3.11,-0.55,-4.57,-1.71,19.01,60.82,124.21,18.41,62.39,44.62,67.32,40.58,26.76,-54.0,2.23,6.73,6.49,5.95,16.3,23.36,38.87,19.29,55.11,33.55,59.65,43.29,64.21,31.34
2024-08-27,Nvidia GPU moat / CUDA ecosystem,5,9,TRUE,FALSE,FALSE,FALSE,FALSE,FALSE,FALSE,FALSE,FALSE,FALSE,FALSE,FALSE,,high_conviction,"Invest Like the Best — AI, semiconductors, and the robotic frontier (EP.385)",NVIDIA's CUDA software moat is quantifiable via MAMF metric: NVIDIA runs at ~83% vs AMD's MI300 at ~60% and early MI250 at ~10-25%,"Baker argues that NVIDIA's CUDA software moat is concretely measurable using Stan Beckman's MAMF (Maximum Achievable Matrix Multiplication Flops) metric, which captures how efficiently a GPU actually utilizes its theoretical compute capacity. NVIDIA GPUs achieve approximately 83% MAMF efficiency, while AMD's MI300 has improved from roughly 10-25% (MI250 era) to ~60% on the MI300, still meaningfully lagging NVIDIA. Baker presents the MI250's ~10% MAMF as the definitive explanation for why that chip saw near-zero adoption despite being a competitively specced piece of hardware on paper — software efficiency, not raw silicon, determined real-world usability. He frames this gap as a durable, multi-generational moat for NVIDIA because closing it requires AMD to iterate through multiple chip generations and accumulate years of software ecosystem development, a pattern consistent with Google TPUs also failing to displace CUDA at scale. The investment implication is that NVIDIA's competitive position is more defensible than hardware-focused analyses suggest, and AMD's GPU compute ambitions face a structural software ceiling that will persist for the foreseeable future.","NVDA, AMD",NVDA,BAKER_NAMED,LONG,False,,-3.31,6.03,-2.62,5.35,35.8,40.4,69.76,3.11,-0.55,-4.57,-1.71,19.01,60.82,124.21,-6.42,6.58,1.96,7.06,16.8,-20.42,-54.45,2.23,6.73,6.49,5.95,16.3,23.36,38.87,-5.54,-0.71,-9.11,-0.6,19.5,17.03,30.89
2024-08-27,Power / watts as binding constraint,5,6,TRUE,FALSE,FALSE,FALSE,FALSE,FALSE,FALSE,FALSE,FALSE,FALSE,FALSE,FALSE,,moderate,"Invest Like the Best — AI, semiconductors, and the robotic frontier (EP.385)",Power/energy infrastructure near shale gas fields will be an intermediate-term solution to AI data center power constraints,"Baker argues that the power constraints facing AI data centers will force hyperscalers to build massive compute facilities directly in shale gas fields, co-located with on-site natural gas power plants, as an intermediate-term solution before nuclear or grid upgrades can scale. He identifies only approximately three locations in the entire US where a gigawatt of reliable power can currently be delivered to a single data center site, making conventional data center siting increasingly untenable for the largest AI workloads. The economics of these remote shale-field data centers will be significantly worse than traditional sites, with power costs running approximately 10x the US average of roughly 8 cents/kWh (~80 cents/kWh), but Baker implies hyperscalers will accept this premium given the absence of alternatives. The investment implication is diffuse — this thesis points to structural demand for natural gas infrastructure, modular/on-site power generation, and potentially gas-fired turbine manufacturers — but Baker does not name specific companies or projects, making direct equity implications ambiguous. No specific tickers are clearly and unambiguously implied by this thesis without additional inference steps.",,"VST, CEG",BAKER_NAMED,LONG,False,"v4 review: trade continuation, basket locked. Established trade, continuation mention",33.09,54.88,43.29,73.87,91.55,79.9,54.91,3.11,-0.55,-4.57,-1.71,19.01,60.82,124.21,29.99,55.43,47.86,75.59,72.54,19.08,-69.3,2.23,6.73,6.49,5.95,16.3,23.36,38.87,30.87,48.15,36.8,67.93,75.25,56.53,16.04
2024-08-27,SaaS existential disruption,1,6,FALSE,FALSE,TRUE,TRUE,FALSE,FALSE,FALSE,FALSE,FALSE,FALSE,FALSE,FALSE,,high_conviction,"Invest Like the Best — AI, semiconductors, and the robotic frontier (EP.385)",Traditional SaaS companies face existential disruption from AI-first thin-wrapper competitors attacking labor budgets rather than software budgets,"Baker argues that AI-first application companies represent an existential threat to traditional SaaS businesses by attacking a fundamentally different budget line — labor budgets rather than software budgets. He cites specific evidence that AI-first companies are going from zero to $30M ARR in just 9 months, dramatically outpacing traditional SaaS growth benchmarks, while simultaneously being more cash-flow efficient despite carrying higher AI marginal costs. The threat is two-sided: traditional SaaS incumbents face AI-native competitors entering every vertical, and they also face potential seat count reduction as AI agents replace the human workers who were previously the end-users of those SaaS seats. Baker singles out SaaS investments made at peak valuations in 2021 as particularly impaired, implying those vintages face both multiple compression and fundamental business model erosion. The investment implication is to be cautious or short traditional SaaS incumbents and to watch AI-first application companies as the emerging competitive threat, though no specific public equities are named.",,"CRM, NOW, TEAM, SNOW, HUBS",OBVIOUS_UNIVERSE,SHORT,False,All mentions. HUBS restored.,-2.82,-41.62,-39.06,-28.86,-23.77,22.2,-25.13,3.11,-0.55,-4.57,-1.71,19.01,60.82,124.21,-5.93,-41.07,-34.49,-27.15,-42.78,-38.61,-149.34,2.23,6.73,6.49,5.95,16.3,23.36,38.87,-5.05,-48.35,-45.55,-34.81,-40.07,-1.16,-63.99
2024-08-27,Scaling laws intact,4,8,TRUE,FALSE,FALSE,FALSE,FALSE,FALSE,FALSE,FALSE,FALSE,FALSE,FALSE,FALSE,,high_conviction,"Invest Like the Best — AI, semiconductors, and the robotic frontier (EP.385)",Scaling laws will continue until disproven by a new GPU generation that fails to produce commensurate model quality improvements,"Baker argues that scaling laws — the empirical relationship between compute investment and model quality improvement — will continue to hold until definitively disproven by a specific experiment: deploying a new GPU generation with the traditional 3-5x per-chip performance improvement combined with better networking that enables 3-5x more GPUs per cluster (yielding roughly 10x total compute), and then observing no meaningful improvement in model quality. He contends this experiment has not yet been run, meaning there is currently no empirical basis to conclude scaling laws are breaking down. Because hyperscaler founders genuinely believe they are in a race to create AGI/ASI, they will continue spending on AI infrastructure without traditional ROI constraints until this disconfirming evidence emerges. The investment implication is that AI capex spending remains structurally unconstrained in the medium term, directly benefiting the dominant GPU supplier. Baker frames this as the foundational lens through which he evaluates the entire AI infrastructure capex cycle.",NVDA,,NO_BASKET,,False,"v4 review: NO_BASKET (removed from scored returns). Theme is macro commentary, never a specific trade",NO_BASKET,NO_BASKET,NO_BASKET,NO_BASKET,NO_BASKET,NO_BASKET,NO_BASKET,3.11,-0.55,-4.57,-1.71,19.01,60.82,124.21,NO_BASKET,NO_BASKET,NO_BASKET,NO_BASKET,NO_BASKET,NO_BASKET,NO_BASKET,2.23,6.73,6.49,5.95,16.3,23.36,38.87,NO_BASKET,NO_BASKET,NO_BASKET,NO_BASKET,NO_BASKET,NO_BASKET,NO_BASKET
2024-08-27,xAI competitive position,2,9,TRUE,FALSE,FALSE,FALSE,FALSE,FALSE,FALSE,FALSE,FALSE,FALSE,FALSE,FALSE,,moderate,"Invest Like the Best — AI, semiconductors, and the robotic frontier (EP.385)","XAI has a structural data advantage via X platform data and Elon's cross-company ecosystem, making it a durable AI competitor regardless of model commoditization","Baker argues that xAI holds a durable structural advantage in the foundation model race due to its privileged access to X (formerly Twitter) platform data and its embedded role across Elon Musk's broader corporate ecosystem. The core reasoning is that Musk owns approximately 25% of xAI and will always grant it preferential access to X's real-time, internet-scale data — a moat that competitors cannot replicate regardless of how much compute they deploy. Baker contends that even if AI model intelligence (IQ) commoditizes, the winners will be determined by unique proprietary data sources and distribution scale, both of which xAI possesses through X and Musk's other ventures. Over the long term, Baker envisions xAI functioning as an intelligence layer spanning Tesla, SpaceX, Neuralink, and other Musk entities, compounding its data and distribution advantages. The investment implication is that xAI is a durable AI competitor, though xAI itself is private, limiting direct public market expression of this thesis.",,,NO_BASKET,LONG,False,,NO_BASKET,NO_BASKET,NO_BASKET,NO_BASKET,NO_BASKET,NO_BASKET,NO_BASKET,3.11,-0.55,-4.57,-1.71,19.01,60.82,124.21,NO_BASKET,NO_BASKET,NO_BASKET,NO_BASKET,NO_BASKET,NO_BASKET,NO_BASKET,2.23,6.73,6.49,5.95,16.3,23.36,38.87,NO_BASKET,NO_BASKET,NO_BASKET,NO_BASKET,NO_BASKET,NO_BASKET,NO_BASKET
2024-12-07,China AI distillation / export controls,1,6,FALSE,TRUE,TRUE,FALSE,FALSE,FALSE,TRUE,FALSE,FALSE,FALSE,FALSE,FALSE,first_with_tickers,moderate,"All-In Podcast — Trump transition, SEC/crypto regulation, xAI Colossus, AI scaling laws, MicroStrategy, defense tech","US chip export restrictions on China are functioning as a 'sophon' (Three Body Problem reference) — a meaningful handicap — but necessity-driven Chinese innovation is keeping them just behind the frontier, a risk that may close when Blackwell ships","Baker argues that US chip export restrictions on China are functioning as a meaningful handicap — analogous to the 'sophon' from The Three Body Problem — but that Chinese AI labs have nonetheless managed to stay just behind the frontier through necessity-driven innovation despite severe compute constraints. He acknowledges the export control strategy is working as policy but warns it is not a permanent solution, as Chinese ingenuity under pressure is a real and underappreciated risk. However, Baker believes the imminent arrival of Blackwell GPUs, next-generation AMD chips, and custom ASICs from Broadcom will create a compute gap so large that China will no longer be able to keep pace, effectively widening the frontier advantage for US AI players. The investment implication is that companies supplying the most advanced AI compute — particularly those whose products China cannot access — stand to benefit as the gap widens, while the thesis also supports the continued strategic value of export controls as policy. Baker's view is forward-looking and qualified, contingent on Blackwell shipments proceeding as expected.","NVDA, AMD, AVGO","ASML, LRCX, AMAT, KLAC",OBVIOUS_UNIVERSE,LONG,False,All mentions. NVDA/MIXED was wrong (NVDA loses China revenue). Thesis = Western semicap-equipment monopolies protected by export controls.,1.47,-2.89,17.01,28.9,83.09,280.72,INSUFFICIENT_DATA,0.9,-10.38,7.42,24.22,51.39,164.96,INSUFFICIENT_DATA,0.57,7.49,9.59,4.68,31.69,115.76,INSUFFICIENT_DATA,-3.68,-8.5,0.48,9.74,15.36,27.07,INSUFFICIENT_DATA,5.14,5.61,16.52,19.16,67.73,253.65,INSUFFICIENT_DATA
2024-12-07,Coding as killer AI app,1,3,FALSE,FALSE,TRUE,TRUE,FALSE,FALSE,FALSE,FALSE,FALSE,FALSE,FALSE,FALSE,,high_conviction,"All-In Podcast — Trump transition, SEC/crypto regulation, xAI Colossus, AI scaling laws, MicroStrategy, defense tech","Human language will become the dominant programming language within the next year, fundamentally restructuring the software industry","Baker argues that within the next year, human language will become the dominant programming language, fundamentally restructuring how software is built and who builds it. He points to AI coding tools like Cursor as evidence that non-engineers can already build and deploy production applications, estimating current tools are 70-80% of the way to full autonomous software development. Within 12 months, Baker expects AI to autonomously handle QA, debugging, UX iteration, and deployment, dramatically compressing software development costs and headcount. The implication is a structural disruption to the software labor market and potentially to companies whose moats depend on large engineering workforces, while benefiting AI coding tool providers — though no single US-listed pure-play on this thesis is unambiguous enough to add with confidence.",,,NO_BASKET,LONG,False,,NO_BASKET,NO_BASKET,NO_BASKET,NO_BASKET,NO_BASKET,NO_BASKET,INSUFFICIENT_DATA,0.9,-10.38,7.42,24.22,51.39,164.96,INSUFFICIENT_DATA,NO_BASKET,NO_BASKET,NO_BASKET,NO_BASKET,NO_BASKET,NO_BASKET,INSUFFICIENT_DATA,-3.68,-8.5,0.48,9.74,15.36,27.07,INSUFFICIENT_DATA,NO_BASKET,NO_BASKET,NO_BASKET,NO_BASKET,NO_BASKET,NO_BASKET,INSUFFICIENT_DATA
2024-12-07,MSTR / Bitcoin strategy risk,1,1,FALSE,TRUE,TRUE,TRUE,FALSE,FALSE,TRUE,FALSE,FALSE,FALSE,FALSE,FALSE,first_with_tickers,high_conviction,"All-In Podcast — Trump transition, SEC/crypto regulation, xAI Colossus, AI scaling laws, MicroStrategy, defense tech",MicroStrategy's debt-funded Bitcoin accumulation strategy has a structural ceiling and will break down at scale,"Baker argues that MicroStrategy's debt-funded Bitcoin accumulation strategy is structurally flawed and will eventually break down as the company scales. The core problem, he explains, is that MSTR's underlying software business generates only ~$400M in revenue with high gross margins, supporting only ~$75M in annual interest expense on its convertible notes — meaning the equity cushion underpinning the debt is thin relative to the Bitcoin holdings. The 'magic money machine' narrative fails at scale because fixed income markets do not yet treat Bitcoin as reliable collateral, requiring heavy over-collateralization (e.g., $10 of Bitcoin per $1 of debt), which limits how large the strategy can grow before the debt load overwhelms the company's capacity to service it. Baker cites the adage 'no trees grow to the sky' and concludes the strategy 'will get to a point where it is too big for the size of his company,' though he holds no position himself and notes many hedge funds are already short MSTR as a result of this structural view.",MSTR,MSTR,BAKER_NAMED,SHORT,False,,10.25,27.94,-3.95,9.28,49.83,64.1,INSUFFICIENT_DATA,0.9,-10.38,7.42,24.22,51.39,164.96,INSUFFICIENT_DATA,9.35,38.32,-11.36,-14.94,-1.57,-100.86,INSUFFICIENT_DATA,-3.68,-8.5,0.48,9.74,15.36,27.07,INSUFFICIENT_DATA,13.92,36.44,-4.43,-0.46,34.47,37.03,INSUFFICIENT_DATA
2024-12-07,Nuclear / clean energy for AI,1,1,FALSE,FALSE,TRUE,TRUE,FALSE,FALSE,FALSE,FALSE,FALSE,FALSE,FALSE,FALSE,,high_conviction,"All-In Podcast — Trump transition, SEC/crypto regulation, xAI Colossus, AI scaling laws, MicroStrategy, defense tech",Nuclear energy is the best near-term solution for US electricity capacity expansion; solar is the long-term winner but 50 years away from dominance,"Baker argues that nuclear energy is the best near-term solution for US electricity capacity expansion, citing its environmental credentials (when done correctly) and immediate availability as key advantages over alternatives. He frames this in the context of AI datacenter buildout and US manufacturing competitiveness, where power constraints are an acute bottleneck that cannot wait for longer-term solutions. Solar, he contends, will ultimately dominate global energy production through compounding efficiency gains in photovoltaics and battery storage, but remains land-constrained and is roughly 50 years away from being cheap enough to broadly displace coal. Baker's view is that both nuclear and solar are needed, but nuclear is the actionable near-term investment thesis while solar is a multi-decade structural story. No specific companies or price targets were cited, leaving the thesis at the thematic/sector level without a named equity expression.",,"CCJ, VST, CEG",CONSTRUCTED,LONG,False,v4 review (CHANGE). No SMR/OKLO,8.48,-19.99,19.42,37.77,47.97,33.71,INSUFFICIENT_DATA,0.9,-10.38,7.42,24.22,51.39,164.96,INSUFFICIENT_DATA,7.59,-9.6,12.0,13.55,-3.43,-131.25,INSUFFICIENT_DATA,-3.68,-8.5,0.48,9.74,15.36,27.07,INSUFFICIENT_DATA,12.16,-11.48,18.94,28.03,32.61,6.64,INSUFFICIENT_DATA
2024-12-07,Reasoning / inference-time compute,1,7,FALSE,FALSE,TRUE,TRUE,FALSE,FALSE,FALSE,FALSE,FALSE,FALSE,FALSE,FALSE,,high_conviction,"All-In Podcast — Trump transition, SEC/crypto regulation, xAI Colossus, AI scaling laws, MicroStrategy, defense tech",Test-time compute (inference scaling) is a new and underappreciated axis of AI capability improvement that extends the AI investment thesis even if training scaling plateaus,"Baker argues that test-time compute — allowing AI models to 'think longer' on harder problems rather than applying uniform inference time regardless of complexity — represents a new and underappreciated scaling law dimension that extends the AI investment thesis beyond training-side improvements. He explains that models like OpenAI's o1 demonstrate that reasoning time can dramatically improve output quality, effectively increasing model 'IQ' on complex tasks without requiring larger training runs. This matters because it means AI capability improvements are not solely dependent on ever-larger training clusters, and the investment thesis for AI infrastructure remains intact even if training scaling laws plateau. Baker states 'we're just at the beginning of this new scaling law,' implying that inference compute demand will grow substantially as o1-style reasoning models proliferate. The implication is that inference-side infrastructure — chips, servers, and data centers optimized for sustained compute — will see rising demand, though Baker does not name specific beneficiaries in this segment.",,,NO_BASKET,,False,clustering-fix (2026-07-16) NO_BASKET: flag decision: not a trade,NO_BASKET,NO_BASKET,NO_BASKET,NO_BASKET,NO_BASKET,NO_BASKET,INSUFFICIENT_DATA,0.9,-10.38,7.42,24.22,51.39,164.96,INSUFFICIENT_DATA,NO_BASKET,NO_BASKET,NO_BASKET,NO_BASKET,NO_BASKET,NO_BASKET,INSUFFICIENT_DATA,-3.68,-8.5,0.48,9.74,15.36,27.07,INSUFFICIENT_DATA,NO_BASKET,NO_BASKET,NO_BASKET,NO_BASKET,NO_BASKET,NO_BASKET,INSUFFICIENT_DATA
2024-12-07,xAI competitive position,3,9,TRUE,TRUE,FALSE,FALSE,FALSE,TRUE,FALSE,FALSE,FALSE,FALSE,FALSE,FALSE,third_within_1yr,moderate,"All-In Podcast — Trump transition, SEC/crypto regulation, xAI Colossus, AI scaling laws, MicroStrategy, defense tech","Nvidia was saved from a difficult 6-month period (Blackwell delay) by Elon's Colossus build, which caused competitors to rush-buy H100 Hoppers","Baker argues that Elon Musk's rapid construction of the Colossus supercluster (100,000 H100 GPUs) served as an inadvertent lifeline for Nvidia during a potentially difficult six-month period caused by Blackwell delays. When Colossus demonstrated that a 100K coherent GPU cluster was achievable — contradicting skepticism from engineers at Meta and Google who believed it was impossible — other hyperscalers and AI labs that had been waiting for Blackwell instead rushed to purchase available Hopper (H100) inventory to build their own large clusters. This demand surge filled the revenue gap that Nvidia would have otherwise faced during the Blackwell transition period. Baker presents this as his own interpretive thesis rather than established fact, framing it as a contingent but plausible reading of the supply/demand dynamics in the GPU market during late 2024. The investment implication is retrospective: Nvidia's revenue continuity through the Blackwell delay was structurally supported by this unexpected demand catalyst, reinforcing the view that Nvidia's dominance in AI compute is resilient even during product transition gaps.",NVDA,,NO_BASKET,LONG,False,,NO_BASKET,NO_BASKET,NO_BASKET,NO_BASKET,NO_BASKET,NO_BASKET,INSUFFICIENT_DATA,0.9,-10.38,7.42,24.22,51.39,164.96,INSUFFICIENT_DATA,NO_BASKET,NO_BASKET,NO_BASKET,NO_BASKET,NO_BASKET,NO_BASKET,INSUFFICIENT_DATA,-3.68,-8.5,0.48,9.74,15.36,27.07,INSUFFICIENT_DATA,NO_BASKET,NO_BASKET,NO_BASKET,NO_BASKET,NO_BASKET,NO_BASKET,INSUFFICIENT_DATA
2025-01-04,Broad AI bullish / early innings,5,9,TRUE,FALSE,FALSE,FALSE,FALSE,FALSE,FALSE,FALSE,FALSE,FALSE,FALSE,FALSE,,high_conviction,All-In Podcast — 2025 predictions (bestie guest Gavin Baker),AI will make more progress per quarter in 2025 than it did per year in 2023-2024 due to three multiplicative scaling axes,"Baker argues that AI will make more progress per quarter in 2025 than it did in all of 2023 and 2024 combined, driven by three now-multiplicative scaling axes: pre-training compute, inference-time compute, and reasoning via synthetic reasoning trace data combined with reinforcement learning. The key mechanism is a self-reinforcing loop where models generate synthetic data with reasoning traces, feed that data back into training, and apply RL — creating compounding acceleration rather than linear improvement. Baker frames this as his highest-conviction trend prediction for 2025 and references a Google researcher tweeting 'straight shot to ASI' as corroborating sentiment from inside the frontier labs. The investment implication is broad exposure to frontier AI model developers and the infrastructure enabling this scaling, though Baker does not name specific stocks in this thesis — the acceleration benefits any company at the frontier of model development. No specific price targets, revenue figures, or company-level comparisons are cited; this is a macro capability thesis rather than a single-stock call.",,,NO_BASKET,,False,"Never-a-trade theme: macro commentary regardless of mention number, NO_BASKET for all mentions (operator 2026-07-16).",NO_BASKET,NO_BASKET,NO_BASKET,NO_BASKET,NO_BASKET,NO_BASKET,INSUFFICIENT_DATA,-4.57,-30.85,10.49,32.99,46.09,125.74,INSUFFICIENT_DATA,NO_BASKET,NO_BASKET,NO_BASKET,NO_BASKET,NO_BASKET,NO_BASKET,INSUFFICIENT_DATA,1.84,-16.36,5.75,14.05,17.18,27.99,INSUFFICIENT_DATA,NO_BASKET,NO_BASKET,NO_BASKET,NO_BASKET,NO_BASKET,NO_BASKET,INSUFFICIENT_DATA
2025-01-04,DRAM / HBM memory bottleneck,3,9,TRUE,TRUE,FALSE,FALSE,FALSE,TRUE,FALSE,FALSE,FALSE,FALSE,FALSE,FALSE,third_within_1yr,high_conviction,All-In Podcast — 2025 predictions (bestie guest Gavin Baker),High bandwidth memory (HBM) producers are the best performing asset of 2025 due to persistent compute scarcity,"Baker argues that high bandwidth memory (HBM) producers represent his single best-performing asset pick for 2025, driven by a structural supply-demand imbalance that he expects to persist throughout the year. He contends that HBM constitutes a larger share of GPU cost-of-goods-sold than TSMC's wafer contribution, underscoring how critical and valuable this component has become in the AI compute stack. With only SK Hynix and Micron capable of producing HBM at scale — Samsung having struggled to qualify its product — the effective supply base is extremely narrow against surging demand from both training and inference workloads. Baker notes HBM has been sold out for two years and that the rise of test-time compute and inference scaling makes HBM even more critical going forward, reinforcing his view that pricing power and volume will remain favorable for qualified producers through at least 2025.",MU,"MU, 000660.KS",BAKER_NAMED,LONG,False,v4 review (CHANGE). Named both,-4.76,-33.89,24.31,98.57,230.54,847.62,INSUFFICIENT_DATA,-4.57,-30.85,10.49,32.99,46.09,125.74,INSUFFICIENT_DATA,-0.19,-3.04,13.82,65.59,184.45,721.88,INSUFFICIENT_DATA,1.84,-16.36,5.75,14.05,17.18,27.99,INSUFFICIENT_DATA,-6.6,-17.53,18.56,84.52,213.36,819.63,INSUFFICIENT_DATA
2025-01-04,Reasoning / inference-time compute,2,7,TRUE,TRUE,FALSE,FALSE,FALSE,FALSE,TRUE,FALSE,FALSE,FALSE,FALSE,FALSE,first_with_tickers,high_conviction,All-In Podcast — 2025 predictions (bestie guest Gavin Baker),Inference compute and test-time compute will cause a second GPU/accelerator shortage in 2025 analogous to 2023,"Baker argues that the emergence of reasoning models (specifically citing o3) has introduced a third scaling axis — test-time/reasoning compute — on top of pre-training and inference-time compute, creating a multiplicative demand shock for GPUs and accelerators. He predicts this will exhaust available GPU and accelerator supply in 2025 in the same way that training demand caused a shortage in 2023, and he makes this claim twice unprompted, signaling high conviction. The primary investment implication is that GPU and accelerator suppliers — most directly NVIDIA as the dominant provider — will see sustained or accelerating demand, and that HBM memory suppliers will face similar supply pressure. Baker also notes that large enterprises capable of funding extended inference runs will gain structural competitive advantages, though no specific enterprise names are the subject of this particular thesis.","NVDA, MU","NVDA, MU",BAKER_NAMED,LONG,False,v4 review (CHANGE). Named both,-9.32,-34.72,17.07,62.58,127.2,442.02,INSUFFICIENT_DATA,-4.57,-30.85,10.49,32.99,46.09,125.74,INSUFFICIENT_DATA,-4.76,-3.87,6.58,29.59,81.12,316.28,INSUFFICIENT_DATA,1.84,-16.36,5.75,14.05,17.18,27.99,INSUFFICIENT_DATA,-11.16,-18.36,11.32,48.53,110.03,414.02,INSUFFICIENT_DATA
2025-01-04,SaaS existential disruption,2,6,TRUE,TRUE,FALSE,FALSE,FALSE,FALSE,TRUE,FALSE,FALSE,FALSE,FALSE,FALSE,first_with_tickers,high_conviction,All-In Podcast — 2025 predictions (bestie guest Gavin Baker),Enterprise application software (SaaS) will be the worst performing asset class of 2025 as AI agents displace them,"Baker argues that enterprise application software (SaaS) will be the worst-performing asset class of 2025, explicitly naming it as his top bearish prediction for the year. His structural reasoning is that AI agents — models capable of taking any action a human can perform online — will displace the human workers that SaaS tools were designed to augment, rendering the productivity-enhancement value proposition of enterprise software obsolete. He contends that the winners in the AI agent era will be hyperscalers and frontier model labs that own proprietary compute and models, whereas SaaS incumbents possess neither, leaving them with no durable competitive moat against AI-native replacements. The investment implication is to be short or underweight enterprise SaaS broadly; Chamath Palihapitiya independently reached the identical conclusion during the same discussion, lending additional conviction to the bearish view. No specific price targets or revenue figures were cited, but the timeframe is 2025 and the claim is categorical — not a gradual headwind but a structural displacement.","CRM, NOW, WDAY","CRM, NOW, TEAM, SNOW, HUBS",OBVIOUS_UNIVERSE,SHORT,False,All mentions. HUBS restored.,-8.92,27.15,8.34,12.99,20.92,32.54,INSUFFICIENT_DATA,-4.57,-30.85,10.49,32.99,46.09,125.74,INSUFFICIENT_DATA,-4.35,58.0,-2.15,-20.0,-25.16,-93.2,INSUFFICIENT_DATA,1.84,-16.36,5.75,14.05,17.18,27.99,INSUFFICIENT_DATA,-10.76,43.51,2.6,-1.07,3.75,4.55,INSUFFICIENT_DATA
2025-01-28,AI capex ROI positive,1,8,FALSE,TRUE,TRUE,TRUE,FALSE,FALSE,TRUE,TRUE,FALSE,FALSE,FALSE,FALSE,"first_with_tickers, hc_high_profile_venue",high_conviction,iConnections Global Alts 2025 — The Future of AI,2025 is the year of AI applications — software and internet companies will be primary beneficiaries of higher AI ROI,"Baker argues that 2025 marks the inflection point where AI value creation shifts from infrastructure buildout to the application layer, meaning software and internet companies become the primary beneficiaries of AI ROI. His reasoning is that as inference costs fall dramatically — validated by the DeepSeek news — the marginal dollar of AI spend increasingly flows to companies deploying AI in products rather than those building training infrastructure. He cites the market reaction on 'DeepSeek bounce day,' where software and internet stocks outperformed, as real-time confirmation of this thesis. The investment implication is to overweight application-layer software and internet platforms that can monetize cheaper AI inference through improved products and higher user engagement, rather than semiconductor or infrastructure names. Baker's view is independently corroborated by collaborator Gracias, who also characterized 2025 as 'the year of the application.'","META, GOOGL, MSFT",,NO_BASKET,,False,"Never-a-trade theme: macro commentary regardless of mention number, NO_BASKET for all mentions (operator 2026-07-16). Supersedes the v4 m4 2025-03-29 -> NVDA CHANGE.",NO_BASKET,NO_BASKET,NO_BASKET,NO_BASKET,NO_BASKET,NO_BASKET,INSUFFICIENT_DATA,-4.85,-12.54,23.21,51.01,74.18,125.5,INSUFFICIENT_DATA,NO_BASKET,NO_BASKET,NO_BASKET,NO_BASKET,NO_BASKET,NO_BASKET,INSUFFICIENT_DATA,-3.22,-8.03,5.58,14.65,16.16,25.69,INSUFFICIENT_DATA,NO_BASKET,NO_BASKET,NO_BASKET,NO_BASKET,NO_BASKET,NO_BASKET,INSUFFICIENT_DATA
2025-01-28,Scaling laws intact,5,8,TRUE,TRUE,FALSE,FALSE,FALSE,FALSE,FALSE,TRUE,FALSE,FALSE,FALSE,FALSE,hc_high_profile_venue,high_conviction,iConnections Global Alts 2025 — The Future of AI,"DeepSeek R1 de-risks AI by revealing two new scaling laws beyond pre-training, extending the AI investment runway 5-10 years","Baker argues that DeepSeek R1 was a major de-risking event for AI investment theses, not a threat, because it empirically revealed two new scaling laws beyond pre-training: reinforcement learning during post-training and test-time compute scaling. Prior to OpenAI's O1/O3 and DeepSeek R1, the AI investment community only had pre-training scaling laws as a mechanistically understood growth driver, and there was meaningful risk that scaling laws were breaking down. By demonstrating that RL post-training and test-time compute are additional, independently scalable dimensions, Baker contends the AI buildout cycle is extended materially — explicitly stating it is 'not ending anytime in the next 5 to 10 years.' The investment implication is that the AI infrastructure and foundation model buildout remains a durable multi-year theme, and the key bear case (scaling exhaustion) has been substantially invalidated.",NVDA,,NO_BASKET,,False,"v4 review: NO_BASKET (removed from scored returns). Theme is macro commentary, never a specific trade",NO_BASKET,NO_BASKET,NO_BASKET,NO_BASKET,NO_BASKET,NO_BASKET,INSUFFICIENT_DATA,-4.85,-12.54,23.21,51.01,74.18,125.5,INSUFFICIENT_DATA,NO_BASKET,NO_BASKET,NO_BASKET,NO_BASKET,NO_BASKET,NO_BASKET,INSUFFICIENT_DATA,-3.22,-8.03,5.58,14.65,16.16,25.69,INSUFFICIENT_DATA,NO_BASKET,NO_BASKET,NO_BASKET,NO_BASKET,NO_BASKET,NO_BASKET,INSUFFICIENT_DATA
2025-03-29,AI capex ROI positive,2,8,TRUE,FALSE,FALSE,FALSE,FALSE,FALSE,FALSE,FALSE,FALSE,FALSE,FALSE,FALSE,,moderate,"All-In Podcast — E221: AI cold war, Signalgate, CoreWeave IPO, tariffs",AI agents are the key ROI unlock for AI infrastructure spend; compute will be the rate-limiting factor in agent adoption,"Baker argues that AI agents represent the critical ROI unlock for the current wave of AI infrastructure spending, and that if agents become widespread, the return on investment for AI compute — and Nvidia's Blackwell GPUs specifically — will be very high. His core reasoning is that agents are far more compute-intensive than traditional inference workloads, meaning demand for GPUs will dramatically exceed supply once agent adoption scales. However, he identifies compute scarcity as the binding near-to-medium-term constraint: there simply will not be enough compute deployed to support truly widespread agent usage for an extended period. He cites OpenAI's initial pricing of its agent products at $10,000–$20,000 per month as concrete evidence that compute scarcity is already being reflected in pricing, validating the infrastructure investment thesis. The investment implication is that Nvidia, as the dominant supplier of the compute that agents require, is the primary beneficiary of this structural dynamic.",NVDA,,NO_BASKET,,False,"Never-a-trade theme: macro commentary regardless of mention number, NO_BASKET for all mentions (operator 2026-07-16). Supersedes the v4 m4 2025-03-29 -> NVDA CHANGE.",NO_BASKET,NO_BASKET,NO_BASKET,NO_BASKET,NO_BASKET,INSUFFICIENT_DATA,INSUFFICIENT_DATA,-0.09,30.44,54.33,72.34,85.93,INSUFFICIENT_DATA,INSUFFICIENT_DATA,NO_BASKET,NO_BASKET,NO_BASKET,NO_BASKET,NO_BASKET,INSUFFICIENT_DATA,INSUFFICIENT_DATA,-0.87,10.74,19.78,23.89,18.48,INSUFFICIENT_DATA,INSUFFICIENT_DATA,NO_BASKET,NO_BASKET,NO_BASKET,NO_BASKET,NO_BASKET,INSUFFICIENT_DATA,INSUFFICIENT_DATA
2025-03-29,China AI distillation / export controls,2,6,TRUE,FALSE,FALSE,FALSE,FALSE,FALSE,FALSE,FALSE,FALSE,FALSE,FALSE,FALSE,,moderate,"All-In Podcast — E221: AI cold war, Signalgate, CoreWeave IPO, tariffs",Export controls on GPUs create a cat-and-mouse dynamic that is ultimately difficult to enforce given the value density of modern GPUs,"Baker argues that export controls on high-end GPUs like Nvidia's Blackwell are structurally difficult to enforce because the chips are extraordinarily small and valuable per unit, making smuggling far easier than, say, drug interdiction — a single chip worth tens of thousands of dollars can be concealed trivially. He contends that the cat-and-mouse dynamic between U.S. enforcement and Chinese smuggling networks will persist indefinitely until some form of diplomatic 'grand bargain' is reached, suggesting current controls are not a durable long-term solution. The controls create a theoretical U.S. advantage by slowing Chinese AI development, but simultaneously accelerate Chinese investment in domestic semiconductor self-sufficiency, which Baker frames as an unintended consequence that could erode U.S. chip dominance over time. This is presented as a structural geopolitical observation rather than a direct investment call, with no specific timeframe cited for when a grand bargain might materialize.",NVDA,,NO_BASKET,,False,"clustering-fix (2026-07-16) NO_BASKET: enforcement-difficulty commentary — correctly themed, not a trade",NO_BASKET,NO_BASKET,NO_BASKET,NO_BASKET,NO_BASKET,INSUFFICIENT_DATA,INSUFFICIENT_DATA,-0.09,30.44,54.33,72.34,85.93,INSUFFICIENT_DATA,INSUFFICIENT_DATA,NO_BASKET,NO_BASKET,NO_BASKET,NO_BASKET,NO_BASKET,INSUFFICIENT_DATA,INSUFFICIENT_DATA,-0.87,10.74,19.78,23.89,18.48,INSUFFICIENT_DATA,INSUFFICIENT_DATA,NO_BASKET,NO_BASKET,NO_BASKET,NO_BASKET,NO_BASKET,INSUFFICIENT_DATA,INSUFFICIENT_DATA
2025-03-29,Neoclouds as durable model,1,4,FALSE,TRUE,TRUE,TRUE,FALSE,FALSE,TRUE,FALSE,FALSE,FALSE,FALSE,FALSE,first_with_tickers,high_conviction,"All-In Podcast — E221: AI cold war, Signalgate, CoreWeave IPO, tariffs",Nvidia's investment in neoclouds like CoreWeave was strategically rational — it diversified the buyer base and reduced hyperscaler pricing power,"Baker argues that Nvidia's decision to invest in neoclouds like CoreWeave was a strategically rational move analogous to Intel's historic 'Intel Inside' program — it was about market structure, not revenue inflation. By funding CoreWeave and similar neoclouds, Nvidia deliberately fragmented the buyer base, reducing the pricing and negotiating power of the AWS/Azure/GCP hyperscaler oligopoly, which had been capturing an outsized share of GPU procurement leverage. Baker explicitly states that Nvidia would have sold those GPUs to hyperscalers anyway, so the investments did not inflate revenues; instead, they accelerated GPU deployment via reference architectures and diversified demand. The strategic payoff, in Baker's view, is visible in the fact that the big three hyperscalers' incremental share of Nvidia's revenue declined — a structural outcome Nvidia engineered intentionally. The investment implication is that Nvidia's competitive moat is deeper than it appears, as the company actively manages its customer concentration risk and supply chain influence rather than passively benefiting from AI demand.",NVDA,,NO_BASKET,,False,clustering-fix (2026-07-16) NO_BASKET: flag decision: not a trade,NO_BASKET,NO_BASKET,NO_BASKET,NO_BASKET,NO_BASKET,INSUFFICIENT_DATA,INSUFFICIENT_DATA,-0.09,30.44,54.33,72.34,85.93,INSUFFICIENT_DATA,INSUFFICIENT_DATA,NO_BASKET,NO_BASKET,NO_BASKET,NO_BASKET,NO_BASKET,INSUFFICIENT_DATA,INSUFFICIENT_DATA,-0.87,10.74,19.78,23.89,18.48,INSUFFICIENT_DATA,INSUFFICIENT_DATA,NO_BASKET,NO_BASKET,NO_BASKET,NO_BASKET,NO_BASKET,INSUFFICIENT_DATA,INSUFFICIENT_DATA
2025-05-28,DRAM / HBM memory bottleneck,4,9,TRUE,TRUE,FALSE,FALSE,FALSE,FALSE,FALSE,TRUE,FALSE,FALSE,FALSE,FALSE,hc_high_profile_venue,high_conviction,HedgeFundAlpha (writeup) — SK Hynix / HBM pitch,"AI's shift from training to inference is driving rapid and accelerating growth in memory demand, particularly HBM.","Baker argues that the AI industry's structural shift from training-dominated workloads to inference (including reasoning models) is the primary driver of accelerating demand for high-bandwidth memory. His reasoning is that inference workloads — especially those involving large reasoning models — require substantially more memory bandwidth and capacity per unit of compute than training, meaning that as inference scales, memory demand grows disproportionately. This makes HBM the critical bottleneck and investment opportunity in the AI infrastructure stack. The investment implication is a long position in HBM producers, with SK Hynix (000660.KS) named explicitly as the core position in his Sohn Montreal pitch, and Micron (MU) as the only US-listed HBM producer that directly benefits from the same structural demand tailwind. Samsung (SSNLF) is the third major HBM producer but is OTC-listed and has faced HBM qualification challenges, making it a weaker implied beneficiary.","000660.KS, MU","MU, 000660.KS",BAKER_NAMED,LONG,False,"v4 review (CHANGE). Sohn pitch, named both",29.72,22.54,133.81,329.59,911.98,INSUFFICIENT_DATA,INSUFFICIENT_DATA,14.88,22.82,40.29,68.19,147.89,INSUFFICIENT_DATA,INSUFFICIENT_DATA,14.84,-0.28,93.52,261.4,764.09,INSUFFICIENT_DATA,INSUFFICIENT_DATA,4.94,10.35,15.51,17.74,30.19,INSUFFICIENT_DATA,INSUFFICIENT_DATA,24.78,12.19,118.3,311.86,881.79,INSUFFICIENT_DATA,INSUFFICIENT_DATA
2025-05-28,Reasoning / inference-time compute,3,7,TRUE,TRUE,FALSE,FALSE,FALSE,TRUE,FALSE,TRUE,FALSE,FALSE,FALSE,FALSE,"third_within_1yr, hc_high_profile_venue",high_conviction,HedgeFundAlpha (writeup) — SK Hynix / HBM pitch,Reasoning models (advanced inference-time compute scaling) are a structural catalyst for HBM demand growth beyond what consensus expects.,"Baker argues that the emergence of reasoning models — which scale compute at inference time rather than only at training time — represents a structural catalyst for HBM demand that the market is materially underestimating. Reasoning models require significantly more memory bandwidth per inference step compared to standard forward-pass models, meaning each inference job consumes far more HBM capacity, driving a step-change in memory intensity per GPU cluster. This implies that consensus HBM demand forecasts, which may be anchored to training-era assumptions, are too low, and that HBM suppliers stand to benefit disproportionately as inference workloads scale. Baker frames this as a reshaping force across the semiconductor landscape, with SK Hynix (the dominant HBM supplier) as the primary beneficiary, and Micron as the only US-listed HBM producer also positioned to capture incremental demand. The investment implication is to be long HBM-exposed memory producers, particularly those with leading HBM3e and HBM4 capacity, as reasoning model adoption accelerates through the medium term.","000660.KS, MU",MU,OBVIOUS_UNIVERSE,LONG,False,Sohn Montreal 2025-05-28: 'reasoning drives HBM demand' -> MU.,29.72,22.54,133.81,329.59,911.98,INSUFFICIENT_DATA,INSUFFICIENT_DATA,14.88,22.82,40.29,68.19,147.89,INSUFFICIENT_DATA,INSUFFICIENT_DATA,14.84,-0.28,93.52,261.4,764.09,INSUFFICIENT_DATA,INSUFFICIENT_DATA,4.94,10.35,15.51,17.74,30.19,INSUFFICIENT_DATA,INSUFFICIENT_DATA,24.78,12.19,118.3,311.86,881.79,INSUFFICIENT_DATA,INSUFFICIENT_DATA
2025-07-17,China AI distillation / export controls,3,6,TRUE,TRUE,FALSE,FALSE,FALSE,TRUE,FALSE,FALSE,FALSE,FALSE,FALSE,FALSE,third_within_1yr,moderate,"All-In Podcast — Markets: pricing in tariffs, Trump vs Powell, the $10 trillion AGI prize",Huawei's Cloud Matrix 384 (fiber-optic interconnect) is a credible threat to US AI chip dominance if China has unconstrained power,"Baker argues that Huawei's Cloud Matrix 384 represents a credible and maturing domestic Chinese alternative to Nvidia's AI chips, specifically because it uses fiber-optic interconnects instead of copper to link chips at scale. While this architecture is less power-efficient than Nvidia's Blackwell NVL72, Baker notes that China has abundant power capacity, which neutralizes this disadvantage and makes the system viable for large-scale AI training. The implication is that if China's domestic AI chip ecosystem matures unconstrained by power limitations, Nvidia faces a structural risk to its dominance in the Chinese market and potentially globally, as Chinese hyperscalers could substitute away from US silicon. Baker uses this analysis to support the argument that H20 export restrictions are strategically important — without them, Huawei's alternative gains further legitimacy and adoption. The investment implication is a medium-term headwind for Nvidia's addressable market in China, with no clear US-listed direct beneficiary from Huawei's rise.",NVDA,"ASML, LRCX, AMAT, KLAC",OBVIOUS_UNIVERSE,LONG,False,All mentions. NVDA/MIXED was wrong (NVDA loses China revenue). Thesis = Western semicap-equipment monopolies protected by export controls.,-6.0,28.66,82.03,115.86,159.84,INSUFFICIENT_DATA,INSUFFICIENT_DATA,1.35,17.16,36.31,59.61,92.17,INSUFFICIENT_DATA,INSUFFICIENT_DATA,-7.35,11.49,45.72,56.25,67.67,INSUFFICIENT_DATA,INSUFFICIENT_DATA,2.45,6.21,10.85,14.03,19.47,INSUFFICIENT_DATA,INSUFFICIENT_DATA,-8.45,22.45,71.18,101.83,140.37,INSUFFICIENT_DATA,INSUFFICIENT_DATA
2025-07-17,Inference economics / token factories,1,4,FALSE,FALSE,TRUE,TRUE,FALSE,FALSE,FALSE,FALSE,FALSE,FALSE,FALSE,FALSE,,high_conviction,"All-In Podcast — Markets: pricing in tariffs, Trump vs Powell, the $10 trillion AGI prize",Being the lowest-cost token producer will be the defining competitive advantage in AI — a structural shift from prior tech cycles,"Baker argues that for the first time in his 25-year career as a technology investor, being the lowest-cost producer is the defining competitive advantage — a structural break from prior tech cycles where cost leadership was largely irrelevant. In AI, tokens produced per dollar of capital expenditure are the unit of intelligence, because more tokens enable greater test-time compute and post-training reinforcement learning, which directly translates to model capability. Companies that can produce tokens most cheaply will therefore compound their intelligence advantage over rivals in a way that has no historical precedent in tech investing. The investment implication is to favor companies with the most efficient AI infrastructure — those with proprietary silicon, the largest scale, or the most optimized training and inference stacks — over those that must rely on expensive third-party compute. Baker does not name specific winners explicitly, but the thesis structurally favors hyperscalers with custom silicon programs and companies building the most efficient inference and training hardware.",,CRWV,BAKER_NAMED,LONG,False,Source -> BAKER_NAMED; basket CRWV stays.,-24.39,5.32,-28.14,-11.62,-44.74,INSUFFICIENT_DATA,INSUFFICIENT_DATA,1.35,17.16,36.31,59.61,92.17,INSUFFICIENT_DATA,INSUFFICIENT_DATA,-25.74,-11.85,-64.45,-71.23,-136.91,INSUFFICIENT_DATA,INSUFFICIENT_DATA,2.45,6.21,10.85,14.03,19.47,INSUFFICIENT_DATA,INSUFFICIENT_DATA,-26.84,-0.89,-38.99,-25.65,-64.21,INSUFFICIENT_DATA,INSUFFICIENT_DATA
2025-07-17,Power / watts as binding constraint,6,6,TRUE,FALSE,FALSE,FALSE,FALSE,FALSE,FALSE,FALSE,FALSE,FALSE,FALSE,FALSE,,high_conviction,"All-In Podcast — Markets: pricing in tariffs, Trump vs Powell, the $10 trillion AGI prize",Electricity generation is the binding constraint on US AI dominance and closing the gap with China is urgent,"Baker argues that electrical generation capacity is the single most critical bottleneck constraining US AI competitiveness, and that the US is already at a disadvantage relative to China in this dimension. He contends that closing this gap requires aggressively scaling all forms of domestic power generation — natural gas, nuclear, solar, and battery storage — as quickly as possible. The investment implication is that energy infrastructure buildout is a structural, multi-year theme tied directly to AI dominance, not a discretionary or cyclical one. Baker frames this as a geopolitical urgency, not merely an economic opportunity, suggesting the stakes are national-level competitiveness in the race for AI supremacy.",,"VST, CEG",BAKER_NAMED,LONG,False,,6.51,23.63,5.13,-6.67,-15.01,INSUFFICIENT_DATA,INSUFFICIENT_DATA,1.35,17.16,36.31,59.61,92.17,INSUFFICIENT_DATA,INSUFFICIENT_DATA,5.16,6.46,-31.19,-66.28,-107.18,INSUFFICIENT_DATA,INSUFFICIENT_DATA,2.45,6.21,10.85,14.03,19.47,INSUFFICIENT_DATA,INSUFFICIENT_DATA,4.06,17.42,-5.73,-20.7,-34.48,INSUFFICIENT_DATA,INSUFFICIENT_DATA
2025-07-17,Stablecoin / Visa-MC disruption,1,1,FALSE,FALSE,TRUE,FALSE,FALSE,FALSE,FALSE,FALSE,FALSE,FALSE,FALSE,FALSE,,moderate,"All-In Podcast — Markets: pricing in tariffs, Trump vs Powell, the $10 trillion AGI prize",Stablecoins entrench rather than threaten US dollar dominance — Baker reversed a prior concern,"Baker describes a meaningful shift in his view on stablecoins and their relationship to US dollar dominance. He previously worried that stablecoins posed a risk to the dollar's reserve currency status, but after engaging with David Sacks's framing, he now believes the opposite: when a currency is already dominant, stablecoins entrench and extend that dominance by creating new digital rails that are denominated in and dependent on that currency. The implication is that stablecoins effectively export dollar hegemony globally, making the dollar more embedded in international commerce rather than less. Baker frames this explicitly as a view update, noting 'I just had not thought of them that way,' suggesting this is a recent intellectual shift rather than a long-held conviction. The investment implication is broadly constructive for crypto infrastructure and stablecoin-adjacent financial rails, though Baker does not name specific companies or assets as beneficiaries in this segment.",,"V, MA",OBVIOUS_UNIVERSE,SHORT,False,,-1.67,-0.21,4.0,7.3,-1.52,INSUFFICIENT_DATA,INSUFFICIENT_DATA,1.35,17.16,36.31,59.61,92.17,INSUFFICIENT_DATA,INSUFFICIENT_DATA,-3.02,-17.38,-32.31,-52.32,-93.68,INSUFFICIENT_DATA,INSUFFICIENT_DATA,2.45,6.21,10.85,14.03,19.47,INSUFFICIENT_DATA,INSUFFICIENT_DATA,-4.12,-6.42,-6.85,-6.74,-20.99,INSUFFICIENT_DATA,INSUFFICIENT_DATA
2025-10-22,Broad AI bullish / early innings,6,9,TRUE,FALSE,FALSE,FALSE,FALSE,FALSE,FALSE,FALSE,FALSE,FALSE,FALSE,FALSE,,high_conviction,"Invested by Aleph — Semiconductors, China/Taiwan fabs, global warming (China's Not Getting Taiwan's Fabs)",Semiconductors (public and private) are structurally advantaged because AI makes global GDP inexorably more silicon-intensive,"Baker argues that semiconductors represent a structurally advantaged investment category because AI fundamentally and permanently increases the silicon intensity of global GDP. His core evidence is a margin/compute-spend comparison: AI companies operate at roughly 40% gross margins with approximately 50% of revenue flowing to compute, versus traditional SaaS businesses at 85% gross margins with only ~5% going to compute — meaning the shift from SaaS to AI-native business models dramatically expands the total addressable market for silicon. This structural dynamic makes it difficult to bet against semiconductors as a category, and Baker expresses conviction across both public and private semiconductor investments. He is particularly enthusiastic about venture-stage semiconductor companies, noting that founders in this space are often experienced operators in their 50s with proven track records, which he views as a quality signal. The investment implication is a broad long bias on the semiconductor sector, with no single company singled out as the primary beneficiary.",,,NO_BASKET,,False,"Never-a-trade theme: macro commentary regardless of mention number, NO_BASKET for all mentions (operator 2026-07-16).",NO_BASKET,NO_BASKET,NO_BASKET,NO_BASKET,INSUFFICIENT_DATA,INSUFFICIENT_DATA,INSUFFICIENT_DATA,-3.99,18.53,50.03,62.51,INSUFFICIENT_DATA,INSUFFICIENT_DATA,INSUFFICIENT_DATA,NO_BASKET,NO_BASKET,NO_BASKET,NO_BASKET,INSUFFICIENT_DATA,INSUFFICIENT_DATA,INSUFFICIENT_DATA,-2.29,3.51,7.52,11.59,INSUFFICIENT_DATA,INSUFFICIENT_DATA,INSUFFICIENT_DATA,NO_BASKET,NO_BASKET,NO_BASKET,NO_BASKET,INSUFFICIENT_DATA,INSUFFICIENT_DATA,INSUFFICIENT_DATA
2025-10-22,China AI distillation / export controls,4,6,TRUE,TRUE,FALSE,FALSE,TRUE,FALSE,FALSE,FALSE,FALSE,FALSE,FALSE,FALSE,first_hc_not_first_mention,high_conviction,"Invested by Aleph — Semiconductors, China/Taiwan fabs, global warming (China's Not Getting Taiwan's Fabs)",US semiconductor export controls on China are working and have extended the Western lead to potentially multi-decade,"Baker argues that US semiconductor export controls on China are working effectively and have dramatically extended the Western technological lead, potentially to a multi-decade timeframe. He explicitly disagrees with Bill Gurley's view that export controls are counterproductive, citing that before controls were implemented China was approximately 6-8 years away from catching up in both semiconductor manufacturing and design, whereas now the gap has widened to roughly 4 years and is likely to continue expanding. His key insight is that semiconductor manufacturing knowledge is tacit and non-transferable — analogous to jet engine technology, which took China the longest to replicate in aviation despite having access to blueprints — meaning that even with stolen plans, China cannot simply copy leading-edge fabs. The investment implication is that Western semiconductor equipment and design companies with dominant positions in the supply chain face no credible Chinese competitive threat for the foreseeable future, reinforcing the durability of their moats and pricing power.","ASML, AMAT, KLAC, LRCX","ASML, LRCX, AMAT, KLAC",OBVIOUS_UNIVERSE,LONG,False,All mentions. NVDA/MIXED was wrong (NVDA loses China revenue). Thesis = Western semicap-equipment monopolies protected by export controls.,-1.22,43.64,74.63,97.59,INSUFFICIENT_DATA,INSUFFICIENT_DATA,INSUFFICIENT_DATA,-3.99,18.53,50.03,62.51,INSUFFICIENT_DATA,INSUFFICIENT_DATA,INSUFFICIENT_DATA,2.77,25.11,24.6,35.08,INSUFFICIENT_DATA,INSUFFICIENT_DATA,INSUFFICIENT_DATA,-2.29,3.51,7.52,11.59,INSUFFICIENT_DATA,INSUFFICIENT_DATA,INSUFFICIENT_DATA,1.07,40.12,67.11,86.0,INSUFFICIENT_DATA,INSUFFICIENT_DATA,INSUFFICIENT_DATA
2025-10-22,Edge AI as bear case for cloud,2,4,TRUE,FALSE,FALSE,FALSE,FALSE,FALSE,FALSE,FALSE,FALSE,FALSE,FALSE,FALSE,,moderate,"Invested by Aleph — Semiconductors, China/Taiwan fabs, global warming (China's Not Getting Taiwan's Fabs)",Edge AI / on-device AI is a meaningful risk to the centralized data center boom,"Baker identifies edge AI / on-device AI as a meaningful structural risk to the current hyperscale data center buildout, framing it explicitly as a downside scenario rather than a base case. He argues that within 2-3 years, a smartphone could run a 130 IQ AI locally that knows the user personally, handles tasks like banking, and only calls out to cloud AI for complex queries — dramatically reducing per-user cloud compute demand. This mirrors the historical oscillation between centralized mainframe computing and decentralized personal computing, suggesting the current centralized AI infrastructure boom may not be permanent. The investment implication is bearish for companies whose valuations depend heavily on sustained hyperscale data center demand growth, particularly those building or monetizing large-scale AI inference infrastructure. Baker does not name specific companies but the risk is most acute for hyperscaler capex beneficiaries like GPU suppliers and cloud infrastructure providers.",NVDA,"AAPL, QCOM",CONSTRUCTED,MIXED,False,,-1.3,-5.71,-2.98,16.36,INSUFFICIENT_DATA,INSUFFICIENT_DATA,INSUFFICIENT_DATA,-3.99,18.53,50.03,62.51,INSUFFICIENT_DATA,INSUFFICIENT_DATA,INSUFFICIENT_DATA,2.69,-24.23,-53.02,-46.15,INSUFFICIENT_DATA,INSUFFICIENT_DATA,INSUFFICIENT_DATA,-2.29,3.51,7.52,11.59,INSUFFICIENT_DATA,INSUFFICIENT_DATA,INSUFFICIENT_DATA,0.99,-9.22,-10.5,4.77,INSUFFICIENT_DATA,INSUFFICIENT_DATA,INSUFFICIENT_DATA
2025-10-22,Humanoid robotics / Tesla Optimus,4,6,TRUE,FALSE,FALSE,FALSE,FALSE,FALSE,FALSE,FALSE,FALSE,FALSE,FALSE,FALSE,,moderate,"Invested by Aleph — Semiconductors, China/Taiwan fabs, global warming (China's Not Getting Taiwan's Fabs)",Humanoid robots will be ubiquitous in homes and factories within 10 years,"Baker predicts that humanoid robots will be ubiquitous in both homes and factories within a 10-year timeframe, framing this as a high-conviction long-term structural view. He cites the Optimus robot (Tesla's humanoid) mining asteroids as an even longer-term vision, suggesting he sees the trajectory of humanoid robotics extending well beyond near-term industrial use cases. The thesis is presented alongside a prediction about the arrival of artificial superintelligence (ASI), implying Baker views these as complementary mega-trends in the coming decade. However, Baker does not name specific investable companies or provide a detailed mechanism for how to express this view, making the investment implication directionally clear (long humanoid robotics exposure) but not precisely actionable from this excerpt alone.",TSLA,TSLA,BAKER_NAMED,LONG,False,,-9.96,2.3,-14.28,-29.56,INSUFFICIENT_DATA,INSUFFICIENT_DATA,INSUFFICIENT_DATA,-3.99,18.53,50.03,62.51,INSUFFICIENT_DATA,INSUFFICIENT_DATA,INSUFFICIENT_DATA,-5.98,-16.23,-64.31,-92.07,INSUFFICIENT_DATA,INSUFFICIENT_DATA,INSUFFICIENT_DATA,-2.29,3.51,7.52,11.59,INSUFFICIENT_DATA,INSUFFICIENT_DATA,INSUFFICIENT_DATA,-7.68,-1.22,-21.79,-41.15,INSUFFICIENT_DATA,INSUFFICIENT_DATA,INSUFFICIENT_DATA
2025-10-22,Intel recovery / foundry failure,3,3,TRUE,FALSE,FALSE,FALSE,FALSE,FALSE,FALSE,FALSE,FALSE,FALSE,FALSE,FALSE,,moderate,"Invested by Aleph — Semiconductors, China/Taiwan fabs, global warming (China's Not Getting Taiwan's Fabs)","Intel has a real path to recovery under Lip-Bu Tan with US government support, and American-made wafers could command ~100% price premium","Baker argues that Intel has a credible path to recovery under new CEO Lip-Bu Tan, whom he describes as a legendary semiconductor investor and executive who genuinely understands what needs to be done — contrasting him favorably with Pat Gelsinger, whom Baker believes was unfairly maligned despite pursuing the only viable strategy. The US government taking an equity stake in Intel signals that it is viewed as a national strategic asset, providing both financial support and political cover for the turnaround. Baker points to TSMC's Arizona fab as proof of concept for the geopolitical premium thesis: Arizona capacity sold out instantly and prices were raised 20% — and it still sold out — suggesting demand for American-made wafers is inelastic at current price levels. Baker believes geopolitical fears around Taiwan are real enough that American-fabricated wafers could command close to a 100% price premium over equivalent offshore production, making Intel's domestic foundry ambitions potentially very valuable if execution improves.","INTC, TSM",INTC,BAKER_NAMED,LONG,False,,-8.94,22.07,123.56,148.29,INSUFFICIENT_DATA,INSUFFICIENT_DATA,INSUFFICIENT_DATA,-3.99,18.53,50.03,62.51,INSUFFICIENT_DATA,INSUFFICIENT_DATA,INSUFFICIENT_DATA,-4.95,3.55,73.53,85.78,INSUFFICIENT_DATA,INSUFFICIENT_DATA,INSUFFICIENT_DATA,-2.29,3.51,7.52,11.59,INSUFFICIENT_DATA,INSUFFICIENT_DATA,INSUFFICIENT_DATA,-6.65,18.56,116.05,136.7,INSUFFICIENT_DATA,INSUFFICIENT_DATA,INSUFFICIENT_DATA
2025-10-22,Nvidia GPU moat / CUDA ecosystem,6,9,TRUE,FALSE,FALSE,FALSE,FALSE,FALSE,FALSE,FALSE,FALSE,FALSE,FALSE,FALSE,,high_conviction,"Invested by Aleph — Semiconductors, China/Taiwan fabs, global warming (China's Not Getting Taiwan's Fabs)",Nvidia is extremely difficult to displace as the dominant accelerator platform; attempts to out-GPU the GPU are largely a fool's errand,"Baker argues that Nvidia is extraordinarily difficult to displace as the dominant AI accelerator platform, characterizing attempts to replicate GPU capabilities head-on as 'a fool's errand' and stating it is 'very hard to out-Nvidia Nvidia.' His reasoning centers on Nvidia's deep systems and software stack (CUDA ecosystem) which competitors cannot easily replicate — AMD, despite being a good company, lacks this integrated stack. Baker uses historical evidence to support the durability of Nvidia's moat: Google's TPU required three full generations before achieving meaningful success, and AWS Trainium — which he considers the best hyperscaler silicon effort — still needs 2-3 more generations to be competitive. The investment implication is a strong long bias on NVDA, with skepticism toward hyperscaler ASIC programs as near-to-medium-term threats, and limited conviction in AMD as a credible GPU alternative.","NVDA, AMD, GOOGL, AMZN",NVDA,BAKER_NAMED,LONG,False,,0.2,4.1,15.54,9.14,INSUFFICIENT_DATA,INSUFFICIENT_DATA,INSUFFICIENT_DATA,-3.99,18.53,50.03,62.51,INSUFFICIENT_DATA,INSUFFICIENT_DATA,INSUFFICIENT_DATA,4.19,-14.42,-34.5,-53.37,INSUFFICIENT_DATA,INSUFFICIENT_DATA,INSUFFICIENT_DATA,-2.29,3.51,7.52,11.59,INSUFFICIENT_DATA,INSUFFICIENT_DATA,INSUFFICIENT_DATA,2.49,0.59,8.02,-2.45,INSUFFICIENT_DATA,INSUFFICIENT_DATA,INSUFFICIENT_DATA
2025-10-22,Reasoning / inference-time compute,4,7,TRUE,FALSE,FALSE,FALSE,FALSE,FALSE,FALSE,FALSE,FALSE,FALSE,FALSE,FALSE,,high_conviction,"Invested by Aleph — Semiconductors, China/Taiwan fabs, global warming (China's Not Getting Taiwan's Fabs)",Scaled foundation model companies are dramatically better investments post-reasoning models due to emergence of data flywheel,"Baker argues that the emergence of reasoning models (via RLVF and test-time compute) has fundamentally changed the investment case for scaled foundation model companies by creating a user-data-product flywheel that did not previously exist in standard LLMs. Specifically, he contends that a large user base now directly feeds back into model quality improvement, giving companies with massive user bases a compounding structural advantage that smaller or newer entrants cannot easily replicate. Baker identifies OpenAI, Anthropic, XAI, and Google DeepMind as the primary beneficiaries of this dynamic, viewing them as a durable oligopoly that can now be valued on revenue multiples rather than speculative metrics. The investment implication is that scaled foundation model companies are dramatically better investments post-reasoning than they were before, and that this structural moat makes them long-term holds. Notably, most of the named beneficiaries (OpenAI, Anthropic, XAI) are private, limiting direct public equity expression of this thesis.","GOOGL, MSFT",GOOGL,BAKER_NAMED,LONG,False,Flywheel theses (reasoning creates a data flywheel for scaled model cos; beneficiaries OpenAI/Anthropic/xAI/Google) -> GOOGL (public proxy).,15.0,30.38,37.02,30.0,INSUFFICIENT_DATA,INSUFFICIENT_DATA,INSUFFICIENT_DATA,-3.99,18.53,50.03,62.51,INSUFFICIENT_DATA,INSUFFICIENT_DATA,INSUFFICIENT_DATA,18.99,11.85,-13.01,-32.51,INSUFFICIENT_DATA,INSUFFICIENT_DATA,INSUFFICIENT_DATA,-2.29,3.51,7.52,11.59,INSUFFICIENT_DATA,INSUFFICIENT_DATA,INSUFFICIENT_DATA,17.29,26.86,29.5,18.41,INSUFFICIENT_DATA,INSUFFICIENT_DATA,INSUFFICIENT_DATA
2025-10-22,SpaceX ecosystem / Starship economics,4,13,TRUE,FALSE,FALSE,FALSE,FALSE,FALSE,FALSE,FALSE,FALSE,FALSE,FALSE,FALSE,,high_conviction,"Invested by Aleph — Semiconductors, China/Taiwan fabs, global warming (China's Not Getting Taiwan's Fabs)","SpaceX is the highest risk-adjusted return (Sharpe ratio) asset available in any market, public or private","Baker argues that SpaceX represents the single highest risk-adjusted return (Sharpe ratio) investment available across all public and private markets, making it his highest-conviction idea. His reasoning rests on three pillars: Starlink alone addresses a $1 trillion-plus global telecom market with a product he views as structurally superior to all terrestrial alternatives; SpaceX is the most critical Western defense asset, which he ranks above even Anduril in strategic importance; and the company exhibits 'pro-entropic' characteristics, meaning it becomes more valuable as global disorder increases. Baker also cites long-term optionality by comparing SpaceX's potential trajectory to the British East India Company, implying it could become a dominant commercial and geopolitical force across the solar system. The investment implication is a strong long conviction in SpaceX as a private market holding, with no directly traded public equity proxy he identifies.",,,NO_BASKET,,True,"v4 review: NO_BASKET (removed from scored returns). Private/macro, agree with model",NO_BASKET,NO_BASKET,NO_BASKET,NO_BASKET,INSUFFICIENT_DATA,INSUFFICIENT_DATA,INSUFFICIENT_DATA,-3.99,18.53,50.03,62.51,INSUFFICIENT_DATA,INSUFFICIENT_DATA,INSUFFICIENT_DATA,NO_BASKET,NO_BASKET,NO_BASKET,NO_BASKET,INSUFFICIENT_DATA,INSUFFICIENT_DATA,INSUFFICIENT_DATA,-2.29,3.51,7.52,11.59,INSUFFICIENT_DATA,INSUFFICIENT_DATA,INSUFFICIENT_DATA,NO_BASKET,NO_BASKET,NO_BASKET,NO_BASKET,INSUFFICIENT_DATA,INSUFFICIENT_DATA,INSUFFICIENT_DATA
2025-10-22,xAI competitive position,4,9,TRUE,TRUE,FALSE,FALSE,TRUE,FALSE,FALSE,FALSE,FALSE,FALSE,FALSE,FALSE,first_hc_not_first_mention,high_conviction,"Invested by Aleph — Semiconductors, China/Taiwan fabs, global warming (China's Not Getting Taiwan's Fabs)","XAI and Google have the most unique data among frontier labs, giving them structural training advantages","Baker argues that among frontier AI labs, xAI and Google possess the most structurally defensible data moats, giving them durable training advantages over competitors. His reasoning is that xAI has exclusive access to the X platform's real-time social data stream, while Google benefits from its unmatched search index and knowledge graph — both representing data assets that cannot be replicated by rivals. This view represents a refinement of his prior thesis that foundation models lacking unique proprietary data are the fastest-depreciating assets in technology. Baker notes that Anthropic made a smart early bet on code-focused training data, and OpenAI secured internet-scale distribution by being first to market, but neither has the same quality of unique, ongoing data generation as xAI or Google. The investment implication is that GOOGL is the primary publicly-listed beneficiary of this structural data moat thesis, as xAI remains private.",GOOGL,,NO_BASKET,,False,clustering-fix (2026-07-16) NO_BASKET: flag decision: not a trade,NO_BASKET,NO_BASKET,NO_BASKET,NO_BASKET,INSUFFICIENT_DATA,INSUFFICIENT_DATA,INSUFFICIENT_DATA,-3.99,18.53,50.03,62.51,INSUFFICIENT_DATA,INSUFFICIENT_DATA,INSUFFICIENT_DATA,NO_BASKET,NO_BASKET,NO_BASKET,NO_BASKET,INSUFFICIENT_DATA,INSUFFICIENT_DATA,INSUFFICIENT_DATA,-2.29,3.51,7.52,11.59,INSUFFICIENT_DATA,INSUFFICIENT_DATA,INSUFFICIENT_DATA,NO_BASKET,NO_BASKET,NO_BASKET,NO_BASKET,INSUFFICIENT_DATA,INSUFFICIENT_DATA,INSUFFICIENT_DATA
2025-10-30,AI capex ROI positive,3,8,TRUE,TRUE,FALSE,FALSE,FALSE,TRUE,FALSE,FALSE,FALSE,FALSE,FALSE,FALSE,third_within_1yr,high_conviction,a16z Podcast — Is there an AI bubble?,Hyperscaler capex ROI has been strongly positive; debate is whether it continues with Blackwell ramp,"Baker argues that the ROI on hyperscaler AI capex has been unambiguously positive to date, citing roughly 10-point increases in ROIC across the major public cloud and AI spenders since they began ramping GPU infrastructure. He contends that the 'AI bubble' debate is largely misframed because the financial returns are already visible in the numbers, not speculative. Baker personally believes ROI will remain positive through the Blackwell buildout cycle, though he acknowledges this forward-looking view is genuinely contested. As a collective buffer against capex risk, he notes these hyperscalers generate approximately $300B in annual free cash flow and hold ~$500B in cash, creating an ~$800B cushion that limits downside even if returns compress. The investment implication is to remain long the major hyperscalers as a group, with the key watch item being whether Blackwell-era spending sustains the ROIC trajectory.","GOOGL, META, MSFT, AMZN",,NO_BASKET,,False,"Never-a-trade theme: macro commentary regardless of mention number, NO_BASKET for all mentions (operator 2026-07-16). Supersedes the v4 m4 2025-03-29 -> NVDA CHANGE.",NO_BASKET,NO_BASKET,NO_BASKET,NO_BASKET,INSUFFICIENT_DATA,INSUFFICIENT_DATA,INSUFFICIENT_DATA,-2.96,12.51,39.76,58.77,INSUFFICIENT_DATA,INSUFFICIENT_DATA,INSUFFICIENT_DATA,NO_BASKET,NO_BASKET,NO_BASKET,NO_BASKET,INSUFFICIENT_DATA,INSUFFICIENT_DATA,INSUFFICIENT_DATA,0.06,2.59,6.22,14.4,INSUFFICIENT_DATA,INSUFFICIENT_DATA,INSUFFICIENT_DATA,NO_BASKET,NO_BASKET,NO_BASKET,NO_BASKET,INSUFFICIENT_DATA,INSUFFICIENT_DATA,INSUFFICIENT_DATA
2025-10-30,Custom ASIC failure thesis,1,2,FALSE,TRUE,TRUE,TRUE,FALSE,FALSE,TRUE,FALSE,FALSE,FALSE,FALSE,FALSE,first_with_tickers,high_conviction,a16z Podcast — Is there an AI bubble?,Most custom ASIC programs will fail within 3 years; Google TPU external sales could be the catalyst,"Baker argues that the vast majority of custom ASIC programs being pursued by hyperscalers will fail within three years, making this a high-conviction contrarian call against the prevailing narrative that in-house silicon will displace Nvidia. His reasoning is that custom silicon is extraordinarily difficult to execute — Google itself required three full generations of iteration before its TPU became viable — and most hyperscalers lack the institutional knowledge and engineering depth to replicate that journey. Baker specifically singles out Broadcom's go-to-market strategy of pairing custom ASICs with an Ethernet fabric as an alternative to Nvidia's NVLink/InfiniBand stack, expressing skepticism that this approach will succeed at scale. The investment implication is that Nvidia remains the dominant AI accelerator vendor by default, while AMD persists only as a necessary second-source; Google's potential external TPU sales could be the key catalyst that exposes the weakness of competing ASIC programs by offering a credible third option that most hyperscalers still cannot match internally. Broadcom is identified as the primary company whose ASIC business faces execution risk, while Nvidia is the structural beneficiary if custom ASIC programs broadly fail.","NVDA, AVGO, AMD, GOOGL","NVDA, GOOGL, AVGO(short)",PAIR_TRADE,PAIR_TRADE,False,All mentions. PAIR_TRADE: long NVDA+GOOGL / short AVGO. No returns computed.,PAIR_TRADE,PAIR_TRADE,PAIR_TRADE,PAIR_TRADE,INSUFFICIENT_DATA,INSUFFICIENT_DATA,INSUFFICIENT_DATA,-2.96,12.51,39.76,58.77,INSUFFICIENT_DATA,INSUFFICIENT_DATA,INSUFFICIENT_DATA,PAIR_TRADE,PAIR_TRADE,PAIR_TRADE,PAIR_TRADE,INSUFFICIENT_DATA,INSUFFICIENT_DATA,INSUFFICIENT_DATA,0.06,2.59,6.22,14.4,INSUFFICIENT_DATA,INSUFFICIENT_DATA,INSUFFICIENT_DATA,PAIR_TRADE,PAIR_TRADE,PAIR_TRADE,PAIR_TRADE,INSUFFICIENT_DATA,INSUFFICIENT_DATA,INSUFFICIENT_DATA
2025-10-30,Google TPU competitive position,2,5,TRUE,FALSE,FALSE,FALSE,FALSE,FALSE,FALSE,FALSE,FALSE,FALSE,FALSE,FALSE,,high_conviction,a16z Podcast — Is there an AI bubble?,"Nvidia's biggest competitive threat is Google's TPU, not AMD, Broadcom, or Intel","Baker argues that Nvidia's primary competitive threat in AI chips is not AMD, Broadcom, or Intel, but rather Google via its TPU infrastructure — which he identifies as currently the only viable alternative for training workloads and arguably the best inference alternative available. His reasoning is structural: Google is uniquely dangerous because it is simultaneously a chip competitor (TPUs) and a leading AI model developer (DeepMind/Gemini), which Baker believes is the top AI company today having gained 15-20 points of traffic share in just 2-3 months. He further notes that Anthropic, which is captive to Amazon and Google, will run on TPUs and Amazon's Trainium rather than Nvidia GPUs, and that only XAI and OpenAI remain as meaningfully Nvidia-dependent frontier labs. The investment implication is that Nvidia's long-term GPU dominance faces a more serious structural erosion from hyperscaler-owned silicon than from traditional semiconductor competitors, and that AMD, Broadcom, and Intel are largely irrelevant to this competitive dynamic.","NVDA, GOOGL, AMZN",GOOGL,BAKER_NAMED,LONG,False,,11.87,22.18,36.34,34.43,INSUFFICIENT_DATA,INSUFFICIENT_DATA,INSUFFICIENT_DATA,-2.96,12.51,39.76,58.77,INSUFFICIENT_DATA,INSUFFICIENT_DATA,INSUFFICIENT_DATA,14.83,9.67,-3.42,-24.34,INSUFFICIENT_DATA,INSUFFICIENT_DATA,INSUFFICIENT_DATA,0.06,2.59,6.22,14.4,INSUFFICIENT_DATA,INSUFFICIENT_DATA,INSUFFICIENT_DATA,11.8,19.59,30.12,20.03,INSUFFICIENT_DATA,INSUFFICIENT_DATA,INSUFFICIENT_DATA
2025-10-30,Humanoid robotics / Tesla Optimus,5,6,TRUE,FALSE,FALSE,FALSE,FALSE,FALSE,FALSE,FALSE,FALSE,FALSE,FALSE,FALSE,,moderate,a16z Podcast — Is there an AI bubble?,Robotics will be Tesla vs. Chinese competitors — humanoid form factor debate is over,"Baker argues that humanoid robotics is a genuine and significant opportunity, and that the debate over humanoid versus non-humanoid form factors is definitively settled in favor of humanoids. His reasoning is that humanoids can leverage the vast corpus of human motion data — learning from YouTube videos and demonstrations via motion capture suits — giving them a compounding learning advantage over purpose-built non-humanoid robots. He frames the competitive landscape as mirroring the EV dynamic: Tesla as the leading Western player facing intense competition from Chinese manufacturers, suggesting a duopolar structure rather than a single winner. Optimus-specific videos are reportedly impressing professional roboticists, which Baker cites as a signal of genuine technical progress rather than hype. The investment implication is a long position in Tesla as the primary Western-listed humanoid robotics play, with awareness that Chinese competitors (largely not US-listed) will be formidable.",TSLA,TSLA,BAKER_NAMED,LONG,False,,-2.26,-4.16,-10.81,-25.62,INSUFFICIENT_DATA,INSUFFICIENT_DATA,INSUFFICIENT_DATA,-2.96,12.51,39.76,58.77,INSUFFICIENT_DATA,INSUFFICIENT_DATA,INSUFFICIENT_DATA,0.7,-16.67,-50.58,-84.39,INSUFFICIENT_DATA,INSUFFICIENT_DATA,INSUFFICIENT_DATA,0.06,2.59,6.22,14.4,INSUFFICIENT_DATA,INSUFFICIENT_DATA,INSUFFICIENT_DATA,-2.33,-6.75,-17.03,-40.02,INSUFFICIENT_DATA,INSUFFICIENT_DATA,INSUFFICIENT_DATA
2025-10-30,Nvidia GPU moat / CUDA ecosystem,7,9,TRUE,FALSE,FALSE,FALSE,FALSE,FALSE,FALSE,FALSE,FALSE,FALSE,FALSE,FALSE,,high_conviction,a16z Podcast — Is there an AI bubble?,Nvidia's roundtripping investments in AI labs are strategically rational competitive responses to Google's TPU ecosystem,"Baker argues that Nvidia's equity investments in AI labs like OpenAI and xAI — often criticized as 'roundtripping' where Nvidia invests cash that comes back as chip purchases — are strategically rational competitive responses rather than financial engineering. His core reasoning is that Google funds Anthropic with both chips and capital, creating a bundled competitive offering that locks in Anthropic as a TPU customer; Nvidia must mirror this strategy to retain OpenAI and xAI as GPU customers or risk losing them to Google's ecosystem. Baker dismisses roundtripping concerns as 'pretty overblown,' framing every move Jensen Huang has made as completely rational long-term strategy, and notes that Huang is one of the two best CEOs he has ever encountered. The investment implication is that NVDA's balance sheet deployments into AI labs should be viewed as customer retention and competitive moat-building rather than as a red flag, making the stock more attractive than the roundtripping narrative suggests. No specific financial figures or timeframes are cited, but the medium-term horizon implies Baker expects this competitive dynamic to persist through the current AI infrastructure buildout cycle.","NVDA, GOOGL",NVDA,BAKER_NAMED,LONG,False,,-11.32,-8.51,-2.16,4.59,INSUFFICIENT_DATA,INSUFFICIENT_DATA,INSUFFICIENT_DATA,-2.96,12.51,39.76,58.77,INSUFFICIENT_DATA,INSUFFICIENT_DATA,INSUFFICIENT_DATA,-8.36,-21.02,-41.93,-54.18,INSUFFICIENT_DATA,INSUFFICIENT_DATA,INSUFFICIENT_DATA,0.06,2.59,6.22,14.4,INSUFFICIENT_DATA,INSUFFICIENT_DATA,INSUFFICIENT_DATA,-11.39,-11.11,-8.38,-9.81,INSUFFICIENT_DATA,INSUFFICIENT_DATA,INSUFFICIENT_DATA
2025-10-30,SaaS existential disruption,3,6,TRUE,FALSE,FALSE,FALSE,FALSE,FALSE,FALSE,FALSE,FALSE,FALSE,FALSE,FALSE,,high_conviction,a16z Podcast — Is there an AI bubble?,Application SaaS companies must accept gross margin compression to succeed in AI — avoiding it is an existential mistake,"Baker argues that it is 'definitionally impossible' for application SaaS companies to succeed in AI while preserving their current 80-90% gross margins, because the compute intensity of AI inference and the economics of scaling laws structurally require higher cost of goods sold. He draws an explicit parallel to Microsoft and Adobe's cloud transitions, where both companies accepted meaningful gross margin compression during the shift yet went on to be exceptional stocks — suggesting the market should reward, not punish, AI-driven margin compression. His contrarian warning is directed at SaaS companies that are trying to protect legacy gross margin profiles by under-investing in AI compute, which he frames as the same category error retailers made when dismissing Amazon's low-margin e-commerce model as unsustainable. The investment implication is that investors should not screen out or penalize SaaS companies for gross margin compression if that compression is driven by AI adoption and scaling — rather, it should be read as a signal of competitive seriousness. Baker does not name specific SaaS companies as buy or sell targets; the thesis is a sector-wide structural framework about how to interpret AI-era income statements.",,"CRM, NOW, TEAM, SNOW, HUBS",OBVIOUS_UNIVERSE,SHORT,False,All mentions. HUBS restored.,11.18,31.23,43.05,24.86,INSUFFICIENT_DATA,INSUFFICIENT_DATA,INSUFFICIENT_DATA,-2.96,12.51,39.76,58.77,INSUFFICIENT_DATA,INSUFFICIENT_DATA,INSUFFICIENT_DATA,14.14,18.72,3.29,-33.91,INSUFFICIENT_DATA,INSUFFICIENT_DATA,INSUFFICIENT_DATA,0.06,2.59,6.22,14.4,INSUFFICIENT_DATA,INSUFFICIENT_DATA,INSUFFICIENT_DATA,11.11,28.63,36.84,10.46,INSUFFICIENT_DATA,INSUFFICIENT_DATA,INSUFFICIENT_DATA
2025-10-30,Scaling laws intact,6,8,TRUE,FALSE,FALSE,FALSE,FALSE,FALSE,FALSE,FALSE,FALSE,FALSE,FALSE,FALSE,,high_conviction,a16z Podcast — Is there an AI bubble?,"GPT-5 references to scaling law failure are misguided — it was designed for economics, not capability","Baker argues forcefully that the market's interpretation of GPT-5 as evidence of scaling law failure is fundamentally mistaken. He contends that GPT-5 was deliberately designed as a smaller, more economical model optimized for cost efficiency and commercial deployment economics — not as a frontier capability model intended to push the boundaries of AI performance. Because GPT-5 was never meant to be a capability benchmark, drawing any conclusions about the health or limits of scaling laws from its performance is, in Baker's words, 'crazy.' The investment implication is that scaling laws remain intact, and the broader AI infrastructure buildout thesis — including continued demand for high-end compute — should not be derailed by GPT-5 narratives. Baker does not cite specific numbers but is high-conviction and dismissive of the consensus bearish read on scaling.",,,NO_BASKET,,False,"v4 review: NO_BASKET (removed from scored returns). Theme is macro commentary, never a specific trade",NO_BASKET,NO_BASKET,NO_BASKET,NO_BASKET,INSUFFICIENT_DATA,INSUFFICIENT_DATA,INSUFFICIENT_DATA,-2.96,12.51,39.76,58.77,INSUFFICIENT_DATA,INSUFFICIENT_DATA,INSUFFICIENT_DATA,NO_BASKET,NO_BASKET,NO_BASKET,NO_BASKET,INSUFFICIENT_DATA,INSUFFICIENT_DATA,INSUFFICIENT_DATA,0.06,2.59,6.22,14.4,INSUFFICIENT_DATA,INSUFFICIENT_DATA,INSUFFICIENT_DATA,NO_BASKET,NO_BASKET,NO_BASKET,NO_BASKET,INSUFFICIENT_DATA,INSUFFICIENT_DATA,INSUFFICIENT_DATA
2025-12-09,AI capex ROI positive,4,8,TRUE,FALSE,FALSE,FALSE,FALSE,FALSE,FALSE,FALSE,FALSE,FALSE,FALSE,FALSE,,high_conviction,"Invest Like the Best (YouTube) — GPUs, TPUs, economics of AI (Nvidia vs Google)",AI ROI is empirically positive and unambiguous based on ROIC data from public GPU spenders,"Baker argues that the ROI debate around AI spending is empirically settled and 'strange' given publicly available data: the largest GPU buyers are public companies with audited financials, and their ROIC is measurably higher now than before they ramped GPU capex. He identifies two primary drivers of this ROIC improvement — opex savings from AI automation and the migration of recommendation and advertising systems from CPUs to GPUs, which has driven both efficiency gains and revenue acceleration. As a cautionary counterpoint, Baker notes that Meta's ROIC declined in the one quarter it failed to produce a frontier model, underscoring that continued AI investment and capability advancement is necessary to sustain these returns. The investment implication is that the largest hyperscaler GPU spenders — companies with the scale to deploy AI across advertising, cloud, and consumer products — are generating real, auditable returns, making the bear case on AI capex ROI empirically weak. Baker frames this as a structural, ongoing dynamic rather than a one-time event, suggesting continued GPU spending by these companies is justified and likely.","META, GOOGL",,NO_BASKET,,False,"Never-a-trade theme: macro commentary regardless of mention number, NO_BASKET for all mentions (operator 2026-07-16). Supersedes the v4 m4 2025-03-29 -> NVDA CHANGE.",NO_BASKET,NO_BASKET,NO_BASKET,NO_BASKET,INSUFFICIENT_DATA,INSUFFICIENT_DATA,INSUFFICIENT_DATA,5.81,5.51,65.68,54.55,INSUFFICIENT_DATA,INSUFFICIENT_DATA,INSUFFICIENT_DATA,NO_BASKET,NO_BASKET,NO_BASKET,NO_BASKET,INSUFFICIENT_DATA,INSUFFICIENT_DATA,INSUFFICIENT_DATA,1.92,-2.2,8.63,12.82,INSUFFICIENT_DATA,INSUFFICIENT_DATA,INSUFFICIENT_DATA,NO_BASKET,NO_BASKET,NO_BASKET,NO_BASKET,INSUFFICIENT_DATA,INSUFFICIENT_DATA,INSUFFICIENT_DATA
2025-12-09,Anthropic valuation / efficiency,1,5,FALSE,TRUE,TRUE,FALSE,FALSE,FALSE,TRUE,FALSE,FALSE,FALSE,FALSE,FALSE,first_with_tickers,moderate,"Invest Like the Best (YouTube) — GPUs, TPUs, economics of AI (Nvidia vs Google)","Anthropic is burning dramatically less cash than OpenAI while growing faster, benefiting from Google/Amazon TPU and Trainium access","Baker argues that Anthropic is demonstrating superior capital efficiency relative to OpenAI, burning dramatically less cash while growing faster, which he attributes in large part to its privileged access to Google TPUs and Amazon Trainium chips — compute infrastructure that carries lower cost than Nvidia GPUs. He notes that Anthropic's cloud partnerships with Google and Amazon effectively give it the same low-cost compute advantages that Google enjoys internally, structurally advantaging it versus OpenAI which relies more heavily on expensive Nvidia hardware. Baker views Anthropic's recent $5B deal with Nvidia as strategically significant, interpreting it as a signal that CEO Dario Amodei believes Blackwell and future Rubin GPUs will be superior to TPUs and that Anthropic is hedging its compute stack accordingly. The investment implication is not a direct public equity play on Anthropic itself (private), but Baker's framing implicitly credits Google and Amazon as infrastructure beneficiaries whose TPU and Trainium platforms are enabling a credible, capital-efficient challenger to OpenAI.","GOOGL, AMZN, NVDA",,NO_BASKET,LONG,False,,NO_BASKET,NO_BASKET,NO_BASKET,NO_BASKET,INSUFFICIENT_DATA,INSUFFICIENT_DATA,INSUFFICIENT_DATA,5.81,5.51,65.68,54.55,INSUFFICIENT_DATA,INSUFFICIENT_DATA,INSUFFICIENT_DATA,NO_BASKET,NO_BASKET,NO_BASKET,NO_BASKET,INSUFFICIENT_DATA,INSUFFICIENT_DATA,INSUFFICIENT_DATA,1.92,-2.2,8.63,12.82,INSUFFICIENT_DATA,INSUFFICIENT_DATA,INSUFFICIENT_DATA,NO_BASKET,NO_BASKET,NO_BASKET,NO_BASKET,INSUFFICIENT_DATA,INSUFFICIENT_DATA,INSUFFICIENT_DATA
2025-12-09,China AI distillation / export controls,5,6,TRUE,FALSE,FALSE,FALSE,FALSE,FALSE,FALSE,FALSE,FALSE,FALSE,FALSE,FALSE,,moderate,"Invest Like the Best (YouTube) — GPUs, TPUs, economics of AI (Nvidia vs Google)",China made a strategic error by restricting Blackwell access; the gap between American frontier labs and Chinese AI will widen significantly,"Baker argues that China made a strategic geopolitical error by restricting its AI labs' access to Nvidia Blackwell GPUs, forcing them to rely on inferior domestic alternatives like Huawei Ascend chips. He cites DeepSeek's v3.2 paper as implicit acknowledgment that compute scarcity is a meaningful competitive disadvantage for Chinese labs, suggesting the gap is already widening. As Blackwell deploys at scale across American frontier labs, Baker contends the capability differential will compound dramatically, with China likely recognizing the mistake only in late 2026 — by which point American labs will have built durable, compounding advantages. The investment implication is that Nvidia is the direct beneficiary, as American labs will continue to aggressively procure Blackwell GPUs while Chinese demand is structurally suppressed, concentrating the most advanced compute spending in the US. Baker also dismisses the rare earth leverage narrative, arguing alternatives are being developed rapidly, reducing China's retaliatory options.",NVDA,"ASML, LRCX, AMAT, KLAC",OBVIOUS_UNIVERSE,LONG,False,All mentions. NVDA/MIXED was wrong (NVDA loses China revenue). Thesis = Western semicap-equipment monopolies protected by export controls.,18.32,22.46,98.77,63.29,INSUFFICIENT_DATA,INSUFFICIENT_DATA,INSUFFICIENT_DATA,5.81,5.51,65.68,54.55,INSUFFICIENT_DATA,INSUFFICIENT_DATA,INSUFFICIENT_DATA,12.51,16.95,33.09,8.74,INSUFFICIENT_DATA,INSUFFICIENT_DATA,INSUFFICIENT_DATA,1.92,-2.2,8.63,12.82,INSUFFICIENT_DATA,INSUFFICIENT_DATA,INSUFFICIENT_DATA,16.4,24.66,90.14,50.47,INSUFFICIENT_DATA,INSUFFICIENT_DATA,INSUFFICIENT_DATA
2025-12-09,Custom ASIC failure thesis,2,2,TRUE,FALSE,FALSE,FALSE,FALSE,FALSE,FALSE,FALSE,FALSE,FALSE,FALSE,FALSE,,high_conviction,"Invest Like the Best (YouTube) — GPUs, TPUs, economics of AI (Nvidia vs Google)",Most ASICs other than Trainium and TPU will fail; only those with multi-generation experience will be competitive,"Baker argues that the ASIC market for AI accelerators will consolidate to only two viable players — Google's TPU and Amazon's Trainium — because building a competitive ASIC requires at least three chip generations of accumulated learning, a bar that almost no other company can meet. He supports this with the historical example of Google's TPU, which was not competitive until v3/v4, and notes that Amazon's Trainium 3 is the first generation that is merely 'okay,' with Trainium 4 likely to be genuinely good. Baker explicitly states he will be surprised if any ASICs beyond Trainium and TPU succeed, implying that all other ASIC efforts — from startups and hyperscalers alike — will fail to achieve competitive scale. Compounding this, Nvidia's annual GPU cadence raises the full-stack competitive bar continuously, making it structurally harder for any new ASIC entrant to catch up. The investment implication is that Nvidia remains the dominant AI accelerator beneficiary by default, while Amazon and Google are the only credible internal ASIC challengers, and AMD and other GPU/ASIC competitors are unlikely to displace this dynamic.","NVDA, AMZN, GOOGL","NVDA, GOOGL, AVGO(short)",PAIR_TRADE,PAIR_TRADE,False,All mentions. PAIR_TRADE: long NVDA+GOOGL / short AVGO. No returns computed.,PAIR_TRADE,PAIR_TRADE,PAIR_TRADE,PAIR_TRADE,INSUFFICIENT_DATA,INSUFFICIENT_DATA,INSUFFICIENT_DATA,5.81,5.51,65.68,54.55,INSUFFICIENT_DATA,INSUFFICIENT_DATA,INSUFFICIENT_DATA,PAIR_TRADE,PAIR_TRADE,PAIR_TRADE,PAIR_TRADE,INSUFFICIENT_DATA,INSUFFICIENT_DATA,INSUFFICIENT_DATA,1.92,-2.2,8.63,12.82,INSUFFICIENT_DATA,INSUFFICIENT_DATA,INSUFFICIENT_DATA,PAIR_TRADE,PAIR_TRADE,PAIR_TRADE,PAIR_TRADE,INSUFFICIENT_DATA,INSUFFICIENT_DATA,INSUFFICIENT_DATA
2025-12-09,DRAM / HBM memory bottleneck,5,9,TRUE,FALSE,FALSE,FALSE,FALSE,FALSE,FALSE,FALSE,FALSE,FALSE,FALSE,FALSE,,speculative,"Invest Like the Best (YouTube) — GPUs, TPUs, economics of AI (Nvidia vs Google)",A true DRAM capacity cycle (not seen since the late 1990s) could emerge as a natural governor and risk to AI buildout,"Baker raises the possibility that AI infrastructure buildout could trigger the first true DRAM capacity cycle since the late 1990s — a qualitatively different regime from normal memory market fluctuations. He argues that memory is a gating factor for AI compute, and if demand outstrips supply sufficiently, DRAM prices could rise by multiples rather than percentages, as occurred before TSMC's foundry model smoothed semiconductor supply cycles. Baker frames this not as a high-conviction call but as a structural risk and potential natural governor that could slow the AI buildout — a tail risk worth monitoring. He does not assign a specific probability or timing, but the implication is that US-listed DRAM producers like Micron would be the primary beneficiaries if such a cycle materializes.",MU,MU,OBVIOUS_UNIVERSE,LONG,False,"v4 review: trade continuation, basket locked. Established trade, continuation mention",36.77,60.65,294.85,286.74,INSUFFICIENT_DATA,INSUFFICIENT_DATA,INSUFFICIENT_DATA,5.81,5.51,65.68,54.55,INSUFFICIENT_DATA,INSUFFICIENT_DATA,INSUFFICIENT_DATA,30.96,55.14,229.18,232.19,INSUFFICIENT_DATA,INSUFFICIENT_DATA,INSUFFICIENT_DATA,1.92,-2.2,8.63,12.82,INSUFFICIENT_DATA,INSUFFICIENT_DATA,INSUFFICIENT_DATA,34.85,62.85,286.23,273.92,INSUFFICIENT_DATA,INSUFFICIENT_DATA,INSUFFICIENT_DATA
2025-12-09,Edge AI as bear case for cloud,3,4,TRUE,FALSE,FALSE,FALSE,FALSE,FALSE,FALSE,FALSE,FALSE,FALSE,FALSE,FALSE,,moderate,"Invest Like the Best (YouTube) — GPUs, TPUs, economics of AI (Nvidia vs Google)",Edge AI running pruned frontier models on-device is the primary bear case for cloud AI compute demand,"Baker identifies edge AI — running pruned frontier models locally on-device — as the most plausible and serious bear case for cloud AI compute demand, second only to scaling laws breaking down. He argues that within three years, smartphones (likely larger and carrying more on-device DRAM) will be capable of running pruned versions of models like Gemini 5 at 30–60 tokens per second at zero marginal cost to the user. Apple's explicit stated strategy is to act as an AI distributor: handle as much inference as possible privately on-device and call out to cloud 'god models' only when local capability is insufficient. Baker's investment implication is cautionary for cloud inference beneficiaries — if on-device intelligence reaches roughly 115 IQ and proves 'good enough' for most tasks, demand for cloud inference compute (and thus GPU/TPU datacenter buildout) could materially disappoint relative to current expectations.","AAPL, GOOGL","AAPL, QCOM",CONSTRUCTED,MIXED,False,,-2.71,-16.32,11.67,12.61,INSUFFICIENT_DATA,INSUFFICIENT_DATA,INSUFFICIENT_DATA,5.81,5.51,65.68,54.55,INSUFFICIENT_DATA,INSUFFICIENT_DATA,INSUFFICIENT_DATA,-8.51,-21.83,-54.01,-41.95,INSUFFICIENT_DATA,INSUFFICIENT_DATA,INSUFFICIENT_DATA,1.92,-2.2,8.63,12.82,INSUFFICIENT_DATA,INSUFFICIENT_DATA,INSUFFICIENT_DATA,-4.62,-14.13,3.04,-0.22,INSUFFICIENT_DATA,INSUFFICIENT_DATA,INSUFFICIENT_DATA
2025-12-09,Google TPU competitive position,3,5,TRUE,FALSE,FALSE,FALSE,FALSE,FALSE,FALSE,FALSE,FALSE,FALSE,FALSE,FALSE,,high_conviction,"Invest Like the Best (YouTube) — GPUs, TPUs, economics of AI (Nvidia vs Google)",Google has a temporary but significant cost advantage as the lowest-cost token producer due to TPU v6/v7 while Blackwell was delayed,"Baker argues that Google gained a temporary but strategically significant cost advantage in AI inference by training Gemini 3 on TPU v6/v7 while Nvidia's Blackwell GPU generation suffered delays, making Google the lowest-cost token producer in the market during this window. He frames TPU v6/v7 as analogous to an 'F4 Phantom' — a highly capable, battle-tested platform — while Blackwell is the 'F-35,' more powerful but delayed, leaving Google with a meaningful head start. Baker contends this cost advantage is not accidental but reflects a deliberate Google strategy to 'suck the economic oxygen out of the AI ecosystem' by offering AI services at negative margins, thereby starving competitors and startups of the revenue needed to sustain their own model development and infrastructure investment. The investment implication is that Google's vertical integration via TPUs gives it a structural lever to compete on cost that pure-play model companies and cloud rivals relying on Nvidia hardware cannot easily replicate in the near term. Baker views this as a profound and underappreciated dynamic that could reshape competitive positioning across the AI stack.",GOOGL,GOOGL,BAKER_NAMED,LONG,False,,3.62,-4.2,12.98,6.96,INSUFFICIENT_DATA,INSUFFICIENT_DATA,INSUFFICIENT_DATA,5.81,5.51,65.68,54.55,INSUFFICIENT_DATA,INSUFFICIENT_DATA,INSUFFICIENT_DATA,-2.18,-9.71,-52.7,-47.59,INSUFFICIENT_DATA,INSUFFICIENT_DATA,INSUFFICIENT_DATA,1.92,-2.2,8.63,12.82,INSUFFICIENT_DATA,INSUFFICIENT_DATA,INSUFFICIENT_DATA,1.71,-2.0,4.35,-5.86,INSUFFICIENT_DATA,INSUFFICIENT_DATA,INSUFFICIENT_DATA
2025-12-09,Inference economics / token factories,2,4,TRUE,TRUE,FALSE,FALSE,FALSE,FALSE,TRUE,FALSE,FALSE,FALSE,FALSE,FALSE,first_with_tickers,high_conviction,"Invest Like the Best (YouTube) — GPUs, TPUs, economics of AI (Nvidia vs Google)",Google has a temporary but significant cost advantage as the lowest-cost token producer due to TPU v6/v7 while Blackwell was delayed,"Baker argues that Google gained a temporary but strategically significant cost advantage in AI inference by training Gemini 3 on TPU v6/v7 while Nvidia's Blackwell GPU generation suffered delays, making Google the lowest-cost token producer in the market during this window. He frames TPU v6/v7 as analogous to an 'F4 Phantom' — a highly capable, battle-tested platform — while Blackwell is the 'F-35,' more powerful but delayed, leaving Google with a meaningful head start. Baker contends this cost advantage is not accidental but reflects a deliberate Google strategy to 'suck the economic oxygen out of the AI ecosystem' by offering AI services at negative margins, thereby starving competitors and startups of the revenue needed to sustain their own model development and infrastructure investment. The investment implication is that Google's vertical integration via TPUs gives it a structural lever to compete on cost that pure-play model companies and cloud rivals relying on Nvidia hardware cannot easily replicate in the near term. Baker views this as a profound and underappreciated dynamic that could reshape competitive positioning across the AI stack.",GOOGL,CRWV,BAKER_NAMED,LONG,False,Source -> BAKER_NAMED; basket CRWV stays.,-11.6,-11.91,5.6,-1.84,INSUFFICIENT_DATA,INSUFFICIENT_DATA,INSUFFICIENT_DATA,5.81,5.51,65.68,54.55,INSUFFICIENT_DATA,INSUFFICIENT_DATA,INSUFFICIENT_DATA,-17.41,-17.42,-60.07,-56.39,INSUFFICIENT_DATA,INSUFFICIENT_DATA,INSUFFICIENT_DATA,1.92,-2.2,8.63,12.82,INSUFFICIENT_DATA,INSUFFICIENT_DATA,INSUFFICIENT_DATA,-13.52,-9.71,-3.02,-14.66,INSUFFICIENT_DATA,INSUFFICIENT_DATA,INSUFFICIENT_DATA
2025-12-09,Nuclear/quantum bubble warning,1,1,FALSE,FALSE,TRUE,TRUE,FALSE,FALSE,FALSE,FALSE,FALSE,FALSE,FALSE,FALSE,,high_conviction,"Invest Like the Best (YouTube) — GPUs, TPUs, economics of AI (Nvidia vs Google)",Nuclear and quantum computing public equities are in bubble territory; the best players are not publicly investable,"Baker argues that publicly traded nuclear/SMR/fusion and quantum computing stocks are in clear bubble territory, with valuations disconnected from fundamentals. His core reasoning is that the actual leaders in quantum computing — Google, IBM, and Honeywell Quantum — are not pure-play public quantum equities but rather large diversified companies where quantum is a minor division, meaning retail investors cannot get clean exposure to the real leaders. Baker explicitly states that none of the public pure-play vehicles are good expressions of the quantum or nuclear theme, and that quantum supremacy is widely misunderstood: quantum computers can perform certain calculations classical computers cannot, but they do not broadly replace classical computing. The investment implication is to avoid the pure-play public quantum and nuclear/SMR stocks, which Baker calls 'really clear bubbles,' rather than to buy the large-cap companies that happen to have quantum programs.",,,NO_BASKET,,False,v4 review (STEVE). Steve: no basket,NO_BASKET,NO_BASKET,NO_BASKET,NO_BASKET,INSUFFICIENT_DATA,INSUFFICIENT_DATA,INSUFFICIENT_DATA,5.81,5.51,65.68,54.55,INSUFFICIENT_DATA,INSUFFICIENT_DATA,INSUFFICIENT_DATA,NO_BASKET,NO_BASKET,NO_BASKET,NO_BASKET,INSUFFICIENT_DATA,INSUFFICIENT_DATA,INSUFFICIENT_DATA,1.92,-2.2,8.63,12.82,INSUFFICIENT_DATA,INSUFFICIENT_DATA,INSUFFICIENT_DATA,NO_BASKET,NO_BASKET,NO_BASKET,NO_BASKET,INSUFFICIENT_DATA,INSUFFICIENT_DATA,INSUFFICIENT_DATA
2025-12-09,Orbital / space-based compute,1,8,FALSE,FALSE,TRUE,TRUE,FALSE,FALSE,FALSE,FALSE,FALSE,FALSE,FALSE,FALSE,,high_conviction,"Invest Like the Best (YouTube) — GPUs, TPUs, economics of AI (Nvidia vs Google)",Data centers in space are superior to Earth-based data centers on every first-principles dimension and represent the most important development in the next 3-4 years,"Baker argues that space-based data centers are superior to Earth-based data centers on every first-principles dimension and represent the most important infrastructure development of the next 3-4 years. His reasoning rests on four structural advantages: space receives 6x more usable solar energy (30% more intense sunlight with 24-hour exposure and no battery storage required), cooling is essentially free via radiators facing near-absolute-zero space, inter-rack networking via laser through vacuum is faster than fiber, and direct-to-cell satellite connectivity eliminates terrestrial network hops. Baker identifies SpaceX Starship as the only economically viable launch vehicle to make this feasible at scale, and sees Tesla, SpaceX, and xAI converging around this orbital compute infrastructure theme. The investment implication centers on entities connected to Starship and low-Earth-orbit compute buildout, though most of the direct beneficiaries (SpaceX, xAI) are private; Tesla is the only publicly traded company Baker explicitly names in this convergence thesis.",,"RKLB, LUNR, ASTS, RDW",RETAIL_PROXY,LONG,True,,50.67,32.21,111.49,17.19,INSUFFICIENT_DATA,INSUFFICIENT_DATA,INSUFFICIENT_DATA,5.81,5.51,65.68,54.55,INSUFFICIENT_DATA,INSUFFICIENT_DATA,INSUFFICIENT_DATA,44.86,26.7,45.82,-37.37,INSUFFICIENT_DATA,INSUFFICIENT_DATA,INSUFFICIENT_DATA,1.92,-2.2,8.63,12.82,INSUFFICIENT_DATA,INSUFFICIENT_DATA,INSUFFICIENT_DATA,48.76,34.41,102.87,4.36,INSUFFICIENT_DATA,INSUFFICIENT_DATA,INSUFFICIENT_DATA
2025-12-09,Reasoning / inference-time compute,5,7,TRUE,FALSE,FALSE,FALSE,FALSE,FALSE,FALSE,FALSE,FALSE,FALSE,FALSE,FALSE,,high_conviction,"Invest Like the Best (YouTube) — GPUs, TPUs, economics of AI (Nvidia vs Google)","Reasoning models have created a data flywheel for frontier AI labs that is beginning to generate increasing returns to scale, widening the moat of the top 4 labs","Baker argues that reasoning models have fundamentally transformed the competitive dynamics of frontier AI labs by creating a data flywheel that generates increasing returns to scale. Prior to reasoning models, AI development had no feedback loop — models were static after pre-training and could not improve from user interactions. With reasoning, verifiable outcomes enable Reinforcement Learning from Verifiable Rewards (RLVR), meaning each user interaction generates training signal, and each lab's most advanced internal checkpoint is used to train the next generation model, compounding separation between leaders and followers. Baker believes this dynamic is widening the moat of the top four frontier labs (implicitly OpenAI, Google DeepMind, Anthropic, and Meta) and that Blackwell-era compute will further entrench American frontier labs by making it harder for Chinese open-source models to serve as bootstrapping tools for challengers. The investment implication is to be long the top frontier labs with access to this flywheel, with Meta being the only publicly traded pure-play among the four.",META,,NO_BASKET,,False,clustering-fix (2026-07-16) NO_BASKET: flag decision: not a trade,NO_BASKET,NO_BASKET,NO_BASKET,NO_BASKET,INSUFFICIENT_DATA,INSUFFICIENT_DATA,INSUFFICIENT_DATA,5.81,5.51,65.68,54.55,INSUFFICIENT_DATA,INSUFFICIENT_DATA,INSUFFICIENT_DATA,NO_BASKET,NO_BASKET,NO_BASKET,NO_BASKET,INSUFFICIENT_DATA,INSUFFICIENT_DATA,INSUFFICIENT_DATA,1.92,-2.2,8.63,12.82,INSUFFICIENT_DATA,INSUFFICIENT_DATA,INSUFFICIENT_DATA,NO_BASKET,NO_BASKET,NO_BASKET,NO_BASKET,INSUFFICIENT_DATA,INSUFFICIENT_DATA,INSUFFICIENT_DATA
2025-12-09,SaaS existential disruption,4,6,TRUE,FALSE,FALSE,FALSE,FALSE,FALSE,FALSE,FALSE,FALSE,FALSE,FALSE,FALSE,,high_conviction,"Invest Like the Best (YouTube) — GPUs, TPUs, economics of AI (Nvidia vs Google)",SaaS companies are making an existential mistake by refusing to embrace AI agent economics at lower gross margins,"Baker argues that incumbent SaaS companies are making an existential, potentially fatal strategic error by refusing to offer AI agent capabilities at lower gross margins (35-40%), prioritizing the preservation of their current 70-90% gross margin structures instead. He draws a direct historical parallel to brick-and-mortar retailers who refused to invest in e-commerce because it would dilute margins — a decision that proved catastrophic for many of them. Baker contends the correct playbook is for SaaS companies to launch AI agents at 10-20% take rates, leveraging their existing proprietary customer data as a moat, before AI-native competitors undercut and displace them entirely. He states it is 'an absolute guarantee' of failure if SaaS incumbents protect their 80% margins rather than cannibalize themselves, calling it a 'life or death decision,' and singles out Microsoft as the only major SaaS incumbent that is executing this transition correctly. The investment implication is that SaaS companies failing to make this shift — including Salesforce, ServiceNow, HubSpot, GitLab, and Atlassian — face structural disruption risk, while Microsoft is positioned as the relative winner among legacy enterprise software players.","MSFT, CRM, NOW, HUBS, GTLB, TEAM","CRM, NOW, TEAM, SNOW, HUBS",OBVIOUS_UNIVERSE,SHORT,False,All mentions. HUBS restored.,6.38,33.12,32.79,1.88,INSUFFICIENT_DATA,INSUFFICIENT_DATA,INSUFFICIENT_DATA,5.81,5.51,65.68,54.55,INSUFFICIENT_DATA,INSUFFICIENT_DATA,INSUFFICIENT_DATA,0.57,27.61,-32.89,-52.67,INSUFFICIENT_DATA,INSUFFICIENT_DATA,INSUFFICIENT_DATA,1.92,-2.2,8.63,12.82,INSUFFICIENT_DATA,INSUFFICIENT_DATA,INSUFFICIENT_DATA,4.46,35.32,24.16,-10.94,INSUFFICIENT_DATA,INSUFFICIENT_DATA,INSUFFICIENT_DATA
2025-12-09,Scaling laws intact,7,8,TRUE,FALSE,FALSE,FALSE,FALSE,FALSE,FALSE,FALSE,FALSE,FALSE,FALSE,FALSE,,high_conviction,"Invest Like the Best (YouTube) — GPUs, TPUs, economics of AI (Nvidia vs Google)","Gemini 3 confirmed pre-training scaling laws remain intact, which is bullish for next-generation model quality on Blackwell hardware","Baker argues that Gemini 3 served as the first meaningful validation of pre-training scaling laws since the Hopper generation, and the fact that those laws held is a foundational confirmation for the entire AI capital expenditure bull case. He contends this is not merely additive but multiplicative in effect, because it compounds with two newly established post-training scaling laws — RLVR and test-time compute — meaning models trained on Blackwell hardware will be dramatically more capable than those trained on Hopper. The investment implication is straightforwardly bullish for Nvidia, as sustained pre-training scaling laws justify continued and accelerating demand for the most advanced GPU clusters, with Blackwell being the direct beneficiary of this validation. Baker frames Gemini 3's confirmation as removing a key uncertainty that had hung over the AI infrastructure thesis, making the case for sustained hyperscaler GPU procurement significantly stronger.","NVDA, GOOGL",,NO_BASKET,,False,"v4 review: NO_BASKET (removed from scored returns). Theme is macro commentary, never a specific trade",NO_BASKET,NO_BASKET,NO_BASKET,NO_BASKET,INSUFFICIENT_DATA,INSUFFICIENT_DATA,INSUFFICIENT_DATA,5.81,5.51,65.68,54.55,INSUFFICIENT_DATA,INSUFFICIENT_DATA,INSUFFICIENT_DATA,NO_BASKET,NO_BASKET,NO_BASKET,NO_BASKET,INSUFFICIENT_DATA,INSUFFICIENT_DATA,INSUFFICIENT_DATA,1.92,-2.2,8.63,12.82,INSUFFICIENT_DATA,INSUFFICIENT_DATA,INSUFFICIENT_DATA,NO_BASKET,NO_BASKET,NO_BASKET,NO_BASKET,INSUFFICIENT_DATA,INSUFFICIENT_DATA,INSUFFICIENT_DATA
2025-12-09,TSMC capacity discipline,1,3,FALSE,TRUE,TRUE,FALSE,FALSE,FALSE,TRUE,FALSE,FALSE,FALSE,FALSE,FALSE,first_with_tickers,moderate,"Invest Like the Best (YouTube) — GPUs, TPUs, economics of AI (Nvidia vs Google)","TSMC is being too conservative in capacity expansion, acting as a governor on the AI buildout but potentially making a strategic mistake","Baker argues that TSMC is making a strategic mistake by expanding semiconductor manufacturing capacity too conservatively, acting as a bottleneck on the broader AI infrastructure buildout. He cites TSMC's dismissal of Sam Altman's compute demand projections as evidence of their overly cautious stance, driven by fear of a repeat overbuild cycle. The investment implication is twofold: TSMC's restraint creates an opening for Intel under new CEO Lip-Bu Tan, whose empty fabs could eventually be filled as compute shortages persist and customers seek alternative foundry capacity. Baker acknowledges the tension in his view — TSMC's caution may also serve as a 'natural governor' preventing a speculative bubble — but his base case is that demand will prove TSMC's conservatism wrong over the medium term, making Intel a potential beneficiary of the supply gap.","TSM, INTC","NVDA, AVGO, MU",OBVIOUS_UNIVERSE,LONG,False,,7.26,14.17,100.34,98.21,INSUFFICIENT_DATA,INSUFFICIENT_DATA,INSUFFICIENT_DATA,5.81,5.51,65.68,54.55,INSUFFICIENT_DATA,INSUFFICIENT_DATA,INSUFFICIENT_DATA,1.45,8.66,34.67,43.66,INSUFFICIENT_DATA,INSUFFICIENT_DATA,INSUFFICIENT_DATA,1.92,-2.2,8.63,12.82,INSUFFICIENT_DATA,INSUFFICIENT_DATA,INSUFFICIENT_DATA,5.34,16.37,91.72,85.39,INSUFFICIENT_DATA,INSUFFICIENT_DATA,INSUFFICIENT_DATA
2025-12-09,Trainium / Amazon custom silicon,1,5,FALSE,TRUE,TRUE,TRUE,FALSE,FALSE,TRUE,FALSE,FALSE,FALSE,FALSE,FALSE,first_with_tickers,high_conviction,"Invest Like the Best (YouTube) — GPUs, TPUs, economics of AI (Nvidia vs Google)",Most ASICs other than Trainium and TPU will fail; only those with multi-generation experience will be competitive,"Baker argues that the ASIC market for AI accelerators will consolidate to only two viable players — Google's TPU and Amazon's Trainium — because building a competitive ASIC requires at least three chip generations of accumulated learning, a bar that almost no other company can meet. He supports this with the historical example of Google's TPU, which was not competitive until v3/v4, and notes that Amazon's Trainium 3 is the first generation that is merely 'okay,' with Trainium 4 likely to be genuinely good. Baker explicitly states he will be surprised if any ASICs beyond Trainium and TPU succeed, implying that all other ASIC efforts — from startups and hyperscalers alike — will fail to achieve competitive scale. Compounding this, Nvidia's annual GPU cadence raises the full-stack competitive bar continuously, making it structurally harder for any new ASIC entrant to catch up. The investment implication is that Nvidia remains the dominant AI accelerator beneficiary by default, while Amazon and Google are the only credible internal ASIC challengers, and AMD and other GPU/ASIC competitors are unlikely to displace this dynamic.","NVDA, AMZN, GOOGL",AMZN,BAKER_NAMED,LONG,False,,8.54,-8.07,5.96,12.66,INSUFFICIENT_DATA,INSUFFICIENT_DATA,INSUFFICIENT_DATA,5.81,5.51,65.68,54.55,INSUFFICIENT_DATA,INSUFFICIENT_DATA,INSUFFICIENT_DATA,2.73,-13.58,-59.71,-41.89,INSUFFICIENT_DATA,INSUFFICIENT_DATA,INSUFFICIENT_DATA,1.92,-2.2,8.63,12.82,INSUFFICIENT_DATA,INSUFFICIENT_DATA,INSUFFICIENT_DATA,6.62,-5.87,-2.66,-0.16,INSUFFICIENT_DATA,INSUFFICIENT_DATA,INSUFFICIENT_DATA
2025-12-09,xAI competitive position,5,9,TRUE,FALSE,FALSE,FALSE,FALSE,FALSE,FALSE,FALSE,FALSE,FALSE,FALSE,FALSE,,high_conviction,"Invest Like the Best (YouTube) — GPUs, TPUs, economics of AI (Nvidia vs Google)","XAI will release the first Blackwell-trained model in early 2026, giving it a significant competitive advantage","Baker argues that XAI will be the first AI lab to release a model trained on Nvidia's Blackwell GPU architecture, likely in early 2026, giving it a meaningful competitive advantage over rivals. His reasoning rests on Jensen Huang's public statement that no one builds data centers faster than Elon Musk, combined with XAI's demonstrated speed of infrastructure deployment at its Memphis 'Colossus' cluster. Baker emphasizes that receiving Blackwell hardware is only the beginning — it takes an additional 6-9 months to optimize performance on the new architecture, meaning XAI's head start compounds over time and is not easily replicated quickly by competitors. The investment implication is that XAI's frontier model position strengthens materially in 2026, though XAI is not publicly listed; the clearest public-market beneficiary is Nvidia (NVDA) as the supplier of the Blackwell GPUs central to this thesis. Baker calls this 'an important moment' for XAI's competitive standing among frontier AI labs.",NVDA,,NO_BASKET,LONG,False,,NO_BASKET,NO_BASKET,NO_BASKET,NO_BASKET,INSUFFICIENT_DATA,INSUFFICIENT_DATA,INSUFFICIENT_DATA,5.81,5.51,65.68,54.55,INSUFFICIENT_DATA,INSUFFICIENT_DATA,INSUFFICIENT_DATA,NO_BASKET,NO_BASKET,NO_BASKET,NO_BASKET,INSUFFICIENT_DATA,INSUFFICIENT_DATA,INSUFFICIENT_DATA,1.92,-2.2,8.63,12.82,INSUFFICIENT_DATA,INSUFFICIENT_DATA,INSUFFICIENT_DATA,NO_BASKET,NO_BASKET,NO_BASKET,NO_BASKET,INSUFFICIENT_DATA,INSUFFICIENT_DATA,INSUFFICIENT_DATA
2026-02-24,Anthropic valuation / efficiency,2,5,TRUE,TRUE,FALSE,FALSE,TRUE,FALSE,FALSE,TRUE,FALSE,FALSE,FALSE,FALSE,"first_hc_not_first_mention, hc_high_profile_venue",high_conviction,"iConnections Global Alts 2026 — AI, Tesla, defense, energy — what comes next",Anthropic is ~4x more capital efficient than OpenAI and growing fast with low cash burn,"Baker argues that Anthropic is roughly four times more capital efficient than OpenAI, growing rapidly while consuming relatively little cash, making it a structurally superior AI lab from an investment standpoint. He supports this claim by noting that Anthropic's models can complete comparable-quality tasks using approximately half the tokens of competitors such as Google, which translates directly into lower inference costs and higher margins at scale. This efficiency advantage compounds over time: as AI workloads grow, Anthropic's cost structure allows it to reinvest less capital to maintain competitive parity, widening the gap versus more capital-intensive rivals. The investment implication is primarily relevant to private market investors, as Anthropic is not publicly listed; there is no directly actionable US-listed equity play implied by this specific thesis. Baker presents this as a high-conviction factual observation rather than speculation, grounding it in a specific ratio and a concrete technical mechanism (token efficiency).",,,NO_BASKET,LONG,False,,NO_BASKET,NO_BASKET,NO_BASKET,INSUFFICIENT_DATA,INSUFFICIENT_DATA,INSUFFICIENT_DATA,INSUFFICIENT_DATA,-4.8,43.65,32.6,INSUFFICIENT_DATA,INSUFFICIENT_DATA,INSUFFICIENT_DATA,INSUFFICIENT_DATA,NO_BASKET,NO_BASKET,NO_BASKET,INSUFFICIENT_DATA,INSUFFICIENT_DATA,INSUFFICIENT_DATA,INSUFFICIENT_DATA,-4.18,9.5,12.02,INSUFFICIENT_DATA,INSUFFICIENT_DATA,INSUFFICIENT_DATA,INSUFFICIENT_DATA,NO_BASKET,NO_BASKET,NO_BASKET,INSUFFICIENT_DATA,INSUFFICIENT_DATA,INSUFFICIENT_DATA,INSUFFICIENT_DATA
2026-02-24,SaaS existential disruption,5,6,TRUE,TRUE,FALSE,FALSE,FALSE,FALSE,FALSE,TRUE,FALSE,FALSE,FALSE,FALSE,hc_high_profile_venue,high_conviction,"iConnections Global Alts 2026 — AI, Tesla, defense, energy — what comes next",SaaS/software companies face existential risk from AI-enabled vibe coding and autonomous software development,"Baker argues that AI-enabled 'vibe coding' and autonomous software development tools represent an existential threat to traditional SaaS and pure-play software companies, as non-developers can now build functional software (e.g., a full CRM) in 2-3 hours without writing code. He cites HubSpot's collapse from ~$850 to the low $200s as early evidence of this structural repricing, and notes he has not invested in a pure software company in 6-7 years. The investment implication is to avoid or short pure-play SaaS vendors, particularly those selling point-solution software that can be replicated quickly with AI tools. Baker also identifies a secondary opportunity: AI labs acquiring small-cap software companies cheaply, gutting headcount, and using them as distribution channels — analogous to Larry Ellison's post-dot-com acquisition playbook — suggesting potential M&A activity in beaten-down software names.",HUBS,"CRM, NOW, TEAM, SNOW, HUBS",OBVIOUS_UNIVERSE,SHORT,False,All mentions. HUBS restored.,1.17,-1.8,-53.67,INSUFFICIENT_DATA,INSUFFICIENT_DATA,INSUFFICIENT_DATA,INSUFFICIENT_DATA,-4.8,43.65,32.6,INSUFFICIENT_DATA,INSUFFICIENT_DATA,INSUFFICIENT_DATA,INSUFFICIENT_DATA,5.98,-45.46,-86.27,INSUFFICIENT_DATA,INSUFFICIENT_DATA,INSUFFICIENT_DATA,INSUFFICIENT_DATA,-4.18,9.5,12.02,INSUFFICIENT_DATA,INSUFFICIENT_DATA,INSUFFICIENT_DATA,INSUFFICIENT_DATA,5.35,-11.3,-65.69,INSUFFICIENT_DATA,INSUFFICIENT_DATA,INSUFFICIENT_DATA,INSUFFICIENT_DATA
2026-02-24,xAI competitive position,6,9,TRUE,FALSE,FALSE,FALSE,FALSE,FALSE,FALSE,FALSE,FALSE,FALSE,FALSE,FALSE,,moderate,"iConnections Global Alts 2026 — AI, Tesla, defense, energy — what comes next",xAI has the lowest cost-per-token due to superior data center construction and GPU utilization,"Baker argues that xAI has achieved the lowest cost-per-token among AI model providers due to structural advantages in data center construction and GPU utilization. Specifically, he claims xAI builds data centers faster and at lower cost than any peer, and runs its GPUs at unusually high utilization rates, creating a durable cost advantage. This positions xAI as a potentially dominant AI model provider if cost-per-token is the key competitive variable in the industry. However, xAI is a private company with no US-listed equity, so there is no directly investable public vehicle tied to this thesis. Baker does not name any public company as a beneficiary or competitor in this specific claim, making the investment implication limited to monitoring xAI's competitive pressure on public AI model providers.",,,NO_BASKET,LONG,False,,NO_BASKET,NO_BASKET,NO_BASKET,INSUFFICIENT_DATA,INSUFFICIENT_DATA,INSUFFICIENT_DATA,INSUFFICIENT_DATA,-4.8,43.65,32.6,INSUFFICIENT_DATA,INSUFFICIENT_DATA,INSUFFICIENT_DATA,INSUFFICIENT_DATA,NO_BASKET,NO_BASKET,NO_BASKET,INSUFFICIENT_DATA,INSUFFICIENT_DATA,INSUFFICIENT_DATA,INSUFFICIENT_DATA,-4.18,9.5,12.02,INSUFFICIENT_DATA,INSUFFICIENT_DATA,INSUFFICIENT_DATA,INSUFFICIENT_DATA,NO_BASKET,NO_BASKET,NO_BASKET,INSUFFICIENT_DATA,INSUFFICIENT_DATA,INSUFFICIENT_DATA,INSUFFICIENT_DATA
2026-03-02,Broad AI bullish / early innings,7,9,TRUE,FALSE,FALSE,FALSE,FALSE,FALSE,FALSE,FALSE,FALSE,FALSE,FALSE,FALSE,,high_conviction,Capital Allocators — Crossover investing,"AI is a multi-decade investment cycle analogous to the early internet, with ChatGPT representing only year three of a 20-30 year trend","Baker argues that AI represents a generational, multi-decade investment cycle analogous to the early internet, explicitly comparing ChatGPT's current moment to Netscape Navigator's role in the mid-1990s — suggesting we are only in year three of a 20-30 year trend. His reasoning draws on historical precedent: just as the internet took decades to fully reshape the economy, AI will similarly compound in importance and economic impact over an extended horizon. The investment implication is that the AI stack — infrastructure, software, and applications — represents a sustained, long-duration opportunity rather than a near-term trade, and Baker frames this view as foundational to his firm-building strategy at Atreides. He does not cite specific companies in this thesis, treating it as a macro-structural framing rather than a stock-specific call. Investors should resist the temptation to time or trade around AI and instead maintain long-duration exposure across the AI ecosystem.",,,NO_BASKET,,False,"Never-a-trade theme: macro commentary regardless of mention number, NO_BASKET for all mentions (operator 2026-07-16).",NO_BASKET,NO_BASKET,NO_BASKET,INSUFFICIENT_DATA,INSUFFICIENT_DATA,INSUFFICIENT_DATA,INSUFFICIENT_DATA,-5.66,49.56,36.97,INSUFFICIENT_DATA,INSUFFICIENT_DATA,INSUFFICIENT_DATA,INSUFFICIENT_DATA,NO_BASKET,NO_BASKET,NO_BASKET,INSUFFICIENT_DATA,INSUFFICIENT_DATA,INSUFFICIENT_DATA,INSUFFICIENT_DATA,-4.99,10.81,12.35,INSUFFICIENT_DATA,INSUFFICIENT_DATA,INSUFFICIENT_DATA,INSUFFICIENT_DATA,NO_BASKET,NO_BASKET,NO_BASKET,INSUFFICIENT_DATA,INSUFFICIENT_DATA,INSUFFICIENT_DATA,INSUFFICIENT_DATA
2026-03-02,Crossover investing philosophy,3,3,TRUE,FALSE,FALSE,FALSE,FALSE,FALSE,FALSE,FALSE,FALSE,FALSE,FALSE,FALSE,,high_conviction,Capital Allocators — Crossover investing,Crossover investing (public + private) is a structural advantage in AI because competitors exist at every stack layer in both public and private markets simultaneously,"Baker argues that crossover investing — holding both public and private equities simultaneously — is a structural necessity in AI, unlike prior technology waves such as smartphones or SaaS where competition was predominantly among public companies. In AI, every layer of the stack features both public and private competitors: frontier models pit OpenAI, Anthropic, and xAI against Google; semiconductors and applications show the same pattern. Because of this, Baker contends that an investor cannot properly underwrite a public AI company without understanding its private competitors, and cannot underwrite a private AI company without understanding the public landscape — making the crossover lens 'paramount' in AI. The investment implication is structural and process-oriented rather than stock-specific: firms with crossover capabilities have an analytical edge in AI investing that pure public or pure private investors lack. No specific price targets, timeframes, or financial metrics are cited; the thesis is about investor positioning and analytical framework rather than a directional bet on any single company.",,,NO_BASKET,LONG,False,,NO_BASKET,NO_BASKET,NO_BASKET,INSUFFICIENT_DATA,INSUFFICIENT_DATA,INSUFFICIENT_DATA,INSUFFICIENT_DATA,-5.66,49.56,36.97,INSUFFICIENT_DATA,INSUFFICIENT_DATA,INSUFFICIENT_DATA,INSUFFICIENT_DATA,NO_BASKET,NO_BASKET,NO_BASKET,INSUFFICIENT_DATA,INSUFFICIENT_DATA,INSUFFICIENT_DATA,INSUFFICIENT_DATA,-4.99,10.81,12.35,INSUFFICIENT_DATA,INSUFFICIENT_DATA,INSUFFICIENT_DATA,INSUFFICIENT_DATA,NO_BASKET,NO_BASKET,NO_BASKET,INSUFFICIENT_DATA,INSUFFICIENT_DATA,INSUFFICIENT_DATA,INSUFFICIENT_DATA
2026-04-16,Inference economics / token factories,3,4,TRUE,TRUE,FALSE,FALSE,FALSE,TRUE,FALSE,FALSE,FALSE,FALSE,FALSE,FALSE,third_within_1yr,high_conviction,Aria Networks — MFU as defining AI-factory metric; lowest-cost token producer wins via high-performance infra,"Spending more on everything surrounding the accelerator (especially networking) is the correct path to lowest cost per token — counterintuitively, cheapest infra is not the answer","Baker argues that the counterintuitive path to lowest cost per token in AI inference and training is to spend heavily on everything surrounding the GPU/accelerator — particularly networking, interconnects, and fabric — rather than cutting costs on peripheral infrastructure. His reasoning is grounded in first principles around Model Flop Utilization (MFU): idle accelerators are the most expensive outcome, and cheap or underprovisioned networking causes accelerator stall, destroying utilization and driving up effective cost per token. Therefore, operators who invest in high-performance surrounding infrastructure achieve superior MFU, which translates directly into lower cost per token and competitive advantage in the AI factory model. Baker cites this thesis as the foundational rationale for Atreides' investment in Aria Networks, a private networking company, suggesting the public-market implication is that high-performance networking vendors — not commodity infrastructure providers — are the structural winners. No specific financial figures or timeframes were cited, but the view is held with high conviction as a medium-term structural thesis.",,CRWV,BAKER_NAMED,LONG,False,Source -> BAKER_NAMED; basket CRWV stays.,-10.25,-38.77,INSUFFICIENT_DATA,INSUFFICIENT_DATA,INSUFFICIENT_DATA,INSUFFICIENT_DATA,INSUFFICIENT_DATA,22.33,22.37,INSUFFICIENT_DATA,INSUFFICIENT_DATA,INSUFFICIENT_DATA,INSUFFICIENT_DATA,INSUFFICIENT_DATA,-32.58,-61.14,INSUFFICIENT_DATA,INSUFFICIENT_DATA,INSUFFICIENT_DATA,INSUFFICIENT_DATA,INSUFFICIENT_DATA,5.35,6.21,INSUFFICIENT_DATA,INSUFFICIENT_DATA,INSUFFICIENT_DATA,INSUFFICIENT_DATA,INSUFFICIENT_DATA,-15.6,-44.97,INSUFFICIENT_DATA,INSUFFICIENT_DATA,INSUFFICIENT_DATA,INSUFFICIENT_DATA,INSUFFICIENT_DATA
2026-05-12,Coding as killer AI app,2,3,TRUE,FALSE,FALSE,FALSE,FALSE,FALSE,FALSE,FALSE,FALSE,FALSE,FALSE,FALSE,,moderate,Sohn NY 2026 — Tech investing fireside,Coding/code generation is not just the killer app for AI but may be the ultimate AI application and the shortest path to AGI,"Baker argues that code generation is not merely the 'killer app' for AI but may be the single most important AI application and the most direct path to AGI/ASI, because writing code to autonomously accomplish tasks creates a self-reinforcing loop that accelerates intelligence development. He attributes the original framing to a post on X but endorses it strongly, contending that coding subsumes an ever-expanding range of applications over time as more domains become expressible in code. Practically, Baker recommends that even non-coders use tools like Anthropic's Claude Code and OpenAI's Codex to extract investment insights, suggesting these are already meaningfully useful today. The thesis is structural and long-term in nature, and Baker does not frame it as a specific portfolio position tied to a named equity. No specific financial metrics or timeframes are cited, making this primarily a thematic/directional view rather than an actionable single-stock call.",,,NO_BASKET,LONG,False,,NO_BASKET,NO_BASKET,INSUFFICIENT_DATA,INSUFFICIENT_DATA,INSUFFICIENT_DATA,INSUFFICIENT_DATA,INSUFFICIENT_DATA,8.59,4.2,INSUFFICIENT_DATA,INSUFFICIENT_DATA,INSUFFICIENT_DATA,INSUFFICIENT_DATA,INSUFFICIENT_DATA,NO_BASKET,NO_BASKET,INSUFFICIENT_DATA,INSUFFICIENT_DATA,INSUFFICIENT_DATA,INSUFFICIENT_DATA,INSUFFICIENT_DATA,-0.06,4.92,INSUFFICIENT_DATA,INSUFFICIENT_DATA,INSUFFICIENT_DATA,INSUFFICIENT_DATA,INSUFFICIENT_DATA,NO_BASKET,NO_BASKET,INSUFFICIENT_DATA,INSUFFICIENT_DATA,INSUFFICIENT_DATA,INSUFFICIENT_DATA,INSUFFICIENT_DATA
2026-05-12,DRAM / HBM memory bottleneck,6,9,TRUE,TRUE,FALSE,FALSE,FALSE,FALSE,FALSE,TRUE,FALSE,FALSE,FALSE,FALSE,hc_high_profile_venue,high_conviction,HedgeFundAlpha (writeup) — Baker & Khaira fireside writeup,Memory cycle dynamics represent the most important investment judgment call Baker has faced in his career,"Baker explicitly described the memory cycle thesis as the most important investment judgment call of his entire 25+ year career as a technology investor, signaling extraordinarily high conviction that a major inflection point in DRAM and HBM supply-demand dynamics is imminent or underway. While the public writeup does not disclose his directional view (bullish or bearish), the framing implies he sees a structural shift — likely related to the intersection of AI datacenter HBM demand and traditional DRAM cycle dynamics — that is not yet fully priced into markets. The investment implication is that memory-exposed equities, particularly those with significant HBM or DRAM exposure, represent a high-stakes positioning opportunity. Baker's career context as a long-tenured technology investor makes this framing unusually significant, as such superlatives are rarely deployed and suggest he believes consensus is materially wrong on the direction or magnitude of the memory cycle turn.","MU, HXSCL",MU,OBVIOUS_UNIVERSE,LONG,False,"v4 review: trade continuation, basket locked. Established trade, continuation mention",29.91,18.9,INSUFFICIENT_DATA,INSUFFICIENT_DATA,INSUFFICIENT_DATA,INSUFFICIENT_DATA,INSUFFICIENT_DATA,8.59,4.2,INSUFFICIENT_DATA,INSUFFICIENT_DATA,INSUFFICIENT_DATA,INSUFFICIENT_DATA,INSUFFICIENT_DATA,21.32,14.69,INSUFFICIENT_DATA,INSUFFICIENT_DATA,INSUFFICIENT_DATA,INSUFFICIENT_DATA,INSUFFICIENT_DATA,-0.06,4.92,INSUFFICIENT_DATA,INSUFFICIENT_DATA,INSUFFICIENT_DATA,INSUFFICIENT_DATA,INSUFFICIENT_DATA,29.97,13.98,INSUFFICIENT_DATA,INSUFFICIENT_DATA,INSUFFICIENT_DATA,INSUFFICIENT_DATA,INSUFFICIENT_DATA
2026-05-12,Neoclouds as durable model,2,4,TRUE,TRUE,FALSE,FALSE,FALSE,FALSE,FALSE,TRUE,FALSE,FALSE,FALSE,FALSE,hc_high_profile_venue,high_conviction,Sohn NY 2026 — Tech investing fireside,"Neo/specialist clouds (CoreWeave, Crusoe, Nebius, Lambda) represent a durable business model, not a transitional arbitrage","Baker argues that neo/specialist cloud providers — companies like CoreWeave, Crusoe, Nebius, and Lambda — represent a structurally durable business model rather than a transitional arbitrage that will eventually be displaced by hyperscalers. His core reasoning is that running GPU clusters at high utilization is operationally extremely difficult, analogous to piloting a Formula 1 car, and that CoreWeave in particular achieves 2–3x higher GPU utilization per hour than lower-quality competitors, constituting a genuine and defensible operational moat. He contends that hyperscalers were historically locked in a cost-minimization mentality and are only now beginning the cultural shift required to compete effectively in this space, meaning the window for specialist operators remains open. Atreides holds a disclosed large position in Crusoe, and Baker notes he was conflicted out of CoreWeave at a $1.1B valuation, underscoring his long-term conviction in the category.","CRWV, NBIS","CRWV, NBIS",BAKER_NAMED,LONG,False,All mentions. He named both CoreWeave and Nebius at Sohn NY 2026.,6.47,22.35,INSUFFICIENT_DATA,INSUFFICIENT_DATA,INSUFFICIENT_DATA,INSUFFICIENT_DATA,INSUFFICIENT_DATA,8.59,4.2,INSUFFICIENT_DATA,INSUFFICIENT_DATA,INSUFFICIENT_DATA,INSUFFICIENT_DATA,INSUFFICIENT_DATA,-2.12,18.15,INSUFFICIENT_DATA,INSUFFICIENT_DATA,INSUFFICIENT_DATA,INSUFFICIENT_DATA,INSUFFICIENT_DATA,-0.06,4.92,INSUFFICIENT_DATA,INSUFFICIENT_DATA,INSUFFICIENT_DATA,INSUFFICIENT_DATA,INSUFFICIENT_DATA,6.52,17.43,INSUFFICIENT_DATA,INSUFFICIENT_DATA,INSUFFICIENT_DATA,INSUFFICIENT_DATA,INSUFFICIENT_DATA
2026-05-12,Orbital / space-based compute,2,8,TRUE,FALSE,FALSE,FALSE,FALSE,FALSE,FALSE,FALSE,FALSE,FALSE,FALSE,FALSE,,moderate,Sohn NY 2026 — Tech investing fireside,Orbital/space-based compute will become commercially viable within 2 years and take meaningful market share by end of decade,"Baker argues that orbital/space-based compute will become commercially viable within approximately two years and will capture meaningful market share in AI inference workloads by the end of the decade. The proposed architecture involves sun-synchronous orbit satellites functioning as compute racks (roughly 8ft x 2.5ft x 4ft), interconnected via laser links into virtual data centers, powered by solar energy, and cooled passively via radiative cooling — eliminating two of the largest cost drivers of terrestrial data centers (power and cooling). Baker distinguishes workload suitability carefully: training and reinforcement learning workloads will remain terrestrial due to latency and coordination requirements, while inference and other workloads are candidates for orbital offload. He gives a specific two-year window for commercial viability to become clear, and an end-of-decade timeframe for share gains to become meaningful, though he acknowledges uncertainty and notably cannot name the specific provider that will deliver this. The investment implication is to monitor emerging private or public orbital compute providers, but no specific publicly traded equity is unambiguously identified as the primary beneficiary at this time.",,,NO_BASKET,,True,"v4 review: NO_BASKET (removed from scored returns). Private/macro, agree with model",NO_BASKET,NO_BASKET,INSUFFICIENT_DATA,INSUFFICIENT_DATA,INSUFFICIENT_DATA,INSUFFICIENT_DATA,INSUFFICIENT_DATA,8.59,4.2,INSUFFICIENT_DATA,INSUFFICIENT_DATA,INSUFFICIENT_DATA,INSUFFICIENT_DATA,INSUFFICIENT_DATA,NO_BASKET,NO_BASKET,INSUFFICIENT_DATA,INSUFFICIENT_DATA,INSUFFICIENT_DATA,INSUFFICIENT_DATA,INSUFFICIENT_DATA,-0.06,4.92,INSUFFICIENT_DATA,INSUFFICIENT_DATA,INSUFFICIENT_DATA,INSUFFICIENT_DATA,INSUFFICIENT_DATA,NO_BASKET,NO_BASKET,INSUFFICIENT_DATA,INSUFFICIENT_DATA,INSUFFICIENT_DATA,INSUFFICIENT_DATA,INSUFFICIENT_DATA
2026-05-12,TSMC capacity discipline,2,3,TRUE,TRUE,FALSE,FALSE,TRUE,FALSE,FALSE,TRUE,FALSE,FALSE,FALSE,FALSE,"first_hc_not_first_mention, hc_high_profile_venue",high_conviction,Sohn NY 2026 — Tech investing fireside,TSMC's deliberate capacity restraint will prevent an AI bubble and sustain a prolonged upcycle in leading-edge wafer supply,"Baker argues that TSMC is deliberately constraining leading-edge wafer capacity expansion far below the pace that Nvidia's Jensen Huang demands, and that this intentional restraint is the key structural difference between the current AI upcycle and prior technology bubbles. He characterizes TSMC's leadership as stewards of Morris Chang's legacy — 'flinty old men and women' — who expand capacity at roughly 5% when Huang visits every three months requesting doublings or triplings. Because physical wafer supply cannot be conjured quickly, Baker contends this bottleneck acts as a natural governor on speculative overinvestment, preventing the kind of bubble that unconstrained capital allocation would otherwise produce. The investment implication is that the AI infrastructure upcycle will be prolonged and structurally sound rather than bubble-prone, and that TSMC as the sole supplier of leading-edge capacity is the critical chokepoint — and thus a core long. Baker notes that Nvidia alone could sell $1–2 trillion of chips if TSMC capacity were available, underscoring the magnitude of suppressed demand flowing through TSM's fabs.","TSM, NVDA",,NO_BASKET,,False,v4 review (STEVE). Steve: no basket,NO_BASKET,NO_BASKET,INSUFFICIENT_DATA,INSUFFICIENT_DATA,INSUFFICIENT_DATA,INSUFFICIENT_DATA,INSUFFICIENT_DATA,8.59,4.2,INSUFFICIENT_DATA,INSUFFICIENT_DATA,INSUFFICIENT_DATA,INSUFFICIENT_DATA,INSUFFICIENT_DATA,NO_BASKET,NO_BASKET,INSUFFICIENT_DATA,INSUFFICIENT_DATA,INSUFFICIENT_DATA,INSUFFICIENT_DATA,INSUFFICIENT_DATA,-0.06,4.92,INSUFFICIENT_DATA,INSUFFICIENT_DATA,INSUFFICIENT_DATA,INSUFFICIENT_DATA,INSUFFICIENT_DATA,NO_BASKET,NO_BASKET,INSUFFICIENT_DATA,INSUFFICIENT_DATA,INSUFFICIENT_DATA,INSUFFICIENT_DATA,INSUFFICIENT_DATA
2026-05-12,Trainium / Amazon custom silicon,2,5,TRUE,TRUE,FALSE,FALSE,FALSE,FALSE,FALSE,TRUE,FALSE,FALSE,FALSE,FALSE,hc_high_profile_venue,high_conviction,Sohn NY 2026 — Tech investing fireside,"Trainium is the most underestimated Nvidia alternative in 2026, analogous to what TPUs were in 2025","Baker argues that Amazon's Trainium is by far the most underestimated Nvidia alternative heading into H2 2026, drawing an explicit parallel to how Google's TPUs were the most underestimated alternative in 2025. His core technical thesis is that all frontier models have converged on mixture-of-experts (MoE) architectures, which require a 'switched scale-up network' for efficient inference — and that today only Nvidia GPUs and Amazon Trainium possess functioning switched scale-up networks, making Trainium uniquely positioned among non-Nvidia alternatives. Baker contrasts Amazon's aggressive design choices on Trainium against Google's more conservative TPU V8 design, and notes that Google's refusal to submit TPUs to the MLPerf benchmark is a telling signal of competitive weakness. The key near-term catalyst is the Trainium 3 ramp in H2 2026, which Baker believes will validate Trainium's competitive positioning and drive meaningful adoption. The investment implication is bullish on AMZN as a custom silicon beneficiary and implicitly bearish or cautious on GOOGL's ability to compete in the custom AI accelerator space.","AMZN, GOOGL, NVDA",AMZN,BAKER_NAMED,LONG,False,,-9.15,0.55,INSUFFICIENT_DATA,INSUFFICIENT_DATA,INSUFFICIENT_DATA,INSUFFICIENT_DATA,INSUFFICIENT_DATA,8.59,4.2,INSUFFICIENT_DATA,INSUFFICIENT_DATA,INSUFFICIENT_DATA,INSUFFICIENT_DATA,INSUFFICIENT_DATA,-17.73,-3.65,INSUFFICIENT_DATA,INSUFFICIENT_DATA,INSUFFICIENT_DATA,INSUFFICIENT_DATA,INSUFFICIENT_DATA,-0.06,4.92,INSUFFICIENT_DATA,INSUFFICIENT_DATA,INSUFFICIENT_DATA,INSUFFICIENT_DATA,INSUFFICIENT_DATA,-9.09,-4.37,INSUFFICIENT_DATA,INSUFFICIENT_DATA,INSUFFICIENT_DATA,INSUFFICIENT_DATA,INSUFFICIENT_DATA
2026-05-12,Usage-based AI pricing shift,1,2,FALSE,TRUE,TRUE,TRUE,FALSE,FALSE,FALSE,TRUE,FALSE,FALSE,FALSE,FALSE,hc_high_profile_venue,high_conviction,Sohn NY 2026 — Tech investing fireside,"AI frontier model pricing is shifting from flat-rate subscriptions to usage-based with overage, which is wildly bullish for AI revenue and token pricing","Baker argues that the AI frontier model industry is undergoing a fundamental pricing shift analogous to the cellular industry's transition from flat-rate minute plans to per-minute overage pricing — a shift he characterizes as 'wildly bullish' for AI revenue and token economics. He contends that usage-based pricing with overages, now being adopted by leading frontier model providers, will dramatically expand monetization per user and unlock massive revenue growth. A key structural observation is that only 10 basis points (0.1%) of the global population currently uses frontier AI models at the intensity they should, and scaling that to even 5% of global population would create compute demand that is, in his words, 'unimaginable.' Baker endorses a near-term combined revenue target of $200B+ for OpenAI and Anthropic, implying these two private companies alone could rival the largest software businesses ever built. The investment implication is bullish on the entire AI compute and infrastructure stack, but the direct revenue beneficiaries — OpenAI and Anthropic — are private and not US-listed equities, leaving no directly actionable public ticker from this specific thesis.",,,NO_BASKET,LONG,False,,NO_BASKET,NO_BASKET,INSUFFICIENT_DATA,INSUFFICIENT_DATA,INSUFFICIENT_DATA,INSUFFICIENT_DATA,INSUFFICIENT_DATA,8.59,4.2,INSUFFICIENT_DATA,INSUFFICIENT_DATA,INSUFFICIENT_DATA,INSUFFICIENT_DATA,INSUFFICIENT_DATA,NO_BASKET,NO_BASKET,INSUFFICIENT_DATA,INSUFFICIENT_DATA,INSUFFICIENT_DATA,INSUFFICIENT_DATA,INSUFFICIENT_DATA,-0.06,4.92,INSUFFICIENT_DATA,INSUFFICIENT_DATA,INSUFFICIENT_DATA,INSUFFICIENT_DATA,INSUFFICIENT_DATA,NO_BASKET,NO_BASKET,INSUFFICIENT_DATA,INSUFFICIENT_DATA,INSUFFICIENT_DATA,INSUFFICIENT_DATA,INSUFFICIENT_DATA
2026-05-20,AI destroying application layer value,1,1,FALSE,FALSE,TRUE,TRUE,FALSE,FALSE,FALSE,FALSE,FALSE,FALSE,FALSE,FALSE,,high_conviction,Invest Like the Best (YouTube) — Watts and wafers,"AI has net destroyed trillions of dollars of value at the application layer, and value creation is concentrated in companies with the highest ratio of utilized GPUs per human","Baker argues that AI has been a net destroyer of value at the application layer, having wiped out trillions of dollars in market capitalization even when accounting for the success stories like Cursor and Cognition. His reasoning is structural: the companies that are actually creating economic value in the AI era are those with the highest ratio of utilized GPUs per human employee, meaning capital-efficient, AI-native businesses rather than traditional software companies layering AI onto legacy architectures. The implication is deeply bearish for incumbent SaaS companies, which face disruption from leaner AI-native competitors that can deliver similar or superior functionality with far fewer human resources. Baker frames this as an empirical observation investors must internalize, not a speculative view — the value destruction has already occurred and the structural dynamic is already in motion. Investors should be cautious of legacy application-layer software companies and skeptical of the assumption that AI is uniformly additive to enterprise software valuations.",,,NO_BASKET,,False,"v4 review: NO_BASKET (removed from scored returns). Theme is macro commentary, never a specific trade",NO_BASKET,NO_BASKET,INSUFFICIENT_DATA,INSUFFICIENT_DATA,INSUFFICIENT_DATA,INSUFFICIENT_DATA,INSUFFICIENT_DATA,18.46,-0.36,INSUFFICIENT_DATA,INSUFFICIENT_DATA,INSUFFICIENT_DATA,INSUFFICIENT_DATA,INSUFFICIENT_DATA,NO_BASKET,NO_BASKET,INSUFFICIENT_DATA,INSUFFICIENT_DATA,INSUFFICIENT_DATA,INSUFFICIENT_DATA,INSUFFICIENT_DATA,0.68,3.15,INSUFFICIENT_DATA,INSUFFICIENT_DATA,INSUFFICIENT_DATA,INSUFFICIENT_DATA,INSUFFICIENT_DATA,NO_BASKET,NO_BASKET,INSUFFICIENT_DATA,INSUFFICIENT_DATA,INSUFFICIENT_DATA,INSUFFICIENT_DATA,INSUFFICIENT_DATA
2026-05-20,ALAB / copper vs fiber,1,1,FALSE,TRUE,TRUE,TRUE,FALSE,FALSE,TRUE,FALSE,FALSE,FALSE,FALSE,FALSE,first_with_tickers,high_conviction,Invest Like the Best (YouTube) — Watts and wafers,"Astera Labs is a high-conviction long that has been miscategorized as a 'copper loser' in market baskets, when it is structurally a beneficiary of both copper and optical connectivity","Baker argues that Astera Labs (ALAB) has been systematically miscategorized in market 'copper loser' baskets, creating a significant mispricing opportunity. His structural argument is that Astera's primary product is a switch, and switches by definition connect to accelerators using both copper and optical connectivity — meaning Astera cannot be a copper loser regardless of how the market has labeled it. Baker has high conviction rooted in a long relationship with the company dating back to a Series C investment, giving him deep fundamental knowledge of the business. The miscategorization in leveraged short baskets has artificially depressed the stock, and Baker frames this as one of the largest opportunities he sees, contrasting ALAB with low-quality names that have already run 10x in 3-6 months and are likely to revert. The investment implication is a long position in ALAB, which benefits structurally from both copper and optical connectivity adoption in AI datacenter infrastructure.",ALAB,ALAB,BAKER_NAMED,LONG,False,,52.94,1.06,INSUFFICIENT_DATA,INSUFFICIENT_DATA,INSUFFICIENT_DATA,INSUFFICIENT_DATA,INSUFFICIENT_DATA,18.46,-0.36,INSUFFICIENT_DATA,INSUFFICIENT_DATA,INSUFFICIENT_DATA,INSUFFICIENT_DATA,INSUFFICIENT_DATA,34.47,1.41,INSUFFICIENT_DATA,INSUFFICIENT_DATA,INSUFFICIENT_DATA,INSUFFICIENT_DATA,INSUFFICIENT_DATA,0.68,3.15,INSUFFICIENT_DATA,INSUFFICIENT_DATA,INSUFFICIENT_DATA,INSUFFICIENT_DATA,INSUFFICIENT_DATA,52.25,-2.09,INSUFFICIENT_DATA,INSUFFICIENT_DATA,INSUFFICIENT_DATA,INSUFFICIENT_DATA,INSUFFICIENT_DATA
2026-05-20,Anthropic valuation / efficiency,3,5,TRUE,TRUE,FALSE,FALSE,FALSE,TRUE,FALSE,FALSE,FALSE,FALSE,FALSE,FALSE,third_within_1yr,high_conviction,Invest Like the Best (YouTube) — Watts and wafers,"Anthropic's ARR growth is the most extraordinary revenue ramp in the history of capitalism, adding the combined ARR of Palantir, Snowflake, and Databricks in one month","Baker argues that Anthropic's revenue ramp is the most extraordinary in the history of capitalism, citing that the company added $11B of ARR in a single month — equivalent to the combined ARR of Palantir, Snowflake, and Databricks, three of the highest-profile SaaS companies of the last decade, each built over roughly ten years. He uses this data point as primary evidence that frontier AI demand is real, accelerating, and not slowing, which justified his decision to lean into AI positions rather than reduce exposure during the March/April 2026 market drawdown. The investment implication is that the AI model layer is experiencing demand that dwarfs prior software cycles, and that investors who sold during the drawdown were making a mistake. Baker's framing also implies that traditional SaaS companies like Palantir and Snowflake face existential disruption risk as AI-native platforms capture revenue at a pace legacy SaaS cannot match.",,,NO_BASKET,LONG,False,,NO_BASKET,NO_BASKET,INSUFFICIENT_DATA,INSUFFICIENT_DATA,INSUFFICIENT_DATA,INSUFFICIENT_DATA,INSUFFICIENT_DATA,18.46,-0.36,INSUFFICIENT_DATA,INSUFFICIENT_DATA,INSUFFICIENT_DATA,INSUFFICIENT_DATA,INSUFFICIENT_DATA,NO_BASKET,NO_BASKET,INSUFFICIENT_DATA,INSUFFICIENT_DATA,INSUFFICIENT_DATA,INSUFFICIENT_DATA,INSUFFICIENT_DATA,0.68,3.15,INSUFFICIENT_DATA,INSUFFICIENT_DATA,INSUFFICIENT_DATA,INSUFFICIENT_DATA,INSUFFICIENT_DATA,NO_BASKET,NO_BASKET,INSUFFICIENT_DATA,INSUFFICIENT_DATA,INSUFFICIENT_DATA,INSUFFICIENT_DATA,INSUFFICIENT_DATA
2026-05-20,DRAM / HBM memory bottleneck,7,9,TRUE,FALSE,FALSE,FALSE,FALSE,FALSE,FALSE,FALSE,FALSE,FALSE,FALSE,FALSE,,high_conviction,Invest Like the Best (YouTube) — Watts and wafers,Cross-sectional AI valuations are deeply inconsistent — semi-cap equipment at 40x annualized earnings vs. DRAM at mid-single digit P/E cannot both be correct,"Baker argues that current cross-sectional valuations across the semiconductor supply chain are deeply inconsistent and cannot simultaneously be correct. Specifically, he notes that semi-cap equipment stocks are trading at approximately 40x annualized earnings while DRAM stocks trade at mid-single-digit P/Es — a stark contrast to the prior cycle peak where semi-cap traded at ~5x and DRAM at ~12x, meaning the historical relationship has essentially inverted. He contends this gap is unjustifiable even after accounting for improved semi-cap business model quality and uncertainty around HBM demand, and that one or both asset classes must reprice. He further highlights a second internal inconsistency: Nvidia's valuation appears cheap relative to its own history, while GE Vernova's valuation implies power demand growth so extreme it would require an unfathomable loss of Nvidia GPU market share — these two valuations cannot coexist. The investment implication is to be long DRAM (particularly Micron as the US-listed pure play) and skeptical of semi-cap equipment multiples, while the Nvidia/GEV inconsistency suggests either GEV is overvalued or NVDA is undervalued.","NVDA, GEV, MU",MU,OBVIOUS_UNIVERSE,LONG,False,,65.49,33.13,INSUFFICIENT_DATA,INSUFFICIENT_DATA,INSUFFICIENT_DATA,INSUFFICIENT_DATA,INSUFFICIENT_DATA,18.46,-0.36,INSUFFICIENT_DATA,INSUFFICIENT_DATA,INSUFFICIENT_DATA,INSUFFICIENT_DATA,INSUFFICIENT_DATA,47.03,33.48,INSUFFICIENT_DATA,INSUFFICIENT_DATA,INSUFFICIENT_DATA,INSUFFICIENT_DATA,INSUFFICIENT_DATA,0.68,3.15,INSUFFICIENT_DATA,INSUFFICIENT_DATA,INSUFFICIENT_DATA,INSUFFICIENT_DATA,INSUFFICIENT_DATA,64.81,29.98,INSUFFICIENT_DATA,INSUFFICIENT_DATA,INSUFFICIENT_DATA,INSUFFICIENT_DATA,INSUFFICIENT_DATA
2026-05-20,Disaggregation prefill/decode,1,6,FALSE,TRUE,TRUE,TRUE,FALSE,FALSE,TRUE,FALSE,FALSE,FALSE,FALSE,FALSE,first_with_tickers,high_conviction,Invest Like the Best (YouTube) — Watts and wafers,"The disaggregation of prefill and inference extends GPU useful lives to 10-15 years, which is structurally positive for private credit GPU financing and lowers the cost of the AI buildout","Baker argues that the architectural disaggregation of AI inference into separate prefill and decode stages structurally extends the useful life of older GPUs (Hopper, Ampere-generation) to 10-15 years, far beyond the 1-4 year useful life assumed by AI skeptics and embedded in current financing structures. His reasoning is that older chips can handle the compute-intensive prefill workload while newer chips handle latency-sensitive decode, meaning older hardware retains genuine economic utility rather than becoming obsolete. The investment implication is that GPU-backed private credit financing rates, currently in the low-7% range (citing CoreWeave as the benchmark), could compress to 5-6% as lenders recognize longer asset lives, materially reducing the total cost of the AI infrastructure buildout. Baker frames this as a structural positive for GPU financing vehicles and cloud/hyperscale operators who lease GPU capacity, and suggests it could offset losses private credit lenders face from deteriorating SaaS loan books. He cites no specific timeframe for the rate compression but treats the useful-life extension as an already-emerging structural reality rather than a speculative future outcome.",CRWV,CRWV,BAKER_NAMED,LONG,False,v4 review (CHANGE). Named CRWV,9.88,-11.37,INSUFFICIENT_DATA,INSUFFICIENT_DATA,INSUFFICIENT_DATA,INSUFFICIENT_DATA,INSUFFICIENT_DATA,18.46,-0.36,INSUFFICIENT_DATA,INSUFFICIENT_DATA,INSUFFICIENT_DATA,INSUFFICIENT_DATA,INSUFFICIENT_DATA,-8.58,-11.02,INSUFFICIENT_DATA,INSUFFICIENT_DATA,INSUFFICIENT_DATA,INSUFFICIENT_DATA,INSUFFICIENT_DATA,0.68,3.15,INSUFFICIENT_DATA,INSUFFICIENT_DATA,INSUFFICIENT_DATA,INSUFFICIENT_DATA,INSUFFICIENT_DATA,9.2,-14.52,INSUFFICIENT_DATA,INSUFFICIENT_DATA,INSUFFICIENT_DATA,INSUFFICIENT_DATA,INSUFFICIENT_DATA
2026-05-20,Frontier model concentration,3,4,TRUE,FALSE,FALSE,FALSE,FALSE,FALSE,FALSE,FALSE,FALSE,FALSE,FALSE,FALSE,,high_conviction,Invest Like the Best (YouTube) — Watts and wafers,"Economic returns at the AI model layer are overwhelmingly concentrated at the frontier, which is surprising and may continue — this is the most important question for AI investors","Baker argues that economic returns at the AI model layer are overwhelmingly concentrated at the frontier — meaning the most capable, highest-cost models from providers like Anthropic, OpenAI, and xAI — rather than being distributed across cheaper or open-source alternatives, which he finds surprising given how rapidly older models have commoditized. His evidence includes his own direct experience observing model quality degradation when switching away from frontier models, suggesting enterprises and developers consistently return to paying premium prices for top-tier outputs. He frames this concentration as the single most important structural question for AI investors, because if frontier economics persist, the companies building and selling frontier tokens will capture disproportionate value even as the broader model market becomes crowded. He identifies two related open questions that compound this thesis: whether the 'bitter lesson' (that scale always wins) will be violated at the ASI threshold, and when continual/online learning will arrive to potentially reshape the competitive landscape. The investment implication is that investors should focus on who controls frontier model access, but all three named beneficiaries — Anthropic, OpenAI, and xAI — are private, leaving no directly actionable US-listed equity plays from this thesis alone.","Anthropic, OpenAI, xAI",,NO_BASKET,LONG,False,,NO_BASKET,NO_BASKET,INSUFFICIENT_DATA,INSUFFICIENT_DATA,INSUFFICIENT_DATA,INSUFFICIENT_DATA,INSUFFICIENT_DATA,18.46,-0.36,INSUFFICIENT_DATA,INSUFFICIENT_DATA,INSUFFICIENT_DATA,INSUFFICIENT_DATA,INSUFFICIENT_DATA,NO_BASKET,NO_BASKET,INSUFFICIENT_DATA,INSUFFICIENT_DATA,INSUFFICIENT_DATA,INSUFFICIENT_DATA,INSUFFICIENT_DATA,0.68,3.15,INSUFFICIENT_DATA,INSUFFICIENT_DATA,INSUFFICIENT_DATA,INSUFFICIENT_DATA,INSUFFICIENT_DATA,NO_BASKET,NO_BASKET,INSUFFICIENT_DATA,INSUFFICIENT_DATA,INSUFFICIENT_DATA,INSUFFICIENT_DATA,INSUFFICIENT_DATA
2026-05-20,Google TPU competitive position,4,5,TRUE,FALSE,FALSE,FALSE,FALSE,FALSE,FALSE,FALSE,TRUE,TRUE,FALSE,TRUE,,high_conviction,Invest Like the Best (YouTube) — Watts and wafers,"Google has lost its per-cost-token leadership due to conservative TPU v8 design decisions, shifting the Pareto frontier to Anthropic, OpenAI, and xAI","Baker argues that Google has lost its dominant position on the AI Pareto frontier (intelligence vs. cost-per-token) over the past nine months, with Anthropic, OpenAI, and xAI's Grok now leading while Google's Gemini 3.1 merely 'hangs on' to the frontier — and likely only through subsidization driven by competitive pride. The root cause, Baker contends, was a deliberate and conservative design decision on TPU v8 intended to reduce Google's dependence on Broadcom (for networking) and Nvidia (for GPUs), which resulted in a chip that underperforms on the cost-efficiency curve relative to competitors using more aggressive third-party silicon. The investment implication is negative for Google's AI monetization and cloud competitiveness, as losing cost-per-token leadership means Google cannot attract or retain the most cost-sensitive AI workloads. Baker frames this as a structural, self-inflicted competitive disadvantage rather than a temporary gap, suggesting the shift in frontier leadership may persist until TPU v9 or a course correction in chip design philosophy. All three frontier leaders — Anthropic, OpenAI, and xAI — remain private, limiting direct investable expression of the beneficiary side of this thesis.","GOOGL, AVGO",GOOGL,BAKER_NAMED,LONG,False,"TPU mention 4 (2026-05-20): genuine reversal — Google lost per-cost-token leadership. Tag thesis-close, exclude from long-mention scoring. Mentions 1-3 keep GOOGL LONG.",-10.03,-12.35,INSUFFICIENT_DATA,INSUFFICIENT_DATA,INSUFFICIENT_DATA,INSUFFICIENT_DATA,INSUFFICIENT_DATA,18.46,-0.36,INSUFFICIENT_DATA,INSUFFICIENT_DATA,INSUFFICIENT_DATA,INSUFFICIENT_DATA,INSUFFICIENT_DATA,-28.5,-12.0,INSUFFICIENT_DATA,INSUFFICIENT_DATA,INSUFFICIENT_DATA,INSUFFICIENT_DATA,INSUFFICIENT_DATA,0.68,3.15,INSUFFICIENT_DATA,INSUFFICIENT_DATA,INSUFFICIENT_DATA,INSUFFICIENT_DATA,INSUFFICIENT_DATA,-10.72,-15.5,INSUFFICIENT_DATA,INSUFFICIENT_DATA,INSUFFICIENT_DATA,INSUFFICIENT_DATA,INSUFFICIENT_DATA
2026-05-20,Meta AI transformation,2,2,TRUE,FALSE,FALSE,FALSE,FALSE,FALSE,FALSE,FALSE,FALSE,FALSE,FALSE,FALSE,,moderate,Invest Like the Best (YouTube) — Watts and wafers,"Meta is in a better competitive position than a year ago due to Zuckerberg's AI-first transformation and the impressive Muse model, though still behind Google in absolute terms","Baker argues that Meta has meaningfully improved its competitive position in AI over the past year, crediting Zuckerberg for making Meta the only true internet giant to fully commit to an AI-first internal transformation, including billion-dollar talent contracts to attract top researchers. He points to Meta's Muse model (described as Meta's first multimodal sequence learning model) as concrete evidence of this progress — while not yet on the Pareto frontier of frontier models, Baker found its proximity to that frontier 'pretty impressive' given where Meta stood previously. Baker's core framework is that rates of change matter more than absolute levels over 3-year investment horizons, meaning Meta's trajectory is more important than the fact that it still trails Google in absolute AI capability terms. The investment implication is that META is a compelling medium-term holding as its AI-first transformation compounds, even if it is not yet the outright AI leader among internet giants.",META,META,BAKER_NAMED,LONG,False,,-6.72,-9.71,INSUFFICIENT_DATA,INSUFFICIENT_DATA,INSUFFICIENT_DATA,INSUFFICIENT_DATA,INSUFFICIENT_DATA,18.46,-0.36,INSUFFICIENT_DATA,INSUFFICIENT_DATA,INSUFFICIENT_DATA,INSUFFICIENT_DATA,INSUFFICIENT_DATA,-25.19,-9.35,INSUFFICIENT_DATA,INSUFFICIENT_DATA,INSUFFICIENT_DATA,INSUFFICIENT_DATA,INSUFFICIENT_DATA,0.68,3.15,INSUFFICIENT_DATA,INSUFFICIENT_DATA,INSUFFICIENT_DATA,INSUFFICIENT_DATA,INSUFFICIENT_DATA,-7.41,-12.85,INSUFFICIENT_DATA,INSUFFICIENT_DATA,INSUFFICIENT_DATA,INSUFFICIENT_DATA,INSUFFICIENT_DATA
2026-05-20,Microsoft AI position,1,1,FALSE,TRUE,TRUE,FALSE,FALSE,FALSE,TRUE,FALSE,FALSE,FALSE,FALSE,FALSE,first_with_tickers,moderate,Invest Like the Best (YouTube) — Watts and wafers,Microsoft flinched on AI capex in early 2025 and is now making the right but risky decision to use compute for internal products rather than selling to OpenAI — this is underappreciated by the market,"Baker argues that Microsoft made a critical strategic error in early 2025 by briefly pulling back on AI capex, causing it to lose compute allocations that are difficult to recover — a mistake he summarizes as 'if you flinch, you lose position.' Satya Nadella is now pivoting to use that compute internally to improve Copilot and train Microsoft's own frontier models rather than selling capacity to OpenAI, which Baker views as the right long-term strategic bet but a risky one given his skepticism about Microsoft's ability to compete at the frontier model level. Baker provides a specific counterfactual: if Microsoft had simply continued serving OpenAI and Anthropic with its GPU capacity as a pure infrastructure play, the stock would be worth $800 today, implying the market is not fully pricing in the execution risk of the internal AI product strategy. The investment implication is nuanced — Baker gives Satya credit for strategic courage but is not unambiguously bullish, flagging team capability as the key risk to watch on the internal model training ambition.",MSFT,,NO_BASKET,SHORT,False,Both mentions -> NO_BASKET. Neither is a trade rec; the Dec-2024 row is really an xAI thesis.,NO_BASKET,NO_BASKET,INSUFFICIENT_DATA,INSUFFICIENT_DATA,INSUFFICIENT_DATA,INSUFFICIENT_DATA,INSUFFICIENT_DATA,18.46,-0.36,INSUFFICIENT_DATA,INSUFFICIENT_DATA,INSUFFICIENT_DATA,INSUFFICIENT_DATA,INSUFFICIENT_DATA,NO_BASKET,NO_BASKET,INSUFFICIENT_DATA,INSUFFICIENT_DATA,INSUFFICIENT_DATA,INSUFFICIENT_DATA,INSUFFICIENT_DATA,0.68,3.15,INSUFFICIENT_DATA,INSUFFICIENT_DATA,INSUFFICIENT_DATA,INSUFFICIENT_DATA,INSUFFICIENT_DATA,NO_BASKET,NO_BASKET,INSUFFICIENT_DATA,INSUFFICIENT_DATA,INSUFFICIENT_DATA,INSUFFICIENT_DATA,INSUFFICIENT_DATA
2026-05-20,Optical networking / interconnect,2,2,TRUE,FALSE,FALSE,FALSE,FALSE,FALSE,FALSE,FALSE,FALSE,FALSE,FALSE,FALSE,,high_conviction,Invest Like the Best (YouTube) — Watts and wafers,"Astera Labs is a high-conviction long that has been miscategorized as a 'copper loser' in market baskets, when it is structurally a beneficiary of both copper and optical connectivity","Baker argues that Astera Labs (ALAB) has been systematically miscategorized in market 'copper loser' baskets, creating a significant mispricing opportunity. His structural argument is that Astera's primary product is a switch, and switches by definition connect to accelerators using both copper and optical connectivity — meaning Astera cannot be a copper loser regardless of how the market has labeled it. Baker has high conviction rooted in a long relationship with the company dating back to a Series C investment, giving him deep fundamental knowledge of the business. The miscategorization in leveraged short baskets has artificially depressed the stock, and Baker frames this as one of the largest opportunities he sees, contrasting ALAB with low-quality names that have already run 10x in 3-6 months and are likely to revert. The investment implication is a long position in ALAB, which benefits structurally from both copper and optical connectivity adoption in AI datacenter infrastructure.",ALAB,"CIEN, COHR, LITE",BAKER_NAMED,LONG,False,,1.55,-15.69,INSUFFICIENT_DATA,INSUFFICIENT_DATA,INSUFFICIENT_DATA,INSUFFICIENT_DATA,INSUFFICIENT_DATA,18.46,-0.36,INSUFFICIENT_DATA,INSUFFICIENT_DATA,INSUFFICIENT_DATA,INSUFFICIENT_DATA,INSUFFICIENT_DATA,-16.92,-15.33,INSUFFICIENT_DATA,INSUFFICIENT_DATA,INSUFFICIENT_DATA,INSUFFICIENT_DATA,INSUFFICIENT_DATA,0.68,3.15,INSUFFICIENT_DATA,INSUFFICIENT_DATA,INSUFFICIENT_DATA,INSUFFICIENT_DATA,INSUFFICIENT_DATA,0.86,-18.83,INSUFFICIENT_DATA,INSUFFICIENT_DATA,INSUFFICIENT_DATA,INSUFFICIENT_DATA,INSUFFICIENT_DATA
2026-05-20,Orbital / space-based compute,3,8,TRUE,TRUE,FALSE,FALSE,FALSE,TRUE,TRUE,FALSE,FALSE,FALSE,FALSE,FALSE,"third_within_1yr, first_with_tickers",high_conviction,Invest Like the Best (YouTube) — Watts and wafers,"Capitalism will solve the power/watts shortage for AI data centers by 2027-2028, with orbital compute as the longer-term solution","Baker argues that the primary bottleneck for AI data center buildout has shifted from chips or energy supply to zoning and regulatory approvals, and that capitalism will resolve the watts shortage by 2027-2028 as turbine manufacturing capacity ramps and alternative energy sources come online. He bases this on direct time spent at SpaceX's Starbase facility with engineers who are highly confident in solving the technical challenges of orbital compute — racks in space cooled and connected by lasers — as the longer-term structural solution to power constraints. The investment implication is that power generation and grid infrastructure companies stand to benefit in the medium term as data center buildout accelerates once regulatory bottlenecks clear, while SpaceX (private) is the primary vehicle for the orbital compute thesis. Baker cites a specific timeline of 2027-2028 for the watts shortage to begin alleviating, suggesting near-term power scarcity remains a tailwind for existing clean power producers with contracted capacity.",GEV,"RKLB, LUNR, ASTS, RDW",RETAIL_PROXY,LONG,True,,-22.54,-35.03,INSUFFICIENT_DATA,INSUFFICIENT_DATA,INSUFFICIENT_DATA,INSUFFICIENT_DATA,INSUFFICIENT_DATA,18.46,-0.36,INSUFFICIENT_DATA,INSUFFICIENT_DATA,INSUFFICIENT_DATA,INSUFFICIENT_DATA,INSUFFICIENT_DATA,-41.0,-34.67,INSUFFICIENT_DATA,INSUFFICIENT_DATA,INSUFFICIENT_DATA,INSUFFICIENT_DATA,INSUFFICIENT_DATA,0.68,3.15,INSUFFICIENT_DATA,INSUFFICIENT_DATA,INSUFFICIENT_DATA,INSUFFICIENT_DATA,INSUFFICIENT_DATA,-23.22,-38.17,INSUFFICIENT_DATA,INSUFFICIENT_DATA,INSUFFICIENT_DATA,INSUFFICIENT_DATA,INSUFFICIENT_DATA
2026-05-20,Power / cooling equipment suppliers,1,1,FALSE,TRUE,TRUE,FALSE,FALSE,FALSE,TRUE,FALSE,FALSE,FALSE,FALSE,FALSE,first_with_tickers,moderate,Invest Like the Best (YouTube) — Watts and wafers,Companies in the power production and cooling ecosystem that are massively ramping capacity face risk from orbital compute becoming real just as that capacity hits,"Baker warns that companies in the terrestrial power production and cooling ecosystem that are currently ramping significant new capacity face a specific timing risk: orbital compute could become understood and priced by the market precisely as that new capacity comes online, potentially stranding or devaluing those investments. His reasoning is that if orbital compute eliminates or dramatically reduces the need for earth-based data center power and cooling infrastructure, the massive capital expenditures being made today by power and cooling companies could become impaired assets. The investment implication is a cautionary one — Baker is not explicitly shorting these names but urges investors in power/cooling infrastructure plays to think carefully about whether the timeline of their capacity additions aligns dangerously with the timeline of orbital compute becoming a credible market narrative. He stops short of naming specific companies, framing this as a structural risk warning rather than a specific sell recommendation, and the thesis is explicitly contrarian relative to the consensus bullish view on AI power infrastructure buildout.","GEV, ETN, VRT, PWR",,NO_BASKET,,False,v4 review (STEVE). Steve: no trade,NO_BASKET,NO_BASKET,INSUFFICIENT_DATA,INSUFFICIENT_DATA,INSUFFICIENT_DATA,INSUFFICIENT_DATA,INSUFFICIENT_DATA,18.46,-0.36,INSUFFICIENT_DATA,INSUFFICIENT_DATA,INSUFFICIENT_DATA,INSUFFICIENT_DATA,INSUFFICIENT_DATA,NO_BASKET,NO_BASKET,INSUFFICIENT_DATA,INSUFFICIENT_DATA,INSUFFICIENT_DATA,INSUFFICIENT_DATA,INSUFFICIENT_DATA,0.68,3.15,INSUFFICIENT_DATA,INSUFFICIENT_DATA,INSUFFICIENT_DATA,INSUFFICIENT_DATA,INSUFFICIENT_DATA,NO_BASKET,NO_BASKET,INSUFFICIENT_DATA,INSUFFICIENT_DATA,INSUFFICIENT_DATA,INSUFFICIENT_DATA,INSUFFICIENT_DATA
2026-05-20,SpaceX ecosystem / Starship economics,5,13,TRUE,FALSE,FALSE,FALSE,FALSE,FALSE,FALSE,FALSE,FALSE,FALSE,FALSE,FALSE,,high_conviction,Invest Like the Best (YouTube) — Watts and wafers,"TerraFab (SpaceX/Tesla joint venture with Intel partnership) will succeed in building a leading US semiconductor fab, potentially disrupting the TSMC/Intel/Samsung dynamic","Baker argues that TerraFab — a reported SpaceX/Tesla joint venture partnered with Intel — has a credible path to becoming a leading US semiconductor fab, potentially disrupting the current TSMC/Samsung/Intel hierarchy. His core reasoning draws on a structural analogy: just as TSMC rose to dominance partly because wafer fab equipment companies (ASML, KLA, Lam, Applied Materials) prioritized it with their best engineering teams, TerraFab will receive similar A-team support because those same equipment vendors want to avoid a TSMC monopsony and will back a credible challenger. Baker adds that Elon Musk's global reputation will attract elite semiconductor engineering talent, and that he will build cultural infrastructure — Taiwan towns, Japan towns, Korea towns — to recruit diaspora engineers who built TSMC and Samsung. Baker believes Elon will compress traditional fab development timelines significantly, making TerraFab a long-term structural threat to incumbent fabs and a long-term beneficiary thesis for the semi-cap equipment suppliers who will be deeply embedded in its buildout.","INTC, ASML, KLAC, LRCX, AMAT","ASML, LRCX, KLAC, AMAT",BAKER_NAMED,LONG,True,v4 review (CHANGE). TerraFab semicap,40.51,9.42,INSUFFICIENT_DATA,INSUFFICIENT_DATA,INSUFFICIENT_DATA,INSUFFICIENT_DATA,INSUFFICIENT_DATA,18.46,-0.36,INSUFFICIENT_DATA,INSUFFICIENT_DATA,INSUFFICIENT_DATA,INSUFFICIENT_DATA,INSUFFICIENT_DATA,22.05,9.77,INSUFFICIENT_DATA,INSUFFICIENT_DATA,INSUFFICIENT_DATA,INSUFFICIENT_DATA,INSUFFICIENT_DATA,0.68,3.15,INSUFFICIENT_DATA,INSUFFICIENT_DATA,INSUFFICIENT_DATA,INSUFFICIENT_DATA,INSUFFICIENT_DATA,39.83,6.27,INSUFFICIENT_DATA,INSUFFICIENT_DATA,INSUFFICIENT_DATA,INSUFFICIENT_DATA,INSUFFICIENT_DATA
2026-05-20,TSMC capacity discipline,3,3,TRUE,TRUE,FALSE,FALSE,FALSE,TRUE,FALSE,FALSE,FALSE,FALSE,FALSE,FALSE,third_within_1yr,high_conviction,Invest Like the Best (YouTube) — Watts and wafers,TSMC's capacity discipline is the single most important variable in preventing an AI infrastructure bubble,"Baker argues that TSMC's capacity discipline is the single most important variable determining whether AI infrastructure investment tips into an overbuild bubble. His core claim is that if TSMC were to fulfill Jensen Huang's full demand ambitions, Nvidia could theoretically sell $2–3 trillion worth of GPUs in 2026–27, a pace that would almost certainly result in massive overcapacity and a bubble. Baker identifies a 'Goldilocks zone' for TSMC: expand capacity enough to prevent Intel or Samsung from capturing more than roughly 30% market share as a second-source foundry (which would undermine TSMC's pricing discipline), but constrain supply enough to prevent runaway GPU shipments. He concludes that TSMC's capacity announcements and expansion decisions are the single best leading indicator an investor can monitor to assess AI infrastructure bubble risk, making TSM the central analytical lens for this thesis.","TSM, NVDA","NVDA, AVGO, MU",OBVIOUS_UNIVERSE,LONG,False,"v4 review: trade continuation, basket locked. Established trade, continuation mention",17.66,5.85,INSUFFICIENT_DATA,INSUFFICIENT_DATA,INSUFFICIENT_DATA,INSUFFICIENT_DATA,INSUFFICIENT_DATA,18.46,-0.36,INSUFFICIENT_DATA,INSUFFICIENT_DATA,INSUFFICIENT_DATA,INSUFFICIENT_DATA,INSUFFICIENT_DATA,-0.8,6.21,INSUFFICIENT_DATA,INSUFFICIENT_DATA,INSUFFICIENT_DATA,INSUFFICIENT_DATA,INSUFFICIENT_DATA,0.68,3.15,INSUFFICIENT_DATA,INSUFFICIENT_DATA,INSUFFICIENT_DATA,INSUFFICIENT_DATA,INSUFFICIENT_DATA,16.98,2.71,INSUFFICIENT_DATA,INSUFFICIENT_DATA,INSUFFICIENT_DATA,INSUFFICIENT_DATA,INSUFFICIENT_DATA
2026-05-20,Trainium / Amazon custom silicon,3,5,TRUE,TRUE,FALSE,FALSE,FALSE,TRUE,FALSE,FALSE,FALSE,FALSE,FALSE,FALSE,third_within_1yr,moderate,Invest Like the Best (YouTube) — Watts and wafers,"Amazon is in a strong position due to Trainium, real P&L efficiencies from robotics in retail over the next 18 months, and underappreciated Nova models","Baker argues that Amazon is in a stronger competitive position than the market appreciates across three distinct vectors: its proprietary Trainium AI chip, robotics-driven retail efficiency, and undervalued Nova foundation models. On the chip side, Baker highlights Trainium 3's technical architecture — specifically its switch scale-up network — as enabling economical Mixture-of-Experts (MoE) model inference, positioning Amazon to reduce dependence on NVIDIA and lower AI infrastructure costs. Baker expects robotics deployments in Amazon's retail and fulfillment operations to produce visible, measurable P&L improvements within 18 months, a catalyst he believes is underappreciated by the market. He also contends that Amazon's Nova models are better than their public reputation suggests, though he stops short of claiming they rival top-tier frontier models. The combined implication is that AMZN is a buy with multiple underappreciated near-to-medium-term earnings catalysts.",AMZN,AMZN,BAKER_NAMED,LONG,False,,-12.16,-1.85,INSUFFICIENT_DATA,INSUFFICIENT_DATA,INSUFFICIENT_DATA,INSUFFICIENT_DATA,INSUFFICIENT_DATA,18.46,-0.36,INSUFFICIENT_DATA,INSUFFICIENT_DATA,INSUFFICIENT_DATA,INSUFFICIENT_DATA,INSUFFICIENT_DATA,-30.62,-1.49,INSUFFICIENT_DATA,INSUFFICIENT_DATA,INSUFFICIENT_DATA,INSUFFICIENT_DATA,INSUFFICIENT_DATA,0.68,3.15,INSUFFICIENT_DATA,INSUFFICIENT_DATA,INSUFFICIENT_DATA,INSUFFICIENT_DATA,INSUFFICIENT_DATA,-12.84,-4.99,INSUFFICIENT_DATA,INSUFFICIENT_DATA,INSUFFICIENT_DATA,INSUFFICIENT_DATA,INSUFFICIENT_DATA
2026-05-20,Usage-based AI pricing shift,2,2,TRUE,FALSE,FALSE,FALSE,FALSE,FALSE,FALSE,FALSE,FALSE,FALSE,FALSE,FALSE,,high_conviction,Invest Like the Best (YouTube) — Watts and wafers,"The shift from all-you-can-eat to usage-based pricing at AI frontier labs is a major bullish catalyst for OpenAI and Anthropic revenue, likely driving both well above $200B ARR in 2026","Baker argues that the AI frontier lab industry is undergoing a structural pricing shift from flat-rate, all-you-can-eat subscriptions to usage-based, pay-per-token enterprise plans — a transition he analogizes to the cellular industry, where fixed plus usage-based pricing drove massive revenue growth while unlimited plans suppressed it. He contends that users who were previously rate-limited on $250–$300/month consumer plans will migrate to enterprise usage-based contracts, unlocking enormous incremental revenue that was previously capped. Baker makes a specific and high-conviction prediction that both OpenAI and Anthropic will 'well exceed $200B ARR' in 2026 as a direct result of this pricing dynamic. The investment implication is primarily relevant to private market investors, as both named beneficiaries are privately held; however, the thesis implies that the AI model layer is monetizing far faster than consensus expects, which could have read-through implications for public companies exposed to AI infrastructure demand.",,,NO_BASKET,LONG,False,,NO_BASKET,NO_BASKET,INSUFFICIENT_DATA,INSUFFICIENT_DATA,INSUFFICIENT_DATA,INSUFFICIENT_DATA,INSUFFICIENT_DATA,18.46,-0.36,INSUFFICIENT_DATA,INSUFFICIENT_DATA,INSUFFICIENT_DATA,INSUFFICIENT_DATA,INSUFFICIENT_DATA,NO_BASKET,NO_BASKET,INSUFFICIENT_DATA,INSUFFICIENT_DATA,INSUFFICIENT_DATA,INSUFFICIENT_DATA,INSUFFICIENT_DATA,0.68,3.15,INSUFFICIENT_DATA,INSUFFICIENT_DATA,INSUFFICIENT_DATA,INSUFFICIENT_DATA,INSUFFICIENT_DATA,NO_BASKET,NO_BASKET,INSUFFICIENT_DATA,INSUFFICIENT_DATA,INSUFFICIENT_DATA,INSUFFICIENT_DATA,INSUFFICIENT_DATA
2026-05-22,AI capex ROI positive,5,8,TRUE,FALSE,FALSE,FALSE,FALSE,FALSE,FALSE,FALSE,FALSE,FALSE,FALSE,FALSE,,high_conviction,"All-In Podcast — E274: SpaceX $2T case, Nvidia shock selloff","AI inference revenue is approaching $200-400B ARR across major LLM providers by end of 2026, validating ROI on GPU spend","Baker argues that AI inference is already generating massive, real revenue — estimating that OpenAI and Anthropic alone are running at approximately $100B ARR with roughly 80% gross margins on inference workloads. Adding Gemini (Google), Cursor, xAI, and open-source inference deployments, he projects total LLM inference ARR of $200-400B by end of 2026 at high gross margins. This figure is presented as a direct rebuttal to critics who claim hyperscaler AI capex is circular or unvalidated — Baker contends the revenue is real, external, and growing rapidly. The investment implication is that hyperscaler capex on GPUs and AI infrastructure is justified by demonstrable ROI, and that companies with large inference revenue exposure or GPU infrastructure buildouts are vindicated. He also notes that GPU returns from improved recommender systems at Meta, Google, and Amazon provide additional ROI validation beyond pure LLM inference revenue.","GOOGL, META, AMZN, MSFT",,NO_BASKET,,False,"Never-a-trade theme: macro commentary regardless of mention number, NO_BASKET for all mentions (operator 2026-07-16). Supersedes the v4 m4 2025-03-29 -> NVDA CHANGE.",NO_BASKET,NO_BASKET,INSUFFICIENT_DATA,INSUFFICIENT_DATA,INSUFFICIENT_DATA,INSUFFICIENT_DATA,INSUFFICIENT_DATA,7.39,-5.12,INSUFFICIENT_DATA,INSUFFICIENT_DATA,INSUFFICIENT_DATA,INSUFFICIENT_DATA,INSUFFICIENT_DATA,NO_BASKET,NO_BASKET,INSUFFICIENT_DATA,INSUFFICIENT_DATA,INSUFFICIENT_DATA,INSUFFICIENT_DATA,INSUFFICIENT_DATA,-1.41,2.65,INSUFFICIENT_DATA,INSUFFICIENT_DATA,INSUFFICIENT_DATA,INSUFFICIENT_DATA,INSUFFICIENT_DATA,NO_BASKET,NO_BASKET,INSUFFICIENT_DATA,INSUFFICIENT_DATA,INSUFFICIENT_DATA,INSUFFICIENT_DATA,INSUFFICIENT_DATA
2026-05-22,China AI distillation / export controls,6,6,TRUE,FALSE,FALSE,FALSE,FALSE,FALSE,FALSE,FALSE,FALSE,FALSE,FALSE,FALSE,,high_conviction,"All-In Podcast — E274: SpaceX $2T case, Nvidia shock selloff",Selling depreciated Nvidia GPUs to China reduces the probability of China developing a more power-hungry alternative AI ecosystem and is stabilizing for US AI leadership,"Baker argues that selling older, depreciated Nvidia GPUs to China is the highest-probability path to preserving US AI leadership and maintaining American control over the global AI ecosystem. His reasoning is that if China is denied access to these chips, they are incentivized to develop their own alternative AI hardware stack — one that would be more power-hungry and would adopt optical scale-up fabrics earlier, ultimately reducing US strategic leverage. By contrast, keeping China dependent on Nvidia's architecture perpetuates US ecosystem dominance and slows Chinese indigenous chip development. Baker frames this as a contrarian view against export control hawks, suggesting the conventional wisdom of blanket restrictions may backfire by accelerating Chinese self-sufficiency. The investment implication is modestly positive for Nvidia, as a policy shift toward allowing depreciated GPU sales to China would open an incremental revenue channel that is currently restricted.",NVDA,,NO_BASKET,,False,"clustering-fix (2026-07-16) NO_BASKET: selling depreciated GPUs to China — correctly themed, not a trade",NO_BASKET,NO_BASKET,INSUFFICIENT_DATA,INSUFFICIENT_DATA,INSUFFICIENT_DATA,INSUFFICIENT_DATA,INSUFFICIENT_DATA,7.39,-5.12,INSUFFICIENT_DATA,INSUFFICIENT_DATA,INSUFFICIENT_DATA,INSUFFICIENT_DATA,INSUFFICIENT_DATA,NO_BASKET,NO_BASKET,INSUFFICIENT_DATA,INSUFFICIENT_DATA,INSUFFICIENT_DATA,INSUFFICIENT_DATA,INSUFFICIENT_DATA,-1.41,2.65,INSUFFICIENT_DATA,INSUFFICIENT_DATA,INSUFFICIENT_DATA,INSUFFICIENT_DATA,INSUFFICIENT_DATA,NO_BASKET,NO_BASKET,INSUFFICIENT_DATA,INSUFFICIENT_DATA,INSUFFICIENT_DATA,INSUFFICIENT_DATA,INSUFFICIENT_DATA
2026-05-22,Disaggregation prefill/decode,2,6,TRUE,FALSE,FALSE,FALSE,FALSE,FALSE,FALSE,FALSE,FALSE,FALSE,FALSE,FALSE,,high_conviction,"All-In Podcast — E274: SpaceX $2T case, Nvidia shock selloff",GPU useful lives of 10-15 years (enabled by disaggregated inference with domain-specific accelerators) validate neo-cloud amortization schedules and financing structures,"Baker argues that the debate over GPU useful lives has been resolved in favor of the bulls: by disaggregating inference workloads—routing decode tasks to domain-specific accelerators like Groq or Cerebras chips in front of older GPUs—those older GPUs retain economic utility for 10 to 15 years rather than the 2-year useful life that bears had assumed. This structural shift directly validates the amortization schedules (4-6 years) and asset-backed financing rates (~6%) used by neo-cloud operators like CoreWeave, which had been attacked as financially unsound. Baker credits Nvidia's Q1 results as the catalyst that 'single-handedly saved the neo-clouds' by demonstrating sustained demand and proving the economics of the disaggregated inference model. The investment implication is that neo-cloud operators with long-duration GPU financing structures are vindicated, and their equity and debt valuations should reflect longer asset lives and more durable cash flows. Investors should watch CoreWeave and similar neo-cloud operators as direct beneficiaries of this re-rating in GPU asset economics.","CRWV, NVDA",CRWV,BAKER_NAMED,LONG,False,v4 review (CHANGE). Named CRWV,-4.37,-18.24,INSUFFICIENT_DATA,INSUFFICIENT_DATA,INSUFFICIENT_DATA,INSUFFICIENT_DATA,INSUFFICIENT_DATA,7.39,-5.12,INSUFFICIENT_DATA,INSUFFICIENT_DATA,INSUFFICIENT_DATA,INSUFFICIENT_DATA,INSUFFICIENT_DATA,-11.76,-13.12,INSUFFICIENT_DATA,INSUFFICIENT_DATA,INSUFFICIENT_DATA,INSUFFICIENT_DATA,INSUFFICIENT_DATA,-1.41,2.65,INSUFFICIENT_DATA,INSUFFICIENT_DATA,INSUFFICIENT_DATA,INSUFFICIENT_DATA,INSUFFICIENT_DATA,-2.96,-20.89,INSUFFICIENT_DATA,INSUFFICIENT_DATA,INSUFFICIENT_DATA,INSUFFICIENT_DATA,INSUFFICIENT_DATA
2026-05-22,Neoclouds as durable model,3,4,TRUE,FALSE,FALSE,FALSE,FALSE,FALSE,FALSE,FALSE,FALSE,FALSE,FALSE,FALSE,,high_conviction,"All-In Podcast — E274: SpaceX $2T case, Nvidia shock selloff",GPU useful lives of 10-15 years (enabled by disaggregated inference with domain-specific accelerators) validate neo-cloud amortization schedules and financing structures,"Baker argues that the debate over GPU useful lives has been resolved in favor of the bulls: by disaggregating inference workloads—routing decode tasks to domain-specific accelerators like Groq or Cerebras chips in front of older GPUs—those older GPUs retain economic utility for 10 to 15 years rather than the 2-year useful life that bears had assumed. This structural shift directly validates the amortization schedules (4-6 years) and asset-backed financing rates (~6%) used by neo-cloud operators like CoreWeave, which had been attacked as financially unsound. Baker credits Nvidia's Q1 results as the catalyst that 'single-handedly saved the neo-clouds' by demonstrating sustained demand and proving the economics of the disaggregated inference model. The investment implication is that neo-cloud operators with long-duration GPU financing structures are vindicated, and their equity and debt valuations should reflect longer asset lives and more durable cash flows. Investors should watch CoreWeave and similar neo-cloud operators as direct beneficiaries of this re-rating in GPU asset economics.","CRWV, NVDA","CRWV, NBIS",BAKER_NAMED,LONG,False,All mentions. He named both CoreWeave and Nebius at Sohn NY 2026.,8.27,-10.02,INSUFFICIENT_DATA,INSUFFICIENT_DATA,INSUFFICIENT_DATA,INSUFFICIENT_DATA,INSUFFICIENT_DATA,7.39,-5.12,INSUFFICIENT_DATA,INSUFFICIENT_DATA,INSUFFICIENT_DATA,INSUFFICIENT_DATA,INSUFFICIENT_DATA,0.87,-4.9,INSUFFICIENT_DATA,INSUFFICIENT_DATA,INSUFFICIENT_DATA,INSUFFICIENT_DATA,INSUFFICIENT_DATA,-1.41,2.65,INSUFFICIENT_DATA,INSUFFICIENT_DATA,INSUFFICIENT_DATA,INSUFFICIENT_DATA,INSUFFICIENT_DATA,9.68,-12.67,INSUFFICIENT_DATA,INSUFFICIENT_DATA,INSUFFICIENT_DATA,INSUFFICIENT_DATA,INSUFFICIENT_DATA
2026-05-22,Orbital / space-based compute,4,8,TRUE,FALSE,FALSE,FALSE,FALSE,FALSE,FALSE,FALSE,FALSE,FALSE,FALSE,FALSE,,moderate,"All-In Podcast — E274: SpaceX $2T case, Nvidia shock selloff",Orbital/space-based compute is real and will hit SpaceX's bottom line in second half of 2028 to first half of 2030,"Baker argues that orbital/space-based compute will become a commercial reality on SpaceX's P&L between H2 2028 and H1 2030, representing a significant new revenue stream for the company. He supports this view by pointing to a working H100 GPU already operating in space today — noting that Andrej Karpathy has trained a model on it — as evidence that the technical barriers are being overcome faster than the market appreciates. A key underappreciated competitive advantage Baker highlights is SpaceX's ability to use non-radiation-hardened commercial chips in space because their hardware happens to pass radiation testing, dramatically lowering the cost and complexity of deploying compute in orbit versus traditional space-grade hardware. The primary investment implication is bullish on SpaceX (private), with no clear publicly-traded direct beneficiary that Baker specifies — NVDA is mentioned only as the manufacturer of the H100 already in orbit, not as a structural beneficiary of this thesis.",,,NO_BASKET,,True,"v4 review: NO_BASKET (removed from scored returns). Private/macro, agree with model",NO_BASKET,NO_BASKET,INSUFFICIENT_DATA,INSUFFICIENT_DATA,INSUFFICIENT_DATA,INSUFFICIENT_DATA,INSUFFICIENT_DATA,7.39,-5.12,INSUFFICIENT_DATA,INSUFFICIENT_DATA,INSUFFICIENT_DATA,INSUFFICIENT_DATA,INSUFFICIENT_DATA,NO_BASKET,NO_BASKET,INSUFFICIENT_DATA,INSUFFICIENT_DATA,INSUFFICIENT_DATA,INSUFFICIENT_DATA,INSUFFICIENT_DATA,-1.41,2.65,INSUFFICIENT_DATA,INSUFFICIENT_DATA,INSUFFICIENT_DATA,INSUFFICIENT_DATA,INSUFFICIENT_DATA,NO_BASKET,NO_BASKET,INSUFFICIENT_DATA,INSUFFICIENT_DATA,INSUFFICIENT_DATA,INSUFFICIENT_DATA,INSUFFICIENT_DATA
2026-05-22,SpaceX ecosystem / Starship economics,6,13,TRUE,FALSE,FALSE,FALSE,FALSE,FALSE,FALSE,FALSE,FALSE,FALSE,FALSE,FALSE,,high_conviction,"All-In Podcast — E274: SpaceX $2T case, Nvidia shock selloff","SpaceX's Elon Web Services (EWS) data center business can grow dramatically faster than previously contemplated, with the Anthropic $15B/year contract as proof of concept","Baker argues that SpaceX's Elon Web Services (EWS) data center business has a dramatically larger growth trajectory than previously understood, with Anthropic's $15B/year compute contract ($1.25B/month for Colossus 1 and parts of Colossus 2) serving as the proof-of-concept anchor tenant that de-risks rapid capacity expansion. He highlights SpaceX's extraordinary construction velocity — compressing build times from 122 days to 91 days to 66 days per data center — and lower costs relative to hyperscalers, arguing these operational advantages make SpaceX the fastest GPU deployment platform in the industry. Baker notes that Jensen Huang allocates GPUs to whoever can plug them in fastest, meaning SpaceX's construction speed creates a self-reinforcing advantage in securing Nvidia GPU supply. The investment implication is that SpaceX (private) is the primary beneficiary, and the thesis does not cleanly translate to any publicly listed equity; NVDA is a loose downstream beneficiary only insofar as faster SpaceX buildout accelerates GPU consumption, but this is not a thesis specifically about Nvidia. Baker frames this as a medium-term structural re-rating of EWS's addressable market, not a near-term trade on any listed stock.",,,NO_BASKET,,True,"v4 review: NO_BASKET (removed from scored returns). Private/macro, agree with model",NO_BASKET,NO_BASKET,INSUFFICIENT_DATA,INSUFFICIENT_DATA,INSUFFICIENT_DATA,INSUFFICIENT_DATA,INSUFFICIENT_DATA,7.39,-5.12,INSUFFICIENT_DATA,INSUFFICIENT_DATA,INSUFFICIENT_DATA,INSUFFICIENT_DATA,INSUFFICIENT_DATA,NO_BASKET,NO_BASKET,INSUFFICIENT_DATA,INSUFFICIENT_DATA,INSUFFICIENT_DATA,INSUFFICIENT_DATA,INSUFFICIENT_DATA,-1.41,2.65,INSUFFICIENT_DATA,INSUFFICIENT_DATA,INSUFFICIENT_DATA,INSUFFICIENT_DATA,INSUFFICIENT_DATA,NO_BASKET,NO_BASKET,INSUFFICIENT_DATA,INSUFFICIENT_DATA,INSUFFICIENT_DATA,INSUFFICIENT_DATA,INSUFFICIENT_DATA
2026-05-22,xAI competitive position,7,9,TRUE,FALSE,FALSE,FALSE,FALSE,FALSE,FALSE,FALSE,FALSE,FALSE,FALSE,FALSE,,high_conviction,"All-In Podcast — E274: SpaceX $2T case, Nvidia shock selloff",xAI (Grok) is now on the Pareto frontier of frontier models and the release of Grok Build (harness/runtime) is a critical missing piece that makes the model dramatically more useful,"Baker argues that xAI's Grok 4.3 (a 500B parameter model) has reached the Pareto frontier of frontier AI models, placing it alongside Google Gemini 3.1 Pro, OpenAI, and Anthropic's offerings in terms of capability. Previously, Grok lacked a harness — a runtime/environment that manages state and memory in agentic workflows — which Baker identifies as a critical gap relative to competitors like Claude Code (Anthropic) and Codex (OpenAI). The release of Grok Build fills this gap, and Baker contends that the harness is 'essentially as important as the model' in an agentic world, meaning raw model quality alone is insufficient for real-world deployment. Baker further argues that harnesses must be co-developed with the underlying model, suggesting that xAI's integrated approach positions Grok Build as a structurally competitive product rather than an afterthought. The investment implication is that xAI is now a credible competitor in the agentic AI space, though xAI is not publicly listed, limiting direct equity expression of this thesis.",,,NO_BASKET,LONG,False,,NO_BASKET,NO_BASKET,INSUFFICIENT_DATA,INSUFFICIENT_DATA,INSUFFICIENT_DATA,INSUFFICIENT_DATA,INSUFFICIENT_DATA,7.39,-5.12,INSUFFICIENT_DATA,INSUFFICIENT_DATA,INSUFFICIENT_DATA,INSUFFICIENT_DATA,INSUFFICIENT_DATA,NO_BASKET,NO_BASKET,INSUFFICIENT_DATA,INSUFFICIENT_DATA,INSUFFICIENT_DATA,INSUFFICIENT_DATA,INSUFFICIENT_DATA,-1.41,2.65,INSUFFICIENT_DATA,INSUFFICIENT_DATA,INSUFFICIENT_DATA,INSUFFICIENT_DATA,INSUFFICIENT_DATA,NO_BASKET,NO_BASKET,INSUFFICIENT_DATA,INSUFFICIENT_DATA,INSUFFICIENT_DATA,INSUFFICIENT_DATA,INSUFFICIENT_DATA
2026-06-07,AI networking (Ethernet/InfiniBand),3,3,TRUE,FALSE,FALSE,FALSE,FALSE,FALSE,FALSE,FALSE,FALSE,FALSE,FALSE,FALSE,,high_conviction,All-In Podcast — Liquidity Summit: secondary markets eating the IPO,Arista Networks and Drivetrain (Driveats/Drivets) are high-conviction positions in the AI networking infrastructure supercycle thesis — reinventing networking for disaggregated AI inference workloads.,"Baker argues that the shift toward disaggregated AI inference — where pre-fill and decode operations run on different, heterogeneous chips — requires a fundamental reinvention of data center networking, creating a multi-year infrastructure supercycle. He identifies Arista Networks (ANET) and a private company he refers to as 'Drivets' (likely a private networking startup) as two names he has been publicly involved in that are approaching this networking reinvention in a differentiated way. The investment implication is that traditional networking architectures are insufficient for orchestrating heterogeneous silicon at scale, and companies building purpose-built AI networking infrastructure stand to benefit enormously. Baker is described by co-host Gerstner as one of the earliest investors to frame the infra networking supercycle thesis, lending high conviction to the view. The thesis is long-term in nature and focused specifically on the networking layer of AI infrastructure, not compute or memory.",ANET,ANET,BAKER_NAMED,LONG,False,,18.09,24.65,INSUFFICIENT_DATA,INSUFFICIENT_DATA,INSUFFICIENT_DATA,INSUFFICIENT_DATA,INSUFFICIENT_DATA,1.6,-4.08,INSUFFICIENT_DATA,INSUFFICIENT_DATA,INSUFFICIENT_DATA,INSUFFICIENT_DATA,INSUFFICIENT_DATA,16.49,28.74,INSUFFICIENT_DATA,INSUFFICIENT_DATA,INSUFFICIENT_DATA,INSUFFICIENT_DATA,INSUFFICIENT_DATA,1.95,3.88,INSUFFICIENT_DATA,INSUFFICIENT_DATA,INSUFFICIENT_DATA,INSUFFICIENT_DATA,INSUFFICIENT_DATA,16.14,20.77,INSUFFICIENT_DATA,INSUFFICIENT_DATA,INSUFFICIENT_DATA,INSUFFICIENT_DATA,INSUFFICIENT_DATA
2026-06-07,Disaggregation prefill/decode,3,6,TRUE,TRUE,FALSE,FALSE,FALSE,TRUE,FALSE,FALSE,FALSE,FALSE,FALSE,FALSE,third_within_1yr,high_conviction,All-In Podcast — Liquidity Summit: secondary markets eating the IPO,Arista Networks and Drivetrain (Driveats/Drivets) are high-conviction positions in the AI networking infrastructure supercycle thesis — reinventing networking for disaggregated AI inference workloads.,"Baker argues that the shift toward disaggregated AI inference — where pre-fill and decode operations run on different, heterogeneous chips — requires a fundamental reinvention of data center networking, creating a multi-year infrastructure supercycle. He identifies Arista Networks (ANET) and a private company he refers to as 'Drivets' (likely a private networking startup) as two names he has been publicly involved in that are approaching this networking reinvention in a differentiated way. The investment implication is that traditional networking architectures are insufficient for orchestrating heterogeneous silicon at scale, and companies building purpose-built AI networking infrastructure stand to benefit enormously. Baker is described by co-host Gerstner as one of the earliest investors to frame the infra networking supercycle thesis, lending high conviction to the view. The thesis is long-term in nature and focused specifically on the networking layer of AI infrastructure, not compute or memory.",ANET,ANET,BAKER_NAMED,LONG,False,v4 review (CHANGE). Named ANET for networking,18.09,24.65,INSUFFICIENT_DATA,INSUFFICIENT_DATA,INSUFFICIENT_DATA,INSUFFICIENT_DATA,INSUFFICIENT_DATA,1.6,-4.08,INSUFFICIENT_DATA,INSUFFICIENT_DATA,INSUFFICIENT_DATA,INSUFFICIENT_DATA,INSUFFICIENT_DATA,16.49,28.74,INSUFFICIENT_DATA,INSUFFICIENT_DATA,INSUFFICIENT_DATA,INSUFFICIENT_DATA,INSUFFICIENT_DATA,1.95,3.88,INSUFFICIENT_DATA,INSUFFICIENT_DATA,INSUFFICIENT_DATA,INSUFFICIENT_DATA,INSUFFICIENT_DATA,16.14,20.77,INSUFFICIENT_DATA,INSUFFICIENT_DATA,INSUFFICIENT_DATA,INSUFFICIENT_DATA,INSUFFICIENT_DATA
2026-06-11,AI capex ROI positive,6,8,TRUE,FALSE,FALSE,FALSE,FALSE,FALSE,FALSE,FALSE,FALSE,FALSE,FALSE,FALSE,,high_conviction,"BG2 Pod — SpaceX IPO, AI capex, Cursor","AI compute monetization rates per gigawatt are increasing, not deflating, contrary to consensus expectations entering 2026","Baker endorses a structural view that AI compute monetization rates per gigawatt are rising sharply, not deflating as consensus expected entering 2026, with Fox citing an increase from roughly $20B/GW at the start of the year to $30–40B/GW currently. The core reasoning is that token pricing is moving up, not down, because demand is outstripping supply — a dynamic Baker attributes in part to the extremely low current penetration of agentic AI use (less than 0.2% of people use AI agentically), meaning any meaningful scaling of that use case implies a sustained and prolonged compute shortage. Baker explicitly endorses owning asset-heavy businesses — hyperscalers, power infrastructure, and data center operators — in this inflationary token-pricing environment, arguing that the scarcity dynamic rewards capital-intensive incumbents. The investment implication is to be long the physical infrastructure stack (power, data centers, networking) that benefits from rising revenue-per-watt, rather than assuming commoditization of AI compute.",,,NO_BASKET,,False,"Never-a-trade theme: macro commentary regardless of mention number, NO_BASKET for all mentions (operator 2026-07-16). Supersedes the v4 m4 2025-03-29 -> NVDA CHANGE.",NO_BASKET,NO_BASKET,INSUFFICIENT_DATA,INSUFFICIENT_DATA,INSUFFICIENT_DATA,INSUFFICIENT_DATA,INSUFFICIENT_DATA,-1.5,-6.71,INSUFFICIENT_DATA,INSUFFICIENT_DATA,INSUFFICIENT_DATA,INSUFFICIENT_DATA,INSUFFICIENT_DATA,NO_BASKET,NO_BASKET,INSUFFICIENT_DATA,INSUFFICIENT_DATA,INSUFFICIENT_DATA,INSUFFICIENT_DATA,INSUFFICIENT_DATA,2.17,3.86,INSUFFICIENT_DATA,INSUFFICIENT_DATA,INSUFFICIENT_DATA,INSUFFICIENT_DATA,INSUFFICIENT_DATA,NO_BASKET,NO_BASKET,INSUFFICIENT_DATA,INSUFFICIENT_DATA,INSUFFICIENT_DATA,INSUFFICIENT_DATA,INSUFFICIENT_DATA
2026-06-11,Bottleneck trade ending,1,1,FALSE,TRUE,TRUE,TRUE,FALSE,FALSE,TRUE,FALSE,FALSE,FALSE,TRUE,FALSE,first_with_tickers,high_conviction,"BG2 Pod — SpaceX IPO, AI capex, Cursor",The 'finding the next bottleneck' trade in semiconductors is over; many bottleneck stocks have gone 'straight up a cliff' and need to rest or correct,"Baker argues that the 'finding the next bottleneck' trade in semiconductors — where investors rotated into whichever component or subsystem was the next supply constraint in the AI infrastructure buildout — is now exhausted. He contends that many of the stocks that benefited from this rotation have gone 'straight up a cliff' rather than climbing gradually, leaving them technically extended and vulnerable to consolidation or correction. As evidence of his conviction, Baker has reduced his own semiconductor exposure from 'large' to 'medium-small,' and notes that even Nvidia and Broadcom, the two most prominent AI semiconductor names, have been laggards in the most recent leg of the rally — suggesting the easy money has already been made across the board. He also flags a seasonal near-term headwind: AI token consumption tends to slow in summer as college students (a major usage cohort) are less active, which could add incremental selling pressure. The investment implication is to reduce or avoid overweight positions in extended semiconductor bottleneck plays in the near term, with Baker himself having already acted on this view.","NVDA, AVGO",,NO_BASKET,SHORT,False,"Both mentions (2026-06-11, 2026-06-15) -> NO_BASKET + is_derisk_signal. Verbal exposure-reduction signal front-running the Q2 2026 filing.",NO_BASKET,NO_BASKET,INSUFFICIENT_DATA,INSUFFICIENT_DATA,INSUFFICIENT_DATA,INSUFFICIENT_DATA,INSUFFICIENT_DATA,-1.5,-6.71,INSUFFICIENT_DATA,INSUFFICIENT_DATA,INSUFFICIENT_DATA,INSUFFICIENT_DATA,INSUFFICIENT_DATA,NO_BASKET,NO_BASKET,INSUFFICIENT_DATA,INSUFFICIENT_DATA,INSUFFICIENT_DATA,INSUFFICIENT_DATA,INSUFFICIENT_DATA,2.17,3.86,INSUFFICIENT_DATA,INSUFFICIENT_DATA,INSUFFICIENT_DATA,INSUFFICIENT_DATA,INSUFFICIENT_DATA,NO_BASKET,NO_BASKET,INSUFFICIENT_DATA,INSUFFICIENT_DATA,INSUFFICIENT_DATA,INSUFFICIENT_DATA,INSUFFICIENT_DATA
2026-06-11,Coding as killer AI app,3,3,TRUE,TRUE,FALSE,FALSE,FALSE,FALSE,TRUE,FALSE,FALSE,FALSE,FALSE,FALSE,first_with_tickers,high_conviction,"BG2 Pod — SpaceX IPO, AI capex, Cursor",Coding is the fastest path to AGI/ASI and will continue to be the dominant high-value AI use case capturing frontier model revenue,"Baker argues that coding is the dominant high-value AI use case and will remain so for the foreseeable future, citing Replit founder Amjad Masad's 'bitter lesson adjacent' insight that a model capable of coding can write code to do virtually anything, making coding the fastest path to AGI and ASI. The reasoning is structural: coding demand appears inexhaustible, enterprises will not tolerate second-tier code quality and therefore will not trade down from frontier models, and proprietary coding data accumulated by players like Cursor and xAI creates durable competitive moats. The investment implication is that frontier model providers capturing coding revenue — particularly those with coding-specific data advantages — are best positioned, and that coding will continue to concentrate AI revenue at the frontier rather than commoditizing to cheaper models. Baker corroborates this view with Anthropic revenue data and Cursor's growth trajectory, expressing high conviction with no hedging on the thesis.","ANTH, XAI",,NO_BASKET,LONG,False,,NO_BASKET,NO_BASKET,INSUFFICIENT_DATA,INSUFFICIENT_DATA,INSUFFICIENT_DATA,INSUFFICIENT_DATA,INSUFFICIENT_DATA,-1.5,-6.71,INSUFFICIENT_DATA,INSUFFICIENT_DATA,INSUFFICIENT_DATA,INSUFFICIENT_DATA,INSUFFICIENT_DATA,NO_BASKET,NO_BASKET,INSUFFICIENT_DATA,INSUFFICIENT_DATA,INSUFFICIENT_DATA,INSUFFICIENT_DATA,INSUFFICIENT_DATA,2.17,3.86,INSUFFICIENT_DATA,INSUFFICIENT_DATA,INSUFFICIENT_DATA,INSUFFICIENT_DATA,INSUFFICIENT_DATA,NO_BASKET,NO_BASKET,INSUFFICIENT_DATA,INSUFFICIENT_DATA,INSUFFICIENT_DATA,INSUFFICIENT_DATA,INSUFFICIENT_DATA
2026-06-11,Frontier model concentration,4,4,TRUE,FALSE,FALSE,FALSE,FALSE,FALSE,FALSE,FALSE,FALSE,FALSE,FALSE,FALSE,,high_conviction,"BG2 Pod — SpaceX IPO, AI capex, Cursor",Frontier AI models continue to capture ~90%+ of economic value despite open-source models consuming the majority of tokens,"Baker argues that the bear case for frontier AI models — that open-source would erode their economic value — has been 'decisively wrong,' with frontier models likely capturing 90%+ of AI revenue despite open-source models handling the majority of token volume by count. He presents these two facts as non-contradictory: token volume and economic value are decoupled, with frontier models commanding premium pricing that concentrates revenue even as open-source handles commodity workloads. As evidence, he cites Anthropic's strong revenue trajectory and the example of Harvey (an AI legal platform) which, despite routing some workloads to open-source models, still consumed significant Anthropic Opus tokens for high-value tasks. The investment implication is that frontier AI providers — primarily Anthropic and OpenAI, both private — are the primary beneficiaries, and the thesis validates continued aggressive capex spending by hyperscalers training and serving frontier models. Public market investors should watch GOOGL (Gemini) and META (open-source provider, somewhat contradicted by this thesis) as the closest listed proxies, though the direct beneficiaries remain private.",GOOGL,,NO_BASKET,LONG,False,,NO_BASKET,NO_BASKET,INSUFFICIENT_DATA,INSUFFICIENT_DATA,INSUFFICIENT_DATA,INSUFFICIENT_DATA,INSUFFICIENT_DATA,-1.5,-6.71,INSUFFICIENT_DATA,INSUFFICIENT_DATA,INSUFFICIENT_DATA,INSUFFICIENT_DATA,INSUFFICIENT_DATA,NO_BASKET,NO_BASKET,INSUFFICIENT_DATA,INSUFFICIENT_DATA,INSUFFICIENT_DATA,INSUFFICIENT_DATA,INSUFFICIENT_DATA,2.17,3.86,INSUFFICIENT_DATA,INSUFFICIENT_DATA,INSUFFICIENT_DATA,INSUFFICIENT_DATA,INSUFFICIENT_DATA,NO_BASKET,NO_BASKET,INSUFFICIENT_DATA,INSUFFICIENT_DATA,INSUFFICIENT_DATA,INSUFFICIENT_DATA,INSUFFICIENT_DATA
2026-06-11,Nvidia GPU moat / CUDA ecosystem,8,9,TRUE,FALSE,FALSE,FALSE,FALSE,FALSE,FALSE,FALSE,FALSE,FALSE,FALSE,FALSE,,high_conviction,"BG2 Pod — SpaceX IPO, AI capex, Cursor","In a power-constrained world, tokens-per-watt advantage makes Nvidia superior to alternatives even at higher cost","Baker argues that in a power-constrained AI infrastructure environment, Nvidia's superior tokens-per-watt efficiency translates directly into higher revenue generation for datacenter operators, making Nvidia's premium pricing structurally justified rather than merely a performance luxury. His core reasoning is that when power (watts) is the binding constraint on compute capacity, the chip that produces more tokens per watt effectively produces more billable output per unit of scarce resource — meaning more revenue per rack. Baker explicitly endorses Jensen Huang's framing that 'more tokens per watt is literally revenue,' and argues that a hyperscaler or cloud operator choosing a cheaper but less efficient alternative saves on capex but sacrifices top-line revenue and potentially margin. The investment implication is that Nvidia's pricing power is durable and structurally anchored to the economics of power-constrained datacenters, not just benchmark superiority, and that competitors offering lower-cost alternatives face a fundamental revenue-generation disadvantage in this environment. No specific numerical targets or timeframes are cited, but Baker frames this as a medium-term structural dynamic tied to ongoing power scarcity in AI infrastructure build-outs.",NVDA,NVDA,BAKER_NAMED,LONG,False,,3.38,6.67,INSUFFICIENT_DATA,INSUFFICIENT_DATA,INSUFFICIENT_DATA,INSUFFICIENT_DATA,INSUFFICIENT_DATA,-1.5,-6.71,INSUFFICIENT_DATA,INSUFFICIENT_DATA,INSUFFICIENT_DATA,INSUFFICIENT_DATA,INSUFFICIENT_DATA,4.88,13.38,INSUFFICIENT_DATA,INSUFFICIENT_DATA,INSUFFICIENT_DATA,INSUFFICIENT_DATA,INSUFFICIENT_DATA,2.17,3.86,INSUFFICIENT_DATA,INSUFFICIENT_DATA,INSUFFICIENT_DATA,INSUFFICIENT_DATA,INSUFFICIENT_DATA,1.21,2.81,INSUFFICIENT_DATA,INSUFFICIENT_DATA,INSUFFICIENT_DATA,INSUFFICIENT_DATA,INSUFFICIENT_DATA
2026-06-11,Open source AI bullish for hardware,1,3,FALSE,FALSE,TRUE,TRUE,FALSE,FALSE,FALSE,FALSE,FALSE,FALSE,FALSE,FALSE,,high_conviction,"BG2 Pod — SpaceX IPO, AI capex, Cursor","Open-source AI success is bullish for compute/hardware providers, not bearish for the AI ecosystem","Baker argues that the rise of open-source AI models is structurally bullish for compute and hardware providers, not bearish for the AI ecosystem as commonly feared. His reasoning is that if frontier proprietary models face margin compression from open-source competition, AI spending does not disappear — it shifts toward compute infrastructure, since open-source models still require massive hardware to train and run at scale. The better open-source models perform, the more inference and training compute is demanded across a broader set of users and enterprises who would otherwise have paid for proprietary API access. This reframes the conventional open-source bear case (that it destroys AI monetization) into a compute bull case: commoditization of model intelligence accelerates hardware consumption. The investment implication is to be long compute and semiconductor infrastructure providers that supply the GPUs, networking, and accelerators powering this expanded workload.",,NVDA,OBVIOUS_UNIVERSE,LONG,False,,3.38,6.67,INSUFFICIENT_DATA,INSUFFICIENT_DATA,INSUFFICIENT_DATA,INSUFFICIENT_DATA,INSUFFICIENT_DATA,-1.5,-6.71,INSUFFICIENT_DATA,INSUFFICIENT_DATA,INSUFFICIENT_DATA,INSUFFICIENT_DATA,INSUFFICIENT_DATA,4.88,13.38,INSUFFICIENT_DATA,INSUFFICIENT_DATA,INSUFFICIENT_DATA,INSUFFICIENT_DATA,INSUFFICIENT_DATA,2.17,3.86,INSUFFICIENT_DATA,INSUFFICIENT_DATA,INSUFFICIENT_DATA,INSUFFICIENT_DATA,INSUFFICIENT_DATA,1.21,2.81,INSUFFICIENT_DATA,INSUFFICIENT_DATA,INSUFFICIENT_DATA,INSUFFICIENT_DATA,INSUFFICIENT_DATA
2026-06-11,SpaceX ecosystem / Starship economics,7,13,TRUE,FALSE,FALSE,FALSE,FALSE,FALSE,FALSE,FALSE,FALSE,FALSE,FALSE,FALSE,,high_conviction,"BG2 Pod — SpaceX IPO, AI capex, Cursor","SpaceX's data center design is fundamentally differentiated from first principles, not a commodity, giving it durable competitive advantage","Baker argues that SpaceX's data center division has engineered a fundamentally differentiated product by rebuilding data center architecture from first principles — the same methodology Elon Musk applied to rockets and EVs — rather than iterating on commodity designs. The 122-day build time (versus an industry standard of 3+ years, with Jensen Huang citing a comparable '19 days vs. 4 years' contrast) is evidence of genuine architectural innovation, not merely superior execution speed. Baker notes that only 2-3 players in the world can reliably engineer behind-the-meter data centers, placing SpaceX in an extremely narrow competitive set. Baker was sufficiently convinced of the differentiation that he privately advised the SpaceX team to be less public about their innovations, believing they may not fully appreciate how wide their moat is. The investment implication is that SpaceX's data center infrastructure business represents a durable, hard-to-replicate competitive advantage — but the primary beneficiary remains private, limiting direct public equity expression.",,,NO_BASKET,,True,"v4 review: NO_BASKET (removed from scored returns). Private/macro, agree with model",NO_BASKET,NO_BASKET,INSUFFICIENT_DATA,INSUFFICIENT_DATA,INSUFFICIENT_DATA,INSUFFICIENT_DATA,INSUFFICIENT_DATA,-1.5,-6.71,INSUFFICIENT_DATA,INSUFFICIENT_DATA,INSUFFICIENT_DATA,INSUFFICIENT_DATA,INSUFFICIENT_DATA,NO_BASKET,NO_BASKET,INSUFFICIENT_DATA,INSUFFICIENT_DATA,INSUFFICIENT_DATA,INSUFFICIENT_DATA,INSUFFICIENT_DATA,2.17,3.86,INSUFFICIENT_DATA,INSUFFICIENT_DATA,INSUFFICIENT_DATA,INSUFFICIENT_DATA,INSUFFICIENT_DATA,NO_BASKET,NO_BASKET,INSUFFICIENT_DATA,INSUFFICIENT_DATA,INSUFFICIENT_DATA,INSUFFICIENT_DATA,INSUFFICIENT_DATA
2026-06-11,xAI competitive position,8,9,TRUE,FALSE,FALSE,FALSE,FALSE,FALSE,FALSE,FALSE,FALSE,FALSE,FALSE,FALSE,,high_conviction,"BG2 Pod — SpaceX IPO, AI capex, Cursor",Cursor acquisition dramatically advances XAI/SpaceX's frontier model capability and is the most underappreciated upside in the SpaceX IPO,"Baker argues that the Cursor acquisition by xAI is the single most underappreciated element of the anticipated SpaceX IPO, and that its impact on frontier model capability is being systematically overlooked by the market. The core thesis is that Cursor possesses a proprietary dataset of coding tokens that exceeds what is available on the public internet, giving xAI a unique and non-replicable training advantage. Baker provides specific technical evidence: Composer 2.5, trained on a Kimi K2.5 base combined with Cursor data and reinforcement learning over just three weeks on Colossus 2, was already Pareto dominant; and Grok 4.3, a 1.5 trillion parameter model, is now incorporating Cursor data directly into pre-training rather than only RL fine-tuning, which is a qualitatively more powerful integration. The investment implication is that when SpaceX eventually IPOs, the xAI frontier model capability — supercharged by Cursor's proprietary data — represents a significant upside surprise that the market has not yet priced in, making it the most compelling hidden value driver in the anticipated offering.","SpaceX, xAI, Cursor",,NO_BASKET,LONG,False,,NO_BASKET,NO_BASKET,INSUFFICIENT_DATA,INSUFFICIENT_DATA,INSUFFICIENT_DATA,INSUFFICIENT_DATA,INSUFFICIENT_DATA,-1.5,-6.71,INSUFFICIENT_DATA,INSUFFICIENT_DATA,INSUFFICIENT_DATA,INSUFFICIENT_DATA,INSUFFICIENT_DATA,NO_BASKET,NO_BASKET,INSUFFICIENT_DATA,INSUFFICIENT_DATA,INSUFFICIENT_DATA,INSUFFICIENT_DATA,INSUFFICIENT_DATA,2.17,3.86,INSUFFICIENT_DATA,INSUFFICIENT_DATA,INSUFFICIENT_DATA,INSUFFICIENT_DATA,INSUFFICIENT_DATA,NO_BASKET,NO_BASKET,INSUFFICIENT_DATA,INSUFFICIENT_DATA,INSUFFICIENT_DATA,INSUFFICIENT_DATA,INSUFFICIENT_DATA
2026-06-12,Datacenter physical assets,1,1,FALSE,TRUE,TRUE,FALSE,FALSE,FALSE,TRUE,FALSE,FALSE,FALSE,FALSE,FALSE,first_with_tickers,moderate,"CNBC Squawk on the Street — SpaceX public-debut day: orbital compute economics, compute shortage, IPO",Terrestrial data centers will never be decommissioned — once built they retain value — but orbital compute may dominate new installations within 10-20 years,"Baker argues that while terrestrial data centers will never be decommissioned and will retain their value, the overwhelming majority of net-new compute installed to serve planet Earth could be orbital within a 10-20 year timeframe, representing a fundamental structural shift in where incremental compute capacity is built. His reasoning is directional rather than near-term actionable — he uses hedged language ('I think,' 'there may be a day') and a wide time horizon, suggesting this is a long-term structural view about the economics of orbital versus terrestrial compute. The investment implication is a bifurcated future: existing terrestrial data center assets (REITs, operators) retain value as legacy infrastructure, while the incremental growth opportunity shifts toward orbital compute providers. Baker made these comments on SpaceX's public-debut day, implying SpaceX is the primary vehicle he has in mind for orbital compute, though no specific US-listed pure-play orbital compute equity exists today beyond SpaceX itself, which remains private.","EQIX, DLR",,NO_BASKET,,False,v4 review (STEVE). Steve: no basket,NO_BASKET,NO_BASKET,INSUFFICIENT_DATA,INSUFFICIENT_DATA,INSUFFICIENT_DATA,INSUFFICIENT_DATA,INSUFFICIENT_DATA,-4.71,-12.66,INSUFFICIENT_DATA,INSUFFICIENT_DATA,INSUFFICIENT_DATA,INSUFFICIENT_DATA,INSUFFICIENT_DATA,NO_BASKET,NO_BASKET,INSUFFICIENT_DATA,INSUFFICIENT_DATA,INSUFFICIENT_DATA,INSUFFICIENT_DATA,INSUFFICIENT_DATA,2.02,2.84,INSUFFICIENT_DATA,INSUFFICIENT_DATA,INSUFFICIENT_DATA,INSUFFICIENT_DATA,INSUFFICIENT_DATA,NO_BASKET,NO_BASKET,INSUFFICIENT_DATA,INSUFFICIENT_DATA,INSUFFICIENT_DATA,INSUFFICIENT_DATA,INSUFFICIENT_DATA
2026-06-12,Neoclouds as durable model,4,4,TRUE,FALSE,FALSE,FALSE,FALSE,FALSE,FALSE,FALSE,FALSE,FALSE,FALSE,FALSE,,high_conviction,"CNBC Squawk on the Street — SpaceX public-debut day: orbital compute economics, compute shortage, IPO","The global compute shortage is severe and worsening, supporting pricing power for all compute providers including neoclouds","Baker argues that the global compute shortage is severe and intensifying on a near-daily basis, making it one of the most pressing constraints in the AI infrastructure buildout. He emphasizes that while token prices and GPU rental rates fluctuate at the surface level, the underlying supply-demand imbalance is real and broadly recognized by industry insiders with direct visibility into capacity utilization. This structural shortage supports sustained pricing power and demand for any entity providing compute capacity, particularly neoclouds and GPU cloud providers. The implication is that terrestrial data center and GPU rental businesses remain attractive investments even as new compute modalities like orbital compute emerge as potential future competition.","CRWV, NVDA","CRWV, NBIS",BAKER_NAMED,LONG,False,All mentions. He named both CoreWeave and Nebius at Sohn NY 2026.,-18.72,-13.08,INSUFFICIENT_DATA,INSUFFICIENT_DATA,INSUFFICIENT_DATA,INSUFFICIENT_DATA,INSUFFICIENT_DATA,-4.71,-12.66,INSUFFICIENT_DATA,INSUFFICIENT_DATA,INSUFFICIENT_DATA,INSUFFICIENT_DATA,INSUFFICIENT_DATA,-14.01,-0.42,INSUFFICIENT_DATA,INSUFFICIENT_DATA,INSUFFICIENT_DATA,INSUFFICIENT_DATA,INSUFFICIENT_DATA,2.02,2.84,INSUFFICIENT_DATA,INSUFFICIENT_DATA,INSUFFICIENT_DATA,INSUFFICIENT_DATA,INSUFFICIENT_DATA,-20.74,-15.92,INSUFFICIENT_DATA,INSUFFICIENT_DATA,INSUFFICIENT_DATA,INSUFFICIENT_DATA,INSUFFICIENT_DATA
2026-06-12,Orbital / space-based compute,5,8,TRUE,FALSE,FALSE,FALSE,FALSE,FALSE,FALSE,FALSE,FALSE,FALSE,FALSE,FALSE,,high_conviction,"CNBC Squawk on the Street — SpaceX public-debut day: orbital compute economics, compute shortage, IPO","Orbital compute will be structurally cheaper than terrestrial compute once Starship is reusable, making space the dominant long-term compute platform","Baker argues that orbital compute will become structurally cheaper than terrestrial compute once Starship achieves full reusability, presenting a detailed first-principles cost model to support this claim. A terrestrial gigawatt-scale data center costs approximately $60B, of which roughly $25B goes to power and cooling infrastructure and ~$10B to land and physical shell — neither of which is required in space — leaving ~$25-35B in GPU hardware. With reusable Starship, Baker estimates launch costs for a gigawatt of compute at ~$5B, yielding a total orbital cost of ~$30B versus ~$60B terrestrial, a roughly 50% structural cost advantage. The investment implication is that SpaceX (post-IPO) is the primary beneficiary as the sole vertically integrated operator of the launch vehicle enabling this cost structure, and Baker frames this as a long-term structural inevitability rather than a speculative bet. Open questions around on-orbit repair and maintenance remain, but Baker expresses high confidence that SpaceX will solve them.",SPXC,,NO_BASKET,,True,"v4 review: NO_BASKET (removed from scored returns). Private/macro, agree with model",NO_BASKET,NO_BASKET,INSUFFICIENT_DATA,INSUFFICIENT_DATA,INSUFFICIENT_DATA,INSUFFICIENT_DATA,INSUFFICIENT_DATA,-4.71,-12.66,INSUFFICIENT_DATA,INSUFFICIENT_DATA,INSUFFICIENT_DATA,INSUFFICIENT_DATA,INSUFFICIENT_DATA,NO_BASKET,NO_BASKET,INSUFFICIENT_DATA,INSUFFICIENT_DATA,INSUFFICIENT_DATA,INSUFFICIENT_DATA,INSUFFICIENT_DATA,2.02,2.84,INSUFFICIENT_DATA,INSUFFICIENT_DATA,INSUFFICIENT_DATA,INSUFFICIENT_DATA,INSUFFICIENT_DATA,NO_BASKET,NO_BASKET,INSUFFICIENT_DATA,INSUFFICIENT_DATA,INSUFFICIENT_DATA,INSUFFICIENT_DATA,INSUFFICIENT_DATA
2026-06-12,SPAC structural analysis,3,3,TRUE,TRUE,FALSE,FALSE,FALSE,FALSE,TRUE,FALSE,FALSE,FALSE,FALSE,FALSE,first_with_tickers,moderate,"CNBC Squawk on the Street — SpaceX public-debut day: orbital compute economics, compute shortage, IPO",GPU scarcity gives SpaceX a structural advantage in securing Nvidia allocations because Jensen Huang prioritizes customers who will use GPUs immediately,"Baker argues that Nvidia's Jensen Huang preferentially allocates scarce GPUs to customers who will deploy them immediately rather than queue them in a backlog, giving SpaceX a structural procurement advantage. The reasoning is that both GPU sellers (Nvidia) and power providers are incentivized to route constrained resources — chips and electricity — to whoever can put them to work fastest, and SpaceX's ability to bring gigawatts of power online rapidly makes it uniquely positioned to absorb large GPU allocations quickly. This creates a self-reinforcing advantage: SpaceX gets preferential GPU access because it can energize capacity fast, which in turn accelerates its orbital and terrestrial compute buildout ahead of competitors. Baker presents this as a logical inference consistent with known Nvidia allocation dynamics rather than confirmed fact, and the investment implication is that SpaceX's compute infrastructure position is stronger than it appears on paper — though SpaceX remains privately held, limiting direct public-market expression of this thesis.",NVDA,,NO_BASKET,MIXED,False,,NO_BASKET,NO_BASKET,INSUFFICIENT_DATA,INSUFFICIENT_DATA,INSUFFICIENT_DATA,INSUFFICIENT_DATA,INSUFFICIENT_DATA,-4.71,-12.66,INSUFFICIENT_DATA,INSUFFICIENT_DATA,INSUFFICIENT_DATA,INSUFFICIENT_DATA,INSUFFICIENT_DATA,NO_BASKET,NO_BASKET,INSUFFICIENT_DATA,INSUFFICIENT_DATA,INSUFFICIENT_DATA,INSUFFICIENT_DATA,INSUFFICIENT_DATA,2.02,2.84,INSUFFICIENT_DATA,INSUFFICIENT_DATA,INSUFFICIENT_DATA,INSUFFICIENT_DATA,INSUFFICIENT_DATA,NO_BASKET,NO_BASKET,INSUFFICIENT_DATA,INSUFFICIENT_DATA,INSUFFICIENT_DATA,INSUFFICIENT_DATA,INSUFFICIENT_DATA
2026-06-12,SpaceX ecosystem / Starship economics,8,13,TRUE,FALSE,FALSE,FALSE,FALSE,FALSE,FALSE,FALSE,FALSE,FALSE,FALSE,FALSE,,high_conviction,"CNBC Squawk on the Street — SpaceX public-debut day: orbital compute economics, compute shortage, IPO",SpaceX's rapid entry into cloud computing positions it as a major hyperscaler within weeks of launch,"Baker argues that SpaceX, within approximately one month of entering the cloud computing market, has by some measures become the fourth largest cloud provider globally, surpassing Oracle — a feat he presents as evidence of extraordinary commercial velocity. He frames this rapid ascent as a foundational premise for his SpaceX bull case, suggesting that if the company can achieve this scale in a single month, the trajectory over a full year could be genuinely transformative for the cloud and AI infrastructure landscape. Baker is a large shareholder and participated in the IPO, giving him direct financial exposure and high conviction in this view. The investment implication is a strong buy on SpaceX at IPO, with the cloud growth story serving as a key differentiator from traditional hyperscalers. No specific revenue figures or market share percentages were cited beyond the ordinal ranking claim.","SPCE, ORCL",,NO_BASKET,,True,"v4 review: NO_BASKET (removed from scored returns). Private/macro, agree with model",NO_BASKET,NO_BASKET,INSUFFICIENT_DATA,INSUFFICIENT_DATA,INSUFFICIENT_DATA,INSUFFICIENT_DATA,INSUFFICIENT_DATA,-4.71,-12.66,INSUFFICIENT_DATA,INSUFFICIENT_DATA,INSUFFICIENT_DATA,INSUFFICIENT_DATA,INSUFFICIENT_DATA,NO_BASKET,NO_BASKET,INSUFFICIENT_DATA,INSUFFICIENT_DATA,INSUFFICIENT_DATA,INSUFFICIENT_DATA,INSUFFICIENT_DATA,2.02,2.84,INSUFFICIENT_DATA,INSUFFICIENT_DATA,INSUFFICIENT_DATA,INSUFFICIENT_DATA,INSUFFICIENT_DATA,NO_BASKET,NO_BASKET,INSUFFICIENT_DATA,INSUFFICIENT_DATA,INSUFFICIENT_DATA,INSUFFICIENT_DATA,INSUFFICIENT_DATA
2026-06-27,Anthropic valuation / efficiency,4,5,TRUE,FALSE,FALSE,FALSE,FALSE,FALSE,FALSE,FALSE,FALSE,FALSE,FALSE,FALSE,,high_conviction,"All-In Podcast — E278: AI memory crunch, Micron blowout, NYC socialists, SpaceX float (w/ Kalanick)",Anthropic is worth approximately $3 trillion as a public company today,"Baker argues that Anthropic, if it were publicly traded today, would command a market capitalization of approximately $3 trillion, making it one of the most valuable companies in the world. His reasoning is grounded in projected 2025 revenues well above $100 billion, a strong growth trajectory toward $200-300 billion in revenue by 2028, and approximately 85% gross margins on inference at scale — a combination he views as justifying an extremely high valuation multiple. Baker frames this not as a supply/demand distortion from private market dynamics but as a genuine reflection of intrinsic value that public markets would also recognize. The investment implication is primarily observational given Anthropic's private status, but Baker's view signals that AI model providers operating at scale with high gross margins represent a new category of hyper-valued software asset. No directly investable US-listed equity is the subject of this thesis, as Anthropic remains private with no publicly traded pure-play equivalent.",,,NO_BASKET,LONG,False,,NO_BASKET,INSUFFICIENT_DATA,INSUFFICIENT_DATA,INSUFFICIENT_DATA,INSUFFICIENT_DATA,INSUFFICIENT_DATA,INSUFFICIENT_DATA,-20.22,INSUFFICIENT_DATA,INSUFFICIENT_DATA,INSUFFICIENT_DATA,INSUFFICIENT_DATA,INSUFFICIENT_DATA,INSUFFICIENT_DATA,NO_BASKET,INSUFFICIENT_DATA,INSUFFICIENT_DATA,INSUFFICIENT_DATA,INSUFFICIENT_DATA,INSUFFICIENT_DATA,INSUFFICIENT_DATA,-1.56,INSUFFICIENT_DATA,INSUFFICIENT_DATA,INSUFFICIENT_DATA,INSUFFICIENT_DATA,INSUFFICIENT_DATA,INSUFFICIENT_DATA,NO_BASKET,INSUFFICIENT_DATA,INSUFFICIENT_DATA,INSUFFICIENT_DATA,INSUFFICIENT_DATA,INSUFFICIENT_DATA,INSUFFICIENT_DATA
2026-06-27,DRAM / HBM memory bottleneck,8,9,TRUE,FALSE,FALSE,FALSE,FALSE,FALSE,FALSE,FALSE,FALSE,FALSE,FALSE,FALSE,,high_conviction,"All-In Podcast — E278: AI memory crunch, Micron blowout, NYC socialists, SpaceX float (w/ Kalanick)","DRAM is the single most important bottleneck in AI infrastructure, not other components","Baker argues that DRAM is the single most critical bottleneck in AI infrastructure, explicitly dismissing competing bottleneck candidates including lasers, capacitors, power supply semiconductors, NAND flash, and HDDs. His reasoning is that memory capacity and bandwidth are foundational constraints that directly limit the performance of every AI model, making DRAM uniquely irreplaceable among hardware components. He cites Elon Musk's strategic focus on memory for Terapab as corroborating evidence that sophisticated AI builders recognize DRAM as the binding constraint. The investment implication is to be long DRAM producers, with Micron (MU) being the primary US-listed beneficiary; SK Hynix and Samsung are the other major producers but are not US-listed equities. No specific price targets or timeframes beyond 'medium-term' were cited.",MU,MU,OBVIOUS_UNIVERSE,LONG,False,,-35.46,INSUFFICIENT_DATA,INSUFFICIENT_DATA,INSUFFICIENT_DATA,INSUFFICIENT_DATA,INSUFFICIENT_DATA,INSUFFICIENT_DATA,-20.22,INSUFFICIENT_DATA,INSUFFICIENT_DATA,INSUFFICIENT_DATA,INSUFFICIENT_DATA,INSUFFICIENT_DATA,INSUFFICIENT_DATA,-15.25,INSUFFICIENT_DATA,INSUFFICIENT_DATA,INSUFFICIENT_DATA,INSUFFICIENT_DATA,INSUFFICIENT_DATA,INSUFFICIENT_DATA,-1.56,INSUFFICIENT_DATA,INSUFFICIENT_DATA,INSUFFICIENT_DATA,INSUFFICIENT_DATA,INSUFFICIENT_DATA,INSUFFICIENT_DATA,-33.91,INSUFFICIENT_DATA,INSUFFICIENT_DATA,INSUFFICIENT_DATA,INSUFFICIENT_DATA,INSUFFICIENT_DATA,INSUFFICIENT_DATA
2026-06-27,Disaggregation prefill/decode,4,6,TRUE,FALSE,FALSE,FALSE,FALSE,FALSE,FALSE,FALSE,FALSE,FALSE,FALSE,FALSE,,high_conviction,"All-In Podcast — E278: AI memory crunch, Micron blowout, NYC socialists, SpaceX float (w/ Kalanick)","Disaggregation of inference into prefill and decode phases will extend the useful life of older Nvidia GPUs (H100s, A100s) by 7-12 years","Baker argues that the disaggregation of inference workloads into two distinct phases — prefill (memory-capacity-bound) and decode (memory-bandwidth-bound) — fundamentally changes how AI infrastructure should be architected and valued. By placing specialized decode-optimized chips such as those from Groq and Cerebras in front of older Nvidia H100 and A100 GPUs, operators can build competitive inference stacks without requiring the latest-generation hardware, effectively extending the useful economic life of existing GPU assets by 7 to 12 years. This is a contrarian view relative to the prevailing assumption that AI capex cycles are short and that older GPUs become obsolete quickly; Baker contends the opposite, that H100s and A100s remain highly relevant for prefill tasks. The investment implication is that AI capex becomes more financeable and that companies holding large inventories of older Nvidia GPUs retain significant asset value, while specialized inference chip vendors like Cerebras (CBRS) become critical infrastructure components rather than niche players.","NVDA, CBRS",,NO_BASKET,,False,"v4 review: NO_BASKET (removed from scored returns). CBRS not real ticker, Cerebras private",NO_BASKET,INSUFFICIENT_DATA,INSUFFICIENT_DATA,INSUFFICIENT_DATA,INSUFFICIENT_DATA,INSUFFICIENT_DATA,INSUFFICIENT_DATA,-20.22,INSUFFICIENT_DATA,INSUFFICIENT_DATA,INSUFFICIENT_DATA,INSUFFICIENT_DATA,INSUFFICIENT_DATA,INSUFFICIENT_DATA,NO_BASKET,INSUFFICIENT_DATA,INSUFFICIENT_DATA,INSUFFICIENT_DATA,INSUFFICIENT_DATA,INSUFFICIENT_DATA,INSUFFICIENT_DATA,-1.56,INSUFFICIENT_DATA,INSUFFICIENT_DATA,INSUFFICIENT_DATA,INSUFFICIENT_DATA,INSUFFICIENT_DATA,INSUFFICIENT_DATA,NO_BASKET,INSUFFICIENT_DATA,INSUFFICIENT_DATA,INSUFFICIENT_DATA,INSUFFICIENT_DATA,INSUFFICIENT_DATA,INSUFFICIENT_DATA
2026-06-27,Orbital / space-based compute,6,8,TRUE,FALSE,FALSE,FALSE,FALSE,FALSE,FALSE,FALSE,FALSE,FALSE,FALSE,FALSE,,moderate,"All-In Podcast — E278: AI memory crunch, Micron blowout, NYC socialists, SpaceX float (w/ Kalanick)",Orbital/space-based compute will become cost-competitive with terrestrial data centers within 3-4 years as Starship becomes reusable,"Baker constructs a first-principles cost model arguing that orbital compute will become cheaper than terrestrial data centers within 3-4 years once Starship achieves full reusability. He estimates a 1-gigawatt terrestrial data center costs approximately $35B in semiconductors plus $25B in power and cooling infrastructure, totaling roughly $60B, and projects this figure will continue inflating. By contrast, he calculates that a reusable Starship could deliver equivalent orbital compute capacity for approximately $5B in launch costs, bringing total orbital compute cost to roughly $40B — a meaningful discount to terrestrial alternatives. The investment implication is that SpaceX (private) is the primary vehicle for this thesis, but Baker does not name any publicly traded equity as a direct beneficiary; TSLA's implied connection via Megapod or Powerwall is speculative and not explicitly argued in this thesis. Investors in public markets have no clean direct-exposure vehicle identified by Baker, making this thesis primarily informational about a structural shift rather than an actionable public-equity trade.",,,NO_BASKET,,True,"v4 review: NO_BASKET (removed from scored returns). Private/macro, agree with model",NO_BASKET,INSUFFICIENT_DATA,INSUFFICIENT_DATA,INSUFFICIENT_DATA,INSUFFICIENT_DATA,INSUFFICIENT_DATA,INSUFFICIENT_DATA,-20.22,INSUFFICIENT_DATA,INSUFFICIENT_DATA,INSUFFICIENT_DATA,INSUFFICIENT_DATA,INSUFFICIENT_DATA,INSUFFICIENT_DATA,NO_BASKET,INSUFFICIENT_DATA,INSUFFICIENT_DATA,INSUFFICIENT_DATA,INSUFFICIENT_DATA,INSUFFICIENT_DATA,INSUFFICIENT_DATA,-1.56,INSUFFICIENT_DATA,INSUFFICIENT_DATA,INSUFFICIENT_DATA,INSUFFICIENT_DATA,INSUFFICIENT_DATA,INSUFFICIENT_DATA,NO_BASKET,INSUFFICIENT_DATA,INSUFFICIENT_DATA,INSUFFICIENT_DATA,INSUFFICIENT_DATA,INSUFFICIENT_DATA,INSUFFICIENT_DATA
2026-06-27,SpaceX ecosystem / Starship economics,9,13,TRUE,FALSE,FALSE,FALSE,FALSE,FALSE,FALSE,FALSE,FALSE,FALSE,FALSE,FALSE,,moderate,"All-In Podcast — E278: AI memory crunch, Micron blowout, NYC socialists, SpaceX float (w/ Kalanick)",Orbital/space-based compute will become cost-competitive with terrestrial data centers within 3-4 years as Starship becomes reusable,"Baker constructs a first-principles cost model arguing that orbital compute will become cheaper than terrestrial data centers within 3-4 years once Starship achieves full reusability. He estimates a 1-gigawatt terrestrial data center costs approximately $35B in semiconductors plus $25B in power and cooling infrastructure, totaling roughly $60B, and projects this figure will continue inflating. By contrast, he calculates that a reusable Starship could deliver equivalent orbital compute capacity for approximately $5B in launch costs, bringing total orbital compute cost to roughly $40B — a meaningful discount to terrestrial alternatives. The investment implication is that SpaceX (private) is the primary vehicle for this thesis, but Baker does not name any publicly traded equity as a direct beneficiary; TSLA's implied connection via Megapod or Powerwall is speculative and not explicitly argued in this thesis. Investors in public markets have no clean direct-exposure vehicle identified by Baker, making this thesis primarily informational about a structural shift rather than an actionable public-equity trade.",,,NO_BASKET,,True,"v4 review: NO_BASKET (removed from scored returns). Private/macro, agree with model",NO_BASKET,INSUFFICIENT_DATA,INSUFFICIENT_DATA,INSUFFICIENT_DATA,INSUFFICIENT_DATA,INSUFFICIENT_DATA,INSUFFICIENT_DATA,-20.22,INSUFFICIENT_DATA,INSUFFICIENT_DATA,INSUFFICIENT_DATA,INSUFFICIENT_DATA,INSUFFICIENT_DATA,INSUFFICIENT_DATA,NO_BASKET,INSUFFICIENT_DATA,INSUFFICIENT_DATA,INSUFFICIENT_DATA,INSUFFICIENT_DATA,INSUFFICIENT_DATA,INSUFFICIENT_DATA,-1.56,INSUFFICIENT_DATA,INSUFFICIENT_DATA,INSUFFICIENT_DATA,INSUFFICIENT_DATA,INSUFFICIENT_DATA,INSUFFICIENT_DATA,NO_BASKET,INSUFFICIENT_DATA,INSUFFICIENT_DATA,INSUFFICIENT_DATA,INSUFFICIENT_DATA,INSUFFICIENT_DATA,INSUFFICIENT_DATA
2026-07-08,AI bubble not happening,3,4,TRUE,FALSE,FALSE,FALSE,FALSE,FALSE,FALSE,FALSE,FALSE,FALSE,FALSE,FALSE,,high_conviction,"Generating Alpha — Ep.56: career arc, semis, NVDA/Tesla, AI infra cycles",We are not in a valuation bubble in tech; multiples have compressed and tech now trades at a discount to staples,"Baker argues that the widespread narrative of a tech valuation bubble is factually incorrect and reflects a lack of attention to actual market data. He states that tech multiples are at the same level they were five to six years ago, having compressed meaningfully since early 2025, and that tech now trades at a discount to consumer staples — a historically rare and notable occurrence. His reasoning is that bubble-callers are conflating high absolute prices or strong performance with stretched valuations, when in reality the earnings growth of tech companies has kept pace with or exceeded price appreciation. The investment implication is that tech broadly is not overvalued and may in fact represent relative value versus defensive sectors, suggesting investors should not underweight tech on valuation grounds alone.",,,NO_BASKET,,False,"v4 review: NO_BASKET (removed from scored returns). Theme is macro commentary, never a specific trade",NO_BASKET,INSUFFICIENT_DATA,INSUFFICIENT_DATA,INSUFFICIENT_DATA,INSUFFICIENT_DATA,INSUFFICIENT_DATA,INSUFFICIENT_DATA,-3.63,INSUFFICIENT_DATA,INSUFFICIENT_DATA,INSUFFICIENT_DATA,INSUFFICIENT_DATA,INSUFFICIENT_DATA,INSUFFICIENT_DATA,NO_BASKET,INSUFFICIENT_DATA,INSUFFICIENT_DATA,INSUFFICIENT_DATA,INSUFFICIENT_DATA,INSUFFICIENT_DATA,INSUFFICIENT_DATA,3.11,INSUFFICIENT_DATA,INSUFFICIENT_DATA,INSUFFICIENT_DATA,INSUFFICIENT_DATA,INSUFFICIENT_DATA,INSUFFICIENT_DATA,NO_BASKET,INSUFFICIENT_DATA,INSUFFICIENT_DATA,INSUFFICIENT_DATA,INSUFFICIENT_DATA,INSUFFICIENT_DATA,INSUFFICIENT_DATA
2026-07-08,AI world models for gaming,1,1,FALSE,TRUE,TRUE,FALSE,FALSE,FALSE,TRUE,FALSE,FALSE,FALSE,FALSE,FALSE,first_with_tickers,moderate,"Generating Alpha — Ep.56: career arc, semis, NVDA/Tesla, AI infra cycles","AI world models will reduce AAA game development costs by ~90%, benefiting platform holders and harming game developers","Baker argues that AI world models will reduce the cost of developing AAA video games by approximately 90%, collapsing per-title budgets from the current $200-300M range and triggering a massive explosion in content supply. The core reasoning is that AI-generated world models will automate much of the labor-intensive asset creation, environment design, and testing that currently drives development costs, making it feasible for smaller teams to produce high-quality titles. This dynamic is structurally negative for incumbent AAA game studios, which will face intensified competition from a flood of lower-cost entrants, compressing margins and eroding pricing power. Conversely, Baker views video game platform holders as the primary beneficiaries, since content abundance increases the value proposition of their platforms and drives engagement and subscriber growth. No specific timeline was given, but the implication is a medium-term structural shift that favors platform economics over content creator economics.","MSFT, SONY, NTDOY, RBLX","SONY, NTDOY",OBVIOUS_UNIVERSE,LONG,False,v4 review (CHANGE). Platform holders win,14.06,INSUFFICIENT_DATA,INSUFFICIENT_DATA,INSUFFICIENT_DATA,INSUFFICIENT_DATA,INSUFFICIENT_DATA,INSUFFICIENT_DATA,-3.63,INSUFFICIENT_DATA,INSUFFICIENT_DATA,INSUFFICIENT_DATA,INSUFFICIENT_DATA,INSUFFICIENT_DATA,INSUFFICIENT_DATA,17.69,INSUFFICIENT_DATA,INSUFFICIENT_DATA,INSUFFICIENT_DATA,INSUFFICIENT_DATA,INSUFFICIENT_DATA,INSUFFICIENT_DATA,3.11,INSUFFICIENT_DATA,INSUFFICIENT_DATA,INSUFFICIENT_DATA,INSUFFICIENT_DATA,INSUFFICIENT_DATA,INSUFFICIENT_DATA,10.95,INSUFFICIENT_DATA,INSUFFICIENT_DATA,INSUFFICIENT_DATA,INSUFFICIENT_DATA,INSUFFICIENT_DATA,INSUFFICIENT_DATA
2026-07-08,Broad AI bullish / early innings,8,9,TRUE,FALSE,FALSE,FALSE,FALSE,FALSE,FALSE,FALSE,FALSE,FALSE,FALSE,FALSE,,high_conviction,"Generating Alpha — Ep.56: career arc, semis, NVDA/Tesla, AI infra cycles","As AI eats the world, silicon eats the world — semiconductor intensity of AI is structurally higher than deterministic software","Baker argues that the shift from deterministic software to probabilistic AI represents a structural and permanent increase in semiconductor intensity across the economy. Unlike traditional software, which executes fixed logic, AI models recompute probabilistic answers each time they run, making them orders of magnitude more computationally expensive per task. This creates a durable, secular tailwind for the semiconductor industry broadly — not a cyclical upturn — and Baker frames this as his foundational investment thesis and 'first love' as an investor. The implication is that semiconductor exposure should be treated as a long-term structural position, not a trade, as AI adoption compounds the demand for compute across every sector of the economy. He does not cite specific numbers but emphasizes the permanence and breadth of the trend using the phrase 'as AI eats the world, silicon is going to eat the world.'",,,NO_BASKET,,False,"Never-a-trade theme: macro commentary regardless of mention number, NO_BASKET for all mentions (operator 2026-07-16).",NO_BASKET,INSUFFICIENT_DATA,INSUFFICIENT_DATA,INSUFFICIENT_DATA,INSUFFICIENT_DATA,INSUFFICIENT_DATA,INSUFFICIENT_DATA,-3.63,INSUFFICIENT_DATA,INSUFFICIENT_DATA,INSUFFICIENT_DATA,INSUFFICIENT_DATA,INSUFFICIENT_DATA,INSUFFICIENT_DATA,NO_BASKET,INSUFFICIENT_DATA,INSUFFICIENT_DATA,INSUFFICIENT_DATA,INSUFFICIENT_DATA,INSUFFICIENT_DATA,INSUFFICIENT_DATA,3.11,INSUFFICIENT_DATA,INSUFFICIENT_DATA,INSUFFICIENT_DATA,INSUFFICIENT_DATA,INSUFFICIENT_DATA,INSUFFICIENT_DATA,NO_BASKET,INSUFFICIENT_DATA,INSUFFICIENT_DATA,INSUFFICIENT_DATA,INSUFFICIENT_DATA,INSUFFICIENT_DATA,INSUFFICIENT_DATA
2026-07-08,Edge AI as bear case for cloud,4,4,TRUE,TRUE,FALSE,FALSE,TRUE,FALSE,FALSE,FALSE,FALSE,FALSE,FALSE,FALSE,first_hc_not_first_mention,high_conviction,"Generating Alpha — Ep.56: career arc, semis, NVDA/Tesla, AI infra cycles",AI rendering of video games on-device (replacing local GPU) is not viable in the next 5-7 years,"Baker explicitly dismisses as 'ridiculous' the thesis that AI cloud rendering will replace local GPU rendering on smartphones, iPads, and PCs within the next 5-7 years. His core argument is economic: using a cloud AI model like VO3 to render a game such as Monopoly Go at current list prices would cost more than two orders of magnitude more than the game's entire revenue, making the unit economics completely unworkable at any realistic scale. The implication is that local GPU silicon — the chips inside phones, tablets, and PCs that handle graphics rendering today — will not be displaced by AI inference in the near-to-medium term. This is a bearish view on a speculative AI disruption thesis rather than a bullish call on any specific company, though it implicitly supports the continued relevance of on-device GPU vendors. Investors should be skeptical of any narrative claiming AI cloud rendering will cannibalize local GPU demand within this timeframe.","QCOM, AAPL",,NO_BASKET,,False,"v4 review: NO_BASKET (removed from scored returns). Scenario framing, not a trade",NO_BASKET,INSUFFICIENT_DATA,INSUFFICIENT_DATA,INSUFFICIENT_DATA,INSUFFICIENT_DATA,INSUFFICIENT_DATA,INSUFFICIENT_DATA,-3.63,INSUFFICIENT_DATA,INSUFFICIENT_DATA,INSUFFICIENT_DATA,INSUFFICIENT_DATA,INSUFFICIENT_DATA,INSUFFICIENT_DATA,NO_BASKET,INSUFFICIENT_DATA,INSUFFICIENT_DATA,INSUFFICIENT_DATA,INSUFFICIENT_DATA,INSUFFICIENT_DATA,INSUFFICIENT_DATA,3.11,INSUFFICIENT_DATA,INSUFFICIENT_DATA,INSUFFICIENT_DATA,INSUFFICIENT_DATA,INSUFFICIENT_DATA,INSUFFICIENT_DATA,NO_BASKET,INSUFFICIENT_DATA,INSUFFICIENT_DATA,INSUFFICIENT_DATA,INSUFFICIENT_DATA,INSUFFICIENT_DATA,INSUFFICIENT_DATA
2026-07-14,AI bubble not happening,4,4,TRUE,TRUE,FALSE,FALSE,FALSE,FALSE,TRUE,FALSE,FALSE,FALSE,FALSE,FALSE,first_with_tickers,high_conviction,"a16z Podcast — Is AI a bubble? Data centers, GPUs, and the AI economy",We are not in an AI bubble today; GPU utilization and hyperscaler ROIC expansion distinguish this era from the 2000 telecom bubble.,"Baker argues that the AI infrastructure buildout does not constitute a bubble, drawing a sharp historical contrast with the 2000 telecom bubble where 97% of fiber capacity sat dark and unused — today, he contends, there are 'no dark GPUs,' meaning GPU utilization is effectively full and demand is real. His core evidence is that the largest GPU spenders (the major hyperscalers) are all publicly traded, have each seen approximately 10 percentage point increases in ROIC since ramping CapEx, collectively generate roughly $300 billion in free cash flow annually, and hold approximately $500 billion in cash — metrics that stand in stark contrast to the debt-laden, revenue-light telecom companies of 2000. On valuation, Baker notes Cisco peaked at 150–180x trailing earnings at the height of the bubble, whereas Nvidia today trades at roughly 40x trailing earnings, suggesting the market is pricing AI infrastructure far more conservatively. The investment implication is that both the primary GPU supplier (Nvidia) and the hyperscalers aggressively deploying that GPU capacity are fundamentally sound businesses with expanding returns, not speculative overbuilds, making them defensible long positions rather than bubble candidates.","NVDA, CSCO, GOOGL, META, MSFT, AMZN",SMH,OBVIOUS_UNIVERSE,LONG,False,,-2.58,INSUFFICIENT_DATA,INSUFFICIENT_DATA,INSUFFICIENT_DATA,INSUFFICIENT_DATA,INSUFFICIENT_DATA,INSUFFICIENT_DATA,-2.58,INSUFFICIENT_DATA,INSUFFICIENT_DATA,INSUFFICIENT_DATA,INSUFFICIENT_DATA,INSUFFICIENT_DATA,INSUFFICIENT_DATA,0.0,INSUFFICIENT_DATA,INSUFFICIENT_DATA,INSUFFICIENT_DATA,INSUFFICIENT_DATA,INSUFFICIENT_DATA,INSUFFICIENT_DATA,2.75,INSUFFICIENT_DATA,INSUFFICIENT_DATA,INSUFFICIENT_DATA,INSUFFICIENT_DATA,INSUFFICIENT_DATA,INSUFFICIENT_DATA,-5.33,INSUFFICIENT_DATA,INSUFFICIENT_DATA,INSUFFICIENT_DATA,INSUFFICIENT_DATA,INSUFFICIENT_DATA,INSUFFICIENT_DATA
2026-07-14,AI capex ROI positive,7,8,TRUE,FALSE,FALSE,FALSE,FALSE,FALSE,FALSE,FALSE,FALSE,FALSE,FALSE,FALSE,,high_conviction,"a16z Podcast — Is AI a bubble? Data centers, GPUs, and the AI economy",We are not in an AI bubble today; GPU utilization and hyperscaler ROIC expansion distinguish this era from the 2000 telecom bubble.,"Baker argues that the AI infrastructure buildout does not constitute a bubble, drawing a sharp historical contrast with the 2000 telecom bubble where 97% of fiber capacity sat dark and unused — today, he contends, there are 'no dark GPUs,' meaning GPU utilization is effectively full and demand is real. His core evidence is that the largest GPU spenders (the major hyperscalers) are all publicly traded, have each seen approximately 10 percentage point increases in ROIC since ramping CapEx, collectively generate roughly $300 billion in free cash flow annually, and hold approximately $500 billion in cash — metrics that stand in stark contrast to the debt-laden, revenue-light telecom companies of 2000. On valuation, Baker notes Cisco peaked at 150–180x trailing earnings at the height of the bubble, whereas Nvidia today trades at roughly 40x trailing earnings, suggesting the market is pricing AI infrastructure far more conservatively. The investment implication is that both the primary GPU supplier (Nvidia) and the hyperscalers aggressively deploying that GPU capacity are fundamentally sound businesses with expanding returns, not speculative overbuilds, making them defensible long positions rather than bubble candidates.","NVDA, CSCO, GOOGL, META, MSFT, AMZN",,NO_BASKET,,False,"Never-a-trade theme: macro commentary regardless of mention number, NO_BASKET for all mentions (operator 2026-07-16). Supersedes the v4 m4 2025-03-29 -> NVDA CHANGE.",NO_BASKET,INSUFFICIENT_DATA,INSUFFICIENT_DATA,INSUFFICIENT_DATA,INSUFFICIENT_DATA,INSUFFICIENT_DATA,INSUFFICIENT_DATA,-2.58,INSUFFICIENT_DATA,INSUFFICIENT_DATA,INSUFFICIENT_DATA,INSUFFICIENT_DATA,INSUFFICIENT_DATA,INSUFFICIENT_DATA,NO_BASKET,INSUFFICIENT_DATA,INSUFFICIENT_DATA,INSUFFICIENT_DATA,INSUFFICIENT_DATA,INSUFFICIENT_DATA,INSUFFICIENT_DATA,2.75,INSUFFICIENT_DATA,INSUFFICIENT_DATA,INSUFFICIENT_DATA,INSUFFICIENT_DATA,INSUFFICIENT_DATA,INSUFFICIENT_DATA,NO_BASKET,INSUFFICIENT_DATA,INSUFFICIENT_DATA,INSUFFICIENT_DATA,INSUFFICIENT_DATA,INSUFFICIENT_DATA,INSUFFICIENT_DATA
2026-07-14,Google AI distribution moat,1,1,FALSE,TRUE,TRUE,FALSE,FALSE,FALSE,TRUE,FALSE,FALSE,FALSE,FALSE,FALSE,first_with_tickers,moderate,"a16z Podcast — Is AI a bubble? Data centers, GPUs, and the AI economy","Google is likely already the largest AI traffic destination globally when including Search AI Overviews, and is the leading AI company today.","Baker argues that Google (GOOGL) is likely already the largest AI traffic destination in the world when combining Gemini's standalone usage with Search AI Overviews, and that the market underappreciates Google's current AI leadership position. He estimates Gemini alone has taken 15-20 points of traffic share in the last 2-3 months, and suspects Google's aggregate AI traffic exceeds that of OpenAI, Anthropic, and all other competitors combined. Baker frames ChatGPT's rise as a 'Pearl Harbor moment' for Google that has now catalyzed a forceful response, with Gemini running on Google's proprietary TPUs reinforcing a structural vertical integration advantage in cost and performance. The investment implication is that GOOGL is a buy or strong hold as the leading AI company today, with the contrarian view being that consensus has underestimated Google's competitive position in the AI race relative to pure-play AI challengers.",GOOGL,GOOGL,MANUAL_2026AUG_SWEEP,LONG,False,,-4.44,INSUFFICIENT_DATA,INSUFFICIENT_DATA,INSUFFICIENT_DATA,INSUFFICIENT_DATA,INSUFFICIENT_DATA,INSUFFICIENT_DATA,-2.58,INSUFFICIENT_DATA,INSUFFICIENT_DATA,INSUFFICIENT_DATA,INSUFFICIENT_DATA,INSUFFICIENT_DATA,INSUFFICIENT_DATA,-1.86,INSUFFICIENT_DATA,INSUFFICIENT_DATA,INSUFFICIENT_DATA,INSUFFICIENT_DATA,INSUFFICIENT_DATA,INSUFFICIENT_DATA,2.75,INSUFFICIENT_DATA,INSUFFICIENT_DATA,INSUFFICIENT_DATA,INSUFFICIENT_DATA,INSUFFICIENT_DATA,INSUFFICIENT_DATA,-7.19,INSUFFICIENT_DATA,INSUFFICIENT_DATA,INSUFFICIENT_DATA,INSUFFICIENT_DATA,INSUFFICIENT_DATA,INSUFFICIENT_DATA
2026-07-14,Google TPU competitive position,5,5,TRUE,FALSE,FALSE,FALSE,FALSE,FALSE,FALSE,FALSE,FALSE,FALSE,FALSE,FALSE,,high_conviction,"a16z Podcast — Is AI a bubble? Data centers, GPUs, and the AI economy","Nvidia's primary competitive threat is Google's TPU, not AMD, Broadcom, Marvell, or Intel.","Baker argues that Nvidia's primary competitive threat is not AMD, Broadcom, Marvell, or Intel, but rather Google's TPU, framing the AI chip landscape as a binary fight between Nvidia and Google. His reasoning is that Nvidia has evolved beyond being a semiconductor company into a full-stack systems and data-center-level company, with CUDA software, NVLink, InfiniBand, and rack-level solutions creating deep switching costs that commodity chip alternatives cannot match. Google is uniquely dangerous because it is the only competitor that simultaneously owns a leading AI lab (DeepMind/Gemini) and its own silicon (TPU), giving it both the demand signal and the engineering feedback loop to iterate effectively. Baker is specifically bearish on hyperscaler ASIC programs enabled by Broadcom and Marvell, predicting most will fail within three years, particularly if Google begins selling TPUs externally and commoditizes custom silicon. The investment implication is to remain long Nvidia as the dominant infrastructure layer while being skeptical of the ASIC thesis that underpins bullish cases for Broadcom and Marvell.","NVDA, GOOGL, AVGO, MRVL",GOOGL,BAKER_NAMED,LONG,False,,-4.44,INSUFFICIENT_DATA,INSUFFICIENT_DATA,INSUFFICIENT_DATA,INSUFFICIENT_DATA,INSUFFICIENT_DATA,INSUFFICIENT_DATA,-2.58,INSUFFICIENT_DATA,INSUFFICIENT_DATA,INSUFFICIENT_DATA,INSUFFICIENT_DATA,INSUFFICIENT_DATA,INSUFFICIENT_DATA,-1.86,INSUFFICIENT_DATA,INSUFFICIENT_DATA,INSUFFICIENT_DATA,INSUFFICIENT_DATA,INSUFFICIENT_DATA,INSUFFICIENT_DATA,2.75,INSUFFICIENT_DATA,INSUFFICIENT_DATA,INSUFFICIENT_DATA,INSUFFICIENT_DATA,INSUFFICIENT_DATA,INSUFFICIENT_DATA,-7.19,INSUFFICIENT_DATA,INSUFFICIENT_DATA,INSUFFICIENT_DATA,INSUFFICIENT_DATA,INSUFFICIENT_DATA,INSUFFICIENT_DATA
2026-07-14,Humanoid robotics / Tesla Optimus,6,6,TRUE,FALSE,FALSE,FALSE,FALSE,FALSE,FALSE,FALSE,FALSE,FALSE,FALSE,FALSE,,moderate,"a16z Podcast — Is AI a bubble? Data centers, GPUs, and the AI economy","Robotics will be a major real-world deployment wave, dominated by Tesla vs. Chinese competitors, mirroring the EV competitive dynamic.","Baker argues that humanoid robotics represents the next major real-world AI deployment wave, and that the humanoid form factor will dominate over other robot designs because humanoids can be trained using existing YouTube videos and human motion-capture demonstrations — a massive data advantage that other form factors lack. He cites Tesla's Optimus robot videos as genuinely impressive even to professional robotics experts, suggesting the technology is further along than skeptics believe. Baker frames the competitive landscape as a two-horse race between Tesla and Chinese robotics companies, explicitly drawing a parallel to the EV market dynamic where Tesla faced aggressive Chinese competition. The investment implication is a long position in Tesla as the primary Western-listed beneficiary of the humanoid robotics wave, with no specific financial targets or timelines given beyond a long-term horizon.",TSLA,TSLA,BAKER_NAMED,LONG,False,,-17.33,INSUFFICIENT_DATA,INSUFFICIENT_DATA,INSUFFICIENT_DATA,INSUFFICIENT_DATA,INSUFFICIENT_DATA,INSUFFICIENT_DATA,-2.58,INSUFFICIENT_DATA,INSUFFICIENT_DATA,INSUFFICIENT_DATA,INSUFFICIENT_DATA,INSUFFICIENT_DATA,INSUFFICIENT_DATA,-14.75,INSUFFICIENT_DATA,INSUFFICIENT_DATA,INSUFFICIENT_DATA,INSUFFICIENT_DATA,INSUFFICIENT_DATA,INSUFFICIENT_DATA,2.75,INSUFFICIENT_DATA,INSUFFICIENT_DATA,INSUFFICIENT_DATA,INSUFFICIENT_DATA,INSUFFICIENT_DATA,INSUFFICIENT_DATA,-20.08,INSUFFICIENT_DATA,INSUFFICIENT_DATA,INSUFFICIENT_DATA,INSUFFICIENT_DATA,INSUFFICIENT_DATA,INSUFFICIENT_DATA
2026-07-14,Open source AI bullish for hardware,2,3,TRUE,FALSE,FALSE,FALSE,FALSE,FALSE,FALSE,FALSE,FALSE,FALSE,FALSE,FALSE,,moderate,"a16z Podcast — Is AI a bubble? Data centers, GPUs, and the AI economy",Chinese open-source models are a strategic gift to American AI companies trying to catch the top four frontier labs.,"Baker argues that Chinese open-source models (e.g., DeepSeek) serve as a strategic equalizer for American AI companies outside the top four frontier labs (Google, xAI, OpenAI, and Meta), which he characterizes as having an insurmountable advantage due to proprietary access to their own latest model checkpoints. Without access to the most recent Gemini, Grok, or GPT weights, any company attempting to train a competitive frontier model starts from a significant disadvantage — Chinese open-source releases provide a high-quality base that partially closes this gap. Baker frames this as a structural observation about the competitive dynamics of AI model development, suggesting that the Chinese open-source ecosystem inadvertently subsidizes American challengers to the top labs. The investment implication is diffuse and does not point to a specific publicly traded beneficiary with clarity, as the thesis is about competitive positioning among largely private or subsidiary AI labs rather than publicly traded pure-play model companies.",,NVDA,OBVIOUS_UNIVERSE,LONG,False,,5.8,INSUFFICIENT_DATA,INSUFFICIENT_DATA,INSUFFICIENT_DATA,INSUFFICIENT_DATA,INSUFFICIENT_DATA,INSUFFICIENT_DATA,-2.58,INSUFFICIENT_DATA,INSUFFICIENT_DATA,INSUFFICIENT_DATA,INSUFFICIENT_DATA,INSUFFICIENT_DATA,INSUFFICIENT_DATA,8.38,INSUFFICIENT_DATA,INSUFFICIENT_DATA,INSUFFICIENT_DATA,INSUFFICIENT_DATA,INSUFFICIENT_DATA,INSUFFICIENT_DATA,2.75,INSUFFICIENT_DATA,INSUFFICIENT_DATA,INSUFFICIENT_DATA,INSUFFICIENT_DATA,INSUFFICIENT_DATA,INSUFFICIENT_DATA,3.05,INSUFFICIENT_DATA,INSUFFICIENT_DATA,INSUFFICIENT_DATA,INSUFFICIENT_DATA,INSUFFICIENT_DATA,INSUFFICIENT_DATA
2026-07-14,Reasoning / inference-time compute,6,7,TRUE,FALSE,FALSE,FALSE,FALSE,FALSE,FALSE,FALSE,FALSE,FALSE,FALSE,FALSE,,high_conviction,"a16z Podcast — Is AI a bubble? Data centers, GPUs, and the AI economy",Reasoning models have fundamentally changed the competitive economics for frontier AI labs by enabling a user-base flywheel analogous to classic consumer internet compounding.,"Baker argues that the advent of reasoning models has fundamentally altered the competitive economics for frontier AI labs, reversing his prior view that frontier models without unique data or internet-scale distribution were 'the fastest depreciating asset in history.' The key mechanism is a post-training reinforcement learning flywheel: labs with large user bases generate more feedback signal, which improves their algorithms, which improves their product, which attracts more users — a compounding dynamic analogous to classic consumer internet network effects. Baker identifies OpenAI, Anthropic, and xAI as structural beneficiaries of this flywheel given their existing user scale, while implying that smaller or less-distributed frontier labs face a widening moat disadvantage. The investment implication is that user base size is now a durable competitive advantage in frontier AI, making the leading labs increasingly defensible over the medium term — though none of the primary beneficiaries (OpenAI, Anthropic, xAI) are publicly listed US equities.",,GOOGL,BAKER_NAMED,LONG,False,Flywheel theses (reasoning creates a data flywheel for scaled model cos; beneficiaries OpenAI/Anthropic/xAI/Google) -> GOOGL (public proxy).,-4.44,INSUFFICIENT_DATA,INSUFFICIENT_DATA,INSUFFICIENT_DATA,INSUFFICIENT_DATA,INSUFFICIENT_DATA,INSUFFICIENT_DATA,-2.58,INSUFFICIENT_DATA,INSUFFICIENT_DATA,INSUFFICIENT_DATA,INSUFFICIENT_DATA,INSUFFICIENT_DATA,INSUFFICIENT_DATA,-1.86,INSUFFICIENT_DATA,INSUFFICIENT_DATA,INSUFFICIENT_DATA,INSUFFICIENT_DATA,INSUFFICIENT_DATA,INSUFFICIENT_DATA,2.75,INSUFFICIENT_DATA,INSUFFICIENT_DATA,INSUFFICIENT_DATA,INSUFFICIENT_DATA,INSUFFICIENT_DATA,INSUFFICIENT_DATA,-7.19,INSUFFICIENT_DATA,INSUFFICIENT_DATA,INSUFFICIENT_DATA,INSUFFICIENT_DATA,INSUFFICIENT_DATA,INSUFFICIENT_DATA
2026-07-14,SaaS existential disruption,6,6,TRUE,FALSE,FALSE,FALSE,FALSE,FALSE,FALSE,FALSE,FALSE,FALSE,FALSE,FALSE,,high_conviction,"a16z Podcast — Is AI a bubble? Data centers, GPUs, and the AI economy",Application SaaS companies that embrace gross margin compression as a sign of AI adoption success—rather than resisting it—will be the winners; those that preserve legacy margin structures will lose.,"Baker argues that SaaS companies must embrace gross margin compression as a necessary and positive signal of successful AI adoption, and that those who resist it to protect legacy margin structures will ultimately lose market share and relevance. He draws a direct analogy to retailers who refused to adopt Amazon's low-margin model and were subsequently disrupted, and points to Microsoft's on-premise-to-cloud transition as proof that accepting lower margins during a platform shift can still produce exceptional stock performance. Baker singles out public coding companies as negative examples — firms with profitable existing businesses that could fund a break-even AI push but have failed to compete with Cursor, suggesting incumbency and profitability are not sufficient defenses. Figma is cited as a positive example of proactively communicating margin compression as a feature of AI adoption rather than a bug, and Adobe is referenced in the context of navigating an AI transition. The investment implication is to favor SaaS companies that explicitly signal and accept gross margin compression as AI adoption accelerates, and to avoid or short those that prioritize margin preservation over competitive AI investment.",,"CRM, NOW, TEAM, SNOW, HUBS",OBVIOUS_UNIVERSE,SHORT,False,All mentions. HUBS restored.,-25.88,INSUFFICIENT_DATA,INSUFFICIENT_DATA,INSUFFICIENT_DATA,INSUFFICIENT_DATA,INSUFFICIENT_DATA,INSUFFICIENT_DATA,-2.58,INSUFFICIENT_DATA,INSUFFICIENT_DATA,INSUFFICIENT_DATA,INSUFFICIENT_DATA,INSUFFICIENT_DATA,INSUFFICIENT_DATA,-23.31,INSUFFICIENT_DATA,INSUFFICIENT_DATA,INSUFFICIENT_DATA,INSUFFICIENT_DATA,INSUFFICIENT_DATA,INSUFFICIENT_DATA,2.75,INSUFFICIENT_DATA,INSUFFICIENT_DATA,INSUFFICIENT_DATA,INSUFFICIENT_DATA,INSUFFICIENT_DATA,INSUFFICIENT_DATA,-28.63,INSUFFICIENT_DATA,INSUFFICIENT_DATA,INSUFFICIENT_DATA,INSUFFICIENT_DATA,INSUFFICIENT_DATA,INSUFFICIENT_DATA
2026-07-14,Scaling laws intact,8,8,TRUE,FALSE,FALSE,FALSE,FALSE,FALSE,FALSE,FALSE,FALSE,FALSE,FALSE,FALSE,,high_conviction,"a16z Podcast — Is AI a bubble? Data centers, GPUs, and the AI economy","Frontier AI lab gross margins will be structurally lower than SaaS/internet-era margins due to compute intensity from scaling laws and test-time compute, but they can still be great businesses.","Baker argues that frontier AI lab gross margins will be structurally and permanently lower than the 70-80%+ margins characteristic of SaaS and internet-era software businesses, due to the inherent compute intensity embedded in scaling laws and the growing importance of test-time compute. The reasoning is grounded in Richard Sutton's 'Bitter Lesson' — the empirical observation that throwing more compute at problems consistently outperforms human-engineered solutions — meaning compute expenditure is not a temporary inefficiency but a permanent structural feature of frontier AI. However, Baker notes that frontier AI labs can still be exceptional businesses because OPEX can be dramatically lower than traditional software companies, potentially offsetting the gross margin compression and preserving strong operating margins. He sees no evidence that scaling laws or test-time compute will diminish in importance, making this a durable structural reality rather than a transitional phase. The investment implication is that investors should not benchmark frontier AI lab margins against SaaS comps, and that compute infrastructure suppliers (rather than model providers) may capture a disproportionate share of the value chain.",,SMH,OBVIOUS_UNIVERSE,LONG,False,,-2.58,INSUFFICIENT_DATA,INSUFFICIENT_DATA,INSUFFICIENT_DATA,INSUFFICIENT_DATA,INSUFFICIENT_DATA,INSUFFICIENT_DATA,-2.58,INSUFFICIENT_DATA,INSUFFICIENT_DATA,INSUFFICIENT_DATA,INSUFFICIENT_DATA,INSUFFICIENT_DATA,INSUFFICIENT_DATA,0.0,INSUFFICIENT_DATA,INSUFFICIENT_DATA,INSUFFICIENT_DATA,INSUFFICIENT_DATA,INSUFFICIENT_DATA,INSUFFICIENT_DATA,2.75,INSUFFICIENT_DATA,INSUFFICIENT_DATA,INSUFFICIENT_DATA,INSUFFICIENT_DATA,INSUFFICIENT_DATA,INSUFFICIENT_DATA,-5.33,INSUFFICIENT_DATA,INSUFFICIENT_DATA,INSUFFICIENT_DATA,INSUFFICIENT_DATA,INSUFFICIENT_DATA,INSUFFICIENT_DATA
2026-07-14,Trainium / Amazon custom silicon,4,5,TRUE,FALSE,FALSE,FALSE,FALSE,FALSE,FALSE,FALSE,FALSE,FALSE,FALSE,FALSE,,moderate,"a16z Podcast — Is AI a bubble? Data centers, GPUs, and the AI economy","Amazon's Trainium 3 will be a materially better chip than Trainium 2, following the same multi-generation learning curve Google experienced with TPU.","Baker argues that Amazon's Trainium 3 will represent a materially significant improvement over Trainium 2, drawing a direct parallel to Google's TPU development trajectory where it took approximately three generations before the chip became a genuinely competitive and credible accelerator. He attributes this optimism to the Annapurna team at Amazon, which he describes as the most talented custom silicon team among all hyperscalers, suggesting the organizational capability is in place to execute on this generational leap. The investment implication is that Amazon's custom silicon roadmap is on a credible path to becoming a meaningful alternative to Nvidia's GPUs for training and inference workloads within AWS, which would reduce Amazon's dependence on third-party accelerators and improve cloud margin economics over the medium term. Baker uses moderate-confidence language ('probably a much better chip'), framing this as a directional view rather than a high-conviction near-term call.","AMZN, NVDA",AMZN,BAKER_NAMED,LONG,False,,8.0,INSUFFICIENT_DATA,INSUFFICIENT_DATA,INSUFFICIENT_DATA,INSUFFICIENT_DATA,INSUFFICIENT_DATA,INSUFFICIENT_DATA,-2.58,INSUFFICIENT_DATA,INSUFFICIENT_DATA,INSUFFICIENT_DATA,INSUFFICIENT_DATA,INSUFFICIENT_DATA,INSUFFICIENT_DATA,10.57,INSUFFICIENT_DATA,INSUFFICIENT_DATA,INSUFFICIENT_DATA,INSUFFICIENT_DATA,INSUFFICIENT_DATA,INSUFFICIENT_DATA,2.75,INSUFFICIENT_DATA,INSUFFICIENT_DATA,INSUFFICIENT_DATA,INSUFFICIENT_DATA,INSUFFICIENT_DATA,INSUFFICIENT_DATA,5.25,INSUFFICIENT_DATA,INSUFFICIENT_DATA,INSUFFICIENT_DATA,INSUFFICIENT_DATA,INSUFFICIENT_DATA,INSUFFICIENT_DATA
2026-07-20,Inference economics / token factories,4,4,TRUE,FALSE,FALSE,FALSE,FALSE,FALSE,FALSE,FALSE,FALSE,FALSE,FALSE,FALSE,,high_conviction,"CNBC — SpaceX IPO drawdown, AI infrastructure, open source models, frontier AI","Token efficiency and cost per token will be the defining competitive metric in AI, not raw intelligence","Baker argues that the defining competitive metric in AI is not raw intelligence but 'intelligence per dollar' — a composite of cost per token and intelligence per token. He illustrates this with a specific example: Chinese model Kimi K3 requires 2-3x more tokens to produce an equivalent answer compared to leading frontier models, meaning that despite a lower per-token price, its total cost of inference is not actually cheaper. Baker frames this as a historically novel dynamic in tech investing, where being the low-cost producer of intelligence — not just the most capable model — is what wins, marking the first time in his career as a tech investor that cost efficiency has been the primary competitive axis. The investment implication is that frontier AI labs and infrastructure providers who can deliver high intelligence per token at low cost will dominate, while models that are cheap per token but token-inefficient will lose market share over time.",,CRWV,BAKER_NAMED,LONG,False,Source -> BAKER_NAMED; basket CRWV stays.,27.53,INSUFFICIENT_DATA,INSUFFICIENT_DATA,INSUFFICIENT_DATA,INSUFFICIENT_DATA,INSUFFICIENT_DATA,INSUFFICIENT_DATA,1.96,INSUFFICIENT_DATA,INSUFFICIENT_DATA,INSUFFICIENT_DATA,INSUFFICIENT_DATA,INSUFFICIENT_DATA,INSUFFICIENT_DATA,25.57,INSUFFICIENT_DATA,INSUFFICIENT_DATA,INSUFFICIENT_DATA,INSUFFICIENT_DATA,INSUFFICIENT_DATA,INSUFFICIENT_DATA,3.42,INSUFFICIENT_DATA,INSUFFICIENT_DATA,INSUFFICIENT_DATA,INSUFFICIENT_DATA,INSUFFICIENT_DATA,INSUFFICIENT_DATA,24.11,INSUFFICIENT_DATA,INSUFFICIENT_DATA,INSUFFICIENT_DATA,INSUFFICIENT_DATA,INSUFFICIENT_DATA,INSUFFICIENT_DATA
2026-07-20,Orbital / space-based compute,7,8,TRUE,FALSE,FALSE,FALSE,FALSE,FALSE,FALSE,FALSE,FALSE,FALSE,FALSE,FALSE,,high_conviction,"CNBC — SpaceX IPO drawdown, AI infrastructure, open source models, frontier AI",SpaceX's terrestrial compute buildout is massively underestimated by consensus and represents a hidden revenue driver,"Baker argues that SpaceX's terrestrial compute buildout — specifically its plan to bring approximately 3 gigawatts of AI datacenter power online — represents roughly $150B of incremental annual revenue that is entirely absent from consensus models, which currently embed only ~$73B in total SpaceX revenue. He contends that SpaceX monetizes each gigawatt of installed compute capacity at a meaningful premium to competitors like hyperscalers or independent data center operators, and can deploy that capacity faster and more cheaply than rivals, creating a structural cost and speed advantage. The investment implication is that SpaceX's true revenue potential is more than double what consensus assumes, making it a high-conviction long for investors who can access it — though it remains a private company. Baker frames this terrestrial compute opportunity as the single biggest variable markets are missing in SpaceX's valuation, distinct from its Starlink or launch businesses.",,SPCX,OBVIOUS_UNIVERSE,LONG,True,,19.6,INSUFFICIENT_DATA,INSUFFICIENT_DATA,INSUFFICIENT_DATA,INSUFFICIENT_DATA,INSUFFICIENT_DATA,INSUFFICIENT_DATA,1.96,INSUFFICIENT_DATA,INSUFFICIENT_DATA,INSUFFICIENT_DATA,INSUFFICIENT_DATA,INSUFFICIENT_DATA,INSUFFICIENT_DATA,17.64,INSUFFICIENT_DATA,INSUFFICIENT_DATA,INSUFFICIENT_DATA,INSUFFICIENT_DATA,INSUFFICIENT_DATA,INSUFFICIENT_DATA,3.42,INSUFFICIENT_DATA,INSUFFICIENT_DATA,INSUFFICIENT_DATA,INSUFFICIENT_DATA,INSUFFICIENT_DATA,INSUFFICIENT_DATA,16.18,INSUFFICIENT_DATA,INSUFFICIENT_DATA,INSUFFICIENT_DATA,INSUFFICIENT_DATA,INSUFFICIENT_DATA,INSUFFICIENT_DATA
2026-07-20,Reasoning / inference-time compute,7,7,TRUE,FALSE,FALSE,FALSE,FALSE,FALSE,FALSE,FALSE,FALSE,FALSE,FALSE,FALSE,,high_conviction,"CNBC — SpaceX IPO drawdown, AI infrastructure, open source models, frontier AI",We are structurally short compute; this is the dominant macro fact for AI investing,"Baker argues that the AI industry is in a state of structural compute shortage — meaning demand for compute will persistently outpace supply over a long-term horizon, not merely as a cyclical imbalance. His reasoning is that cheaper tokens produced by open source models will stimulate dramatically more consumption of AI services, which in turn increases aggregate compute demand rather than reducing it (a Jevons paradox dynamic). This structural shortage underpins a broadly bullish view on all compute infrastructure, from chips to data centers to power. Baker frames this as the dominant macro fact for AI investing, suggesting it should be the foundational lens through which all AI infrastructure investments are evaluated. The implication is to be long compute infrastructure across the stack — GPUs, networking, data center operators, and power — as the shortage is self-reinforcing rather than self-correcting.",,"NVDA, AMD",OBVIOUS_UNIVERSE,LONG,False,,2.14,INSUFFICIENT_DATA,INSUFFICIENT_DATA,INSUFFICIENT_DATA,INSUFFICIENT_DATA,INSUFFICIENT_DATA,INSUFFICIENT_DATA,1.96,INSUFFICIENT_DATA,INSUFFICIENT_DATA,INSUFFICIENT_DATA,INSUFFICIENT_DATA,INSUFFICIENT_DATA,INSUFFICIENT_DATA,0.19,INSUFFICIENT_DATA,INSUFFICIENT_DATA,INSUFFICIENT_DATA,INSUFFICIENT_DATA,INSUFFICIENT_DATA,INSUFFICIENT_DATA,3.42,INSUFFICIENT_DATA,INSUFFICIENT_DATA,INSUFFICIENT_DATA,INSUFFICIENT_DATA,INSUFFICIENT_DATA,INSUFFICIENT_DATA,-1.27,INSUFFICIENT_DATA,INSUFFICIENT_DATA,INSUFFICIENT_DATA,INSUFFICIENT_DATA,INSUFFICIENT_DATA,INSUFFICIENT_DATA
2026-07-20,SpaceX ecosystem / Starship economics,10,13,TRUE,FALSE,FALSE,FALSE,FALSE,FALSE,FALSE,FALSE,FALSE,FALSE,FALSE,FALSE,,high_conviction,"CNBC — SpaceX IPO drawdown, AI infrastructure, open source models, frontier AI",SpaceX's terrestrial compute buildout is massively underestimated by consensus and represents a hidden revenue driver,"Baker argues that SpaceX's terrestrial compute buildout — specifically its plan to bring approximately 3 gigawatts of AI datacenter power online — represents roughly $150B of incremental annual revenue that is entirely absent from consensus models, which currently embed only ~$73B in total SpaceX revenue. He contends that SpaceX monetizes each gigawatt of installed compute capacity at a meaningful premium to competitors like hyperscalers or independent data center operators, and can deploy that capacity faster and more cheaply than rivals, creating a structural cost and speed advantage. The investment implication is that SpaceX's true revenue potential is more than double what consensus assumes, making it a high-conviction long for investors who can access it — though it remains a private company. Baker frames this terrestrial compute opportunity as the single biggest variable markets are missing in SpaceX's valuation, distinct from its Starlink or launch businesses.",,SPCX,OBVIOUS_UNIVERSE,LONG,True,,19.6,INSUFFICIENT_DATA,INSUFFICIENT_DATA,INSUFFICIENT_DATA,INSUFFICIENT_DATA,INSUFFICIENT_DATA,INSUFFICIENT_DATA,1.96,INSUFFICIENT_DATA,INSUFFICIENT_DATA,INSUFFICIENT_DATA,INSUFFICIENT_DATA,INSUFFICIENT_DATA,INSUFFICIENT_DATA,17.64,INSUFFICIENT_DATA,INSUFFICIENT_DATA,INSUFFICIENT_DATA,INSUFFICIENT_DATA,INSUFFICIENT_DATA,INSUFFICIENT_DATA,3.42,INSUFFICIENT_DATA,INSUFFICIENT_DATA,INSUFFICIENT_DATA,INSUFFICIENT_DATA,INSUFFICIENT_DATA,INSUFFICIENT_DATA,16.18,INSUFFICIENT_DATA,INSUFFICIENT_DATA,INSUFFICIENT_DATA,INSUFFICIENT_DATA,INSUFFICIENT_DATA,INSUFFICIENT_DATA
2026-08-04,AI capex ROI positive,8,8,TRUE,FALSE,FALSE,FALSE,FALSE,FALSE,FALSE,FALSE,FALSE,FALSE,FALSE,FALSE,,moderate,"Invest Like the Best — Why the markets are pricing AI wrong: July 2026 AI/semis selloff, private inference cloud, old-GPU repricing, ~$700B Blackwell/Rubin credit gap",SRAM-based accelerators disaggregated from HBM DRAM will significantly improve AI inference ROI and are underappreciated,"Baker argues that the optimal inference architecture involves disaggregating the three core computational workloads — prefill, attention, and feed-forward network (FFN) — across specialized chips rather than running all on a single monolithic GPU. Specifically, he contends that SRAM-based accelerators are uniquely well-suited for FFN workloads because SRAM's bandwidth and latency characteristics are unbeatable for that task, while HBM-heavy chips handle attention and prefill can run without HBM entirely. The core structural insight is that because inference workload ratios are constantly shifting, no single chip can maintain the right compute/HBM/SRAM balance, making disaggregation the only scalable solution. Baker sees SRAM accelerators as additive to the existing GPU installed base — boosting ROI without displacing leading-edge GPUs — and notes these chips often run on older process nodes, meaning they don't compete for leading-edge fab capacity. The investment implication is that companies building SRAM-based inference accelerators represent an underappreciated opportunity, though Baker does not name specific companies, making this a thematic structural view without a directly actionable ticker at this time.",,,NO_BASKET,,False,"Never-a-trade theme: macro commentary regardless of mention number, NO_BASKET for all mentions (operator 2026-07-16). Supersedes the v4 m4 2025-03-29 -> NVDA CHANGE.",NO_BASKET,INSUFFICIENT_DATA,INSUFFICIENT_DATA,INSUFFICIENT_DATA,INSUFFICIENT_DATA,INSUFFICIENT_DATA,INSUFFICIENT_DATA,-4.38,INSUFFICIENT_DATA,INSUFFICIENT_DATA,INSUFFICIENT_DATA,INSUFFICIENT_DATA,INSUFFICIENT_DATA,INSUFFICIENT_DATA,NO_BASKET,INSUFFICIENT_DATA,INSUFFICIENT_DATA,INSUFFICIENT_DATA,INSUFFICIENT_DATA,INSUFFICIENT_DATA,INSUFFICIENT_DATA,-0.8,INSUFFICIENT_DATA,INSUFFICIENT_DATA,INSUFFICIENT_DATA,INSUFFICIENT_DATA,INSUFFICIENT_DATA,INSUFFICIENT_DATA,NO_BASKET,INSUFFICIENT_DATA,INSUFFICIENT_DATA,INSUFFICIENT_DATA,INSUFFICIENT_DATA,INSUFFICIENT_DATA,INSUFFICIENT_DATA
2026-08-04,Broad AI bullish / early innings,9,9,TRUE,FALSE,FALSE,FALSE,FALSE,FALSE,FALSE,FALSE,FALSE,FALSE,FALSE,FALSE,,high_conviction,"Invest Like the Best — Why the markets are pricing AI wrong: July 2026 AI/semis selloff, private inference cloud, old-GPU repricing, ~$700B Blackwell/Rubin credit gap",AI adoption is in extremely early innings globally; compute shortage exists with only ~500K people using generative AI out of 8 billion,"Baker argues that AI adoption is in the earliest possible innings globally, citing an estimate from 'Yoc' that only approximately 500,000 people worldwide are currently using generative AI out of a global population of 8 billion. He reasons that even reaching 1% global adoption — 80 million users — would require orders-of-magnitude more compute than currently exists, and the world is already experiencing an acute compute shortage at the current negligible adoption level. This structural supply-demand imbalance forms Baker's foundational long-term bull case for AI infrastructure investment, suggesting that demand for compute will compound dramatically for years. The investment implication is a sustained, multi-year tailwind for AI infrastructure providers, particularly those supplying the compute hardware and data center capacity required to scale from hundreds of thousands to hundreds of millions or billions of AI users.",NVDA,,NO_BASKET,,False,"Never-a-trade theme: macro commentary regardless of mention number, NO_BASKET for all mentions (operator 2026-07-16).",NO_BASKET,INSUFFICIENT_DATA,INSUFFICIENT_DATA,INSUFFICIENT_DATA,INSUFFICIENT_DATA,INSUFFICIENT_DATA,INSUFFICIENT_DATA,-4.38,INSUFFICIENT_DATA,INSUFFICIENT_DATA,INSUFFICIENT_DATA,INSUFFICIENT_DATA,INSUFFICIENT_DATA,INSUFFICIENT_DATA,NO_BASKET,INSUFFICIENT_DATA,INSUFFICIENT_DATA,INSUFFICIENT_DATA,INSUFFICIENT_DATA,INSUFFICIENT_DATA,INSUFFICIENT_DATA,-0.8,INSUFFICIENT_DATA,INSUFFICIENT_DATA,INSUFFICIENT_DATA,INSUFFICIENT_DATA,INSUFFICIENT_DATA,INSUFFICIENT_DATA,NO_BASKET,INSUFFICIENT_DATA,INSUFFICIENT_DATA,INSUFFICIENT_DATA,INSUFFICIENT_DATA,INSUFFICIENT_DATA,INSUFFICIENT_DATA
2026-08-04,DRAM / HBM memory bottleneck,9,9,TRUE,FALSE,FALSE,FALSE,FALSE,FALSE,FALSE,FALSE,FALSE,FALSE,FALSE,FALSE,,high_conviction,"Invest Like the Best — Why the markets are pricing AI wrong: July 2026 AI/semis selloff, private inference cloud, old-GPU repricing, ~$700B Blackwell/Rubin credit gap",SK Hynix should replicate Nvidia's credit wrapper / revenue share model to capture upside from the AI compute buildout,"Baker argues that SK Hynix should adopt Nvidia's credit wrapper / revenue share financing model to capture a larger share of the AI compute buildout's economics. Specifically, he says that if he were CEO of SK Hynix, he would approach GPU buyers and offer to put up cash as surety upfront in exchange for a cut of ongoing revenues — mirroring the structure Nvidia is reportedly using to help customers finance Blackwell/Rubin purchases amid a ~$700B credit gap. His reasoning is that memory companies like SK Hynix and Micron now have strong cash flows and credit markets are tightening, creating an opportune moment for suppliers to offer alternative financing structures that also give them revenue upside. He notes that Blackstone and Apollo are likely already pitching variants of this to hyperscalers, suggesting the window for memory companies to act is now. The investment implication is that Micron (the US-listed HBM producer) could pursue a similar strategy, potentially transforming its earnings profile from a commodity cyclical to a revenue-share participant in AI infrastructure.","MU, HYNIX",MU,OBVIOUS_UNIVERSE,LONG,False,,7.1,INSUFFICIENT_DATA,INSUFFICIENT_DATA,INSUFFICIENT_DATA,INSUFFICIENT_DATA,INSUFFICIENT_DATA,INSUFFICIENT_DATA,-4.38,INSUFFICIENT_DATA,INSUFFICIENT_DATA,INSUFFICIENT_DATA,INSUFFICIENT_DATA,INSUFFICIENT_DATA,INSUFFICIENT_DATA,11.49,INSUFFICIENT_DATA,INSUFFICIENT_DATA,INSUFFICIENT_DATA,INSUFFICIENT_DATA,INSUFFICIENT_DATA,INSUFFICIENT_DATA,-0.8,INSUFFICIENT_DATA,INSUFFICIENT_DATA,INSUFFICIENT_DATA,INSUFFICIENT_DATA,INSUFFICIENT_DATA,INSUFFICIENT_DATA,7.9,INSUFFICIENT_DATA,INSUFFICIENT_DATA,INSUFFICIENT_DATA,INSUFFICIENT_DATA,INSUFFICIENT_DATA,INSUFFICIENT_DATA
2026-08-04,Disaggregation prefill/decode,5,6,TRUE,FALSE,FALSE,FALSE,FALSE,FALSE,FALSE,FALSE,FALSE,FALSE,FALSE,FALSE,,moderate,"Invest Like the Best — Why the markets are pricing AI wrong: July 2026 AI/semis selloff, private inference cloud, old-GPU repricing, ~$700B Blackwell/Rubin credit gap",SRAM-based accelerators disaggregated from HBM DRAM will significantly improve AI inference ROI and are underappreciated,"Baker argues that the optimal inference architecture involves disaggregating the three core computational workloads — prefill, attention, and feed-forward network (FFN) — across specialized chips rather than running all on a single monolithic GPU. Specifically, he contends that SRAM-based accelerators are uniquely well-suited for FFN workloads because SRAM's bandwidth and latency characteristics are unbeatable for that task, while HBM-heavy chips handle attention and prefill can run without HBM entirely. The core structural insight is that because inference workload ratios are constantly shifting, no single chip can maintain the right compute/HBM/SRAM balance, making disaggregation the only scalable solution. Baker sees SRAM accelerators as additive to the existing GPU installed base — boosting ROI without displacing leading-edge GPUs — and notes these chips often run on older process nodes, meaning they don't compete for leading-edge fab capacity. The investment implication is that companies building SRAM-based inference accelerators represent an underappreciated opportunity, though Baker does not name specific companies, making this a thematic structural view without a directly actionable ticker at this time.",,NVDA,OBVIOUS_UNIVERSE,LONG,False,,5.88,INSUFFICIENT_DATA,INSUFFICIENT_DATA,INSUFFICIENT_DATA,INSUFFICIENT_DATA,INSUFFICIENT_DATA,INSUFFICIENT_DATA,-4.38,INSUFFICIENT_DATA,INSUFFICIENT_DATA,INSUFFICIENT_DATA,INSUFFICIENT_DATA,INSUFFICIENT_DATA,INSUFFICIENT_DATA,10.27,INSUFFICIENT_DATA,INSUFFICIENT_DATA,INSUFFICIENT_DATA,INSUFFICIENT_DATA,INSUFFICIENT_DATA,INSUFFICIENT_DATA,-0.8,INSUFFICIENT_DATA,INSUFFICIENT_DATA,INSUFFICIENT_DATA,INSUFFICIENT_DATA,INSUFFICIENT_DATA,INSUFFICIENT_DATA,6.68,INSUFFICIENT_DATA,INSUFFICIENT_DATA,INSUFFICIENT_DATA,INSUFFICIENT_DATA,INSUFFICIENT_DATA,INSUFFICIENT_DATA
2026-08-04,Orbital / space-based compute,8,8,TRUE,FALSE,FALSE,FALSE,FALSE,FALSE,FALSE,FALSE,FALSE,FALSE,FALSE,FALSE,,moderate,"Invest Like the Best — Why the markets are pricing AI wrong: July 2026 AI/semis selloff, private inference cloud, old-GPU repricing, ~$700B Blackwell/Rubin credit gap",SpaceX (Grok/xAI compute) is significantly undervalued in public markets; the compute buildout optionality is not in estimates,"Baker argues that SpaceX is significantly undervalued in public markets because consensus estimates (~$73B revenue for next year) do not price in the optionality of a massive compute buildout that could reach 8 gigawatts of capacity. He notes SpaceX has demonstrated the ability to deploy compute faster and at lower cost than anyone except the hyperscalers, and is monetizing at roughly $50B per gigawatt, meaning even a fraction of the reported 8GW target would be transformative to the valuation. Baker is skeptical of the exact 8GW figure from the Funder AI Substack report but emphasizes that the market is focused on a bear case (spot inference prices down ~90%) while ignoring the supply-side buildout optionality entirely. He also flags the Star Cloud orbital compute partnership as an additional underappreciated call option on the business. The investment implication is that SpaceX shares (accessible only in private markets) are mispriced to the downside, with Grok 4.5 and the Cursor acquisition having materially improved fundamentals since IPO.",SPACEX,SPCX,OBVIOUS_UNIVERSE,LONG,True,,12.27,INSUFFICIENT_DATA,INSUFFICIENT_DATA,INSUFFICIENT_DATA,INSUFFICIENT_DATA,INSUFFICIENT_DATA,INSUFFICIENT_DATA,-4.38,INSUFFICIENT_DATA,INSUFFICIENT_DATA,INSUFFICIENT_DATA,INSUFFICIENT_DATA,INSUFFICIENT_DATA,INSUFFICIENT_DATA,16.65,INSUFFICIENT_DATA,INSUFFICIENT_DATA,INSUFFICIENT_DATA,INSUFFICIENT_DATA,INSUFFICIENT_DATA,INSUFFICIENT_DATA,-0.8,INSUFFICIENT_DATA,INSUFFICIENT_DATA,INSUFFICIENT_DATA,INSUFFICIENT_DATA,INSUFFICIENT_DATA,INSUFFICIENT_DATA,13.07,INSUFFICIENT_DATA,INSUFFICIENT_DATA,INSUFFICIENT_DATA,INSUFFICIENT_DATA,INSUFFICIENT_DATA,INSUFFICIENT_DATA
2026-08-04,SpaceX ecosystem / Starship economics,11,13,TRUE,FALSE,FALSE,FALSE,FALSE,FALSE,FALSE,FALSE,FALSE,FALSE,FALSE,FALSE,,moderate,"Invest Like the Best — Why the markets are pricing AI wrong: July 2026 AI/semis selloff, private inference cloud, old-GPU repricing, ~$700B Blackwell/Rubin credit gap",SpaceX (Grok/xAI compute) is significantly undervalued in public markets; the compute buildout optionality is not in estimates,"Baker argues that SpaceX is significantly undervalued in public markets because consensus estimates (~$73B revenue for next year) do not price in the optionality of a massive compute buildout that could reach 8 gigawatts of capacity. He notes SpaceX has demonstrated the ability to deploy compute faster and at lower cost than anyone except the hyperscalers, and is monetizing at roughly $50B per gigawatt, meaning even a fraction of the reported 8GW target would be transformative to the valuation. Baker is skeptical of the exact 8GW figure from the Funder AI Substack report but emphasizes that the market is focused on a bear case (spot inference prices down ~90%) while ignoring the supply-side buildout optionality entirely. He also flags the Star Cloud orbital compute partnership as an additional underappreciated call option on the business. The investment implication is that SpaceX shares (accessible only in private markets) are mispriced to the downside, with Grok 4.5 and the Cursor acquisition having materially improved fundamentals since IPO.",SPACEX,SPCX,OBVIOUS_UNIVERSE,LONG,True,,12.27,INSUFFICIENT_DATA,INSUFFICIENT_DATA,INSUFFICIENT_DATA,INSUFFICIENT_DATA,INSUFFICIENT_DATA,INSUFFICIENT_DATA,-4.38,INSUFFICIENT_DATA,INSUFFICIENT_DATA,INSUFFICIENT_DATA,INSUFFICIENT_DATA,INSUFFICIENT_DATA,INSUFFICIENT_DATA,16.65,INSUFFICIENT_DATA,INSUFFICIENT_DATA,INSUFFICIENT_DATA,INSUFFICIENT_DATA,INSUFFICIENT_DATA,INSUFFICIENT_DATA,-0.8,INSUFFICIENT_DATA,INSUFFICIENT_DATA,INSUFFICIENT_DATA,INSUFFICIENT_DATA,INSUFFICIENT_DATA,INSUFFICIENT_DATA,13.07,INSUFFICIENT_DATA,INSUFFICIENT_DATA,INSUFFICIENT_DATA,INSUFFICIENT_DATA,INSUFFICIENT_DATA,INSUFFICIENT_DATA
2026-08-14,Anthropic valuation / efficiency,5,5,TRUE,FALSE,FALSE,FALSE,FALSE,FALSE,FALSE,FALSE,FALSE,FALSE,FALSE,FALSE,,high_conviction,"All-In Podcast — Anthropic $2T IPO, Zuck's AI manifesto, Nvidia $500B AI financing, Grok 4.6 / SpaceX AI strategy","Anthropic 2027 exit ARR will be $400-500B, above Wall Street consensus by 25-30%","Baker argues that Anthropic's 2027 exit ARR will land in the $400–500B range, which he estimates is 25–30% above prevailing Wall Street consensus for the company. He frames this as a deliberate directional bet on the 'over,' grounded in his view that demand for Anthropic's frontier AI services is not the binding constraint — rather, physical compute capacity and energy availability are the primary limiters on how fast revenue can scale. The implication is that if those infrastructure constraints are relieved (through new datacenter builds, power agreements, or chip supply), Anthropic's revenue trajectory could surprise significantly to the upside. Baker's thesis is forward-looking into a pre-IPO company, making it an actionable view primarily for private market investors or those positioning around Anthropic's anticipated IPO, which the episode context suggests could occur around 2027.",ANTH,,NO_BASKET,LONG,False,,INSUFFICIENT_DATA,INSUFFICIENT_DATA,INSUFFICIENT_DATA,INSUFFICIENT_DATA,INSUFFICIENT_DATA,INSUFFICIENT_DATA,INSUFFICIENT_DATA,INSUFFICIENT_DATA,INSUFFICIENT_DATA,INSUFFICIENT_DATA,INSUFFICIENT_DATA,INSUFFICIENT_DATA,INSUFFICIENT_DATA,INSUFFICIENT_DATA,INSUFFICIENT_DATA,INSUFFICIENT_DATA,INSUFFICIENT_DATA,INSUFFICIENT_DATA,INSUFFICIENT_DATA,INSUFFICIENT_DATA,INSUFFICIENT_DATA,INSUFFICIENT_DATA,INSUFFICIENT_DATA,INSUFFICIENT_DATA,INSUFFICIENT_DATA,INSUFFICIENT_DATA,INSUFFICIENT_DATA,INSUFFICIENT_DATA,INSUFFICIENT_DATA,INSUFFICIENT_DATA,INSUFFICIENT_DATA,INSUFFICIENT_DATA,INSUFFICIENT_DATA,INSUFFICIENT_DATA,INSUFFICIENT_DATA
2026-08-14,Disaggregation prefill/decode,6,6,TRUE,FALSE,FALSE,FALSE,FALSE,FALSE,FALSE,FALSE,FALSE,FALSE,FALSE,FALSE,,high_conviction,"All-In Podcast — Anthropic $2T IPO, Zuck's AI manifesto, Nvidia $500B AI financing, Grok 4.6 / SpaceX AI strategy","GPU compute has a much longer useful life than bears assume — Ampere GPUs from 2020 are being rented profitably through 2029, implying 9-year asset lives","Baker argues that GPU compute assets have a far longer useful life than bears assume, citing the specific data point that CoreWeave is renting Ampere-generation GPUs (released in 2020) at economically profitable rates for 2029 delivery — implying a 9-year asset life. This directly validates Nvidia's residual value guarantee thesis, which underpins GPU-backed financing structures, and suggests the market has been too pessimistic about GPU depreciation curves. Baker draws an analogy to aircraft financing, arguing that GPU-backed debt should be underwritten with similar confidence to long-lived physical assets rather than treated as rapidly obsolete technology. The implication is that Nvidia's business model and CoreWeave's capital-intensive GPU leasing model are more durable than feared, and that GPU-backed financing vehicles are structurally sound investments. Baker also notes architectural diversity across Chinese open-source models (Qwen, Kimi, DeepSeek, GLM) as additional evidence that GPU flexibility extends asset longevity across diverse workloads.","NVDA, CRWV",NVDA,OBVIOUS_UNIVERSE,LONG,False,,INSUFFICIENT_DATA,INSUFFICIENT_DATA,INSUFFICIENT_DATA,INSUFFICIENT_DATA,INSUFFICIENT_DATA,INSUFFICIENT_DATA,INSUFFICIENT_DATA,INSUFFICIENT_DATA,INSUFFICIENT_DATA,INSUFFICIENT_DATA,INSUFFICIENT_DATA,INSUFFICIENT_DATA,INSUFFICIENT_DATA,INSUFFICIENT_DATA,INSUFFICIENT_DATA,INSUFFICIENT_DATA,INSUFFICIENT_DATA,INSUFFICIENT_DATA,INSUFFICIENT_DATA,INSUFFICIENT_DATA,INSUFFICIENT_DATA,INSUFFICIENT_DATA,INSUFFICIENT_DATA,INSUFFICIENT_DATA,INSUFFICIENT_DATA,INSUFFICIENT_DATA,INSUFFICIENT_DATA,INSUFFICIENT_DATA,INSUFFICIENT_DATA,INSUFFICIENT_DATA,INSUFFICIENT_DATA,INSUFFICIENT_DATA,INSUFFICIENT_DATA,INSUFFICIENT_DATA,INSUFFICIENT_DATA
2026-08-14,Open source AI bullish for hardware,3,3,TRUE,TRUE,FALSE,FALSE,FALSE,TRUE,TRUE,FALSE,FALSE,FALSE,FALSE,FALSE,"third_within_1yr, first_with_tickers",high_conviction,"All-In Podcast — Anthropic $2T IPO, Zuck's AI manifesto, Nvidia $500B AI financing, Grok 4.6 / SpaceX AI strategy","Open-source AI models make frontier tokens MORE valuable, not less — frontier intelligence can orchestrate open-source models, increasing its own value","Baker argues that the proliferation of open-source AI models does not commoditize frontier AI but instead amplifies its value, because frontier models (which he characterizes as '250 IQ') can orchestrate and delegate tasks to cheaper open-source models ('150 IQ'), making the frontier layer more economically indispensable. His core prediction is that frontier tokens will capture 65–85% of total AI economic value even though open-source tokens will represent roughly 80% of total volume — a structural split analogous to how a small number of elite professionals capture disproportionate economic rents. He uses the Manhattan Project as an analogy: Oppenheimer's productivity was multiplied, not diminished, by having a large pool of capable physicists to direct. The investment implication is that companies producing and monetizing frontier models — those at the absolute capability frontier — are structurally undervalued relative to fears about open-source commoditization. This thesis favors pure-play frontier model providers over open-source or commodity inference players.",ANTH,NVDA,OBVIOUS_UNIVERSE,LONG,False,,INSUFFICIENT_DATA,INSUFFICIENT_DATA,INSUFFICIENT_DATA,INSUFFICIENT_DATA,INSUFFICIENT_DATA,INSUFFICIENT_DATA,INSUFFICIENT_DATA,INSUFFICIENT_DATA,INSUFFICIENT_DATA,INSUFFICIENT_DATA,INSUFFICIENT_DATA,INSUFFICIENT_DATA,INSUFFICIENT_DATA,INSUFFICIENT_DATA,INSUFFICIENT_DATA,INSUFFICIENT_DATA,INSUFFICIENT_DATA,INSUFFICIENT_DATA,INSUFFICIENT_DATA,INSUFFICIENT_DATA,INSUFFICIENT_DATA,INSUFFICIENT_DATA,INSUFFICIENT_DATA,INSUFFICIENT_DATA,INSUFFICIENT_DATA,INSUFFICIENT_DATA,INSUFFICIENT_DATA,INSUFFICIENT_DATA,INSUFFICIENT_DATA,INSUFFICIENT_DATA,INSUFFICIENT_DATA,INSUFFICIENT_DATA,INSUFFICIENT_DATA,INSUFFICIENT_DATA,INSUFFICIENT_DATA
2026-08-14,SpaceX ecosystem / Starship economics,12,13,TRUE,FALSE,FALSE,FALSE,FALSE,FALSE,FALSE,FALSE,FALSE,FALSE,FALSE,FALSE,,high_conviction,"All-In Podcast — Anthropic $2T IPO, Zuck's AI manifesto, Nvidia $500B AI financing, Grok 4.6 / SpaceX AI strategy",Grok 4.6 is Pareto-dominant on quality/cost and represents a genuine third frontier lab — most investors are not pricing Grok into SpaceX valuation,"Baker argues that Grok 4.6, developed under the xAI/SpaceX umbrella, is Pareto-dominant on the quality-versus-cost frontier — outperforming Claude Fable 5 on quality at lower cost — and represents a genuine third frontier AI lab alongside OpenAI and Anthropic. He contends that virtually no SpaceX investors are pricing Grok's AI revenue potential into SpaceX's valuation, creating a significant mispricing opportunity. Baker draws an explicit analogy to Anthropic's revenue trajectory from $1B to $50B ARR, implying Grok could follow a similar monetization ramp, and notes that Grok 4.7 (a larger model with 1.5T+ parameters) is expected within weeks, which could further extend the quality lead. The investment implication is that investors evaluating SpaceX should materially increase the weight they assign to xAI/Grok as a revenue driver, and that the current market is undervaluing this optionality.",SpaceX,SPCX,OBVIOUS_UNIVERSE,LONG,True,,INSUFFICIENT_DATA,INSUFFICIENT_DATA,INSUFFICIENT_DATA,INSUFFICIENT_DATA,INSUFFICIENT_DATA,INSUFFICIENT_DATA,INSUFFICIENT_DATA,INSUFFICIENT_DATA,INSUFFICIENT_DATA,INSUFFICIENT_DATA,INSUFFICIENT_DATA,INSUFFICIENT_DATA,INSUFFICIENT_DATA,INSUFFICIENT_DATA,INSUFFICIENT_DATA,INSUFFICIENT_DATA,INSUFFICIENT_DATA,INSUFFICIENT_DATA,INSUFFICIENT_DATA,INSUFFICIENT_DATA,INSUFFICIENT_DATA,INSUFFICIENT_DATA,INSUFFICIENT_DATA,INSUFFICIENT_DATA,INSUFFICIENT_DATA,INSUFFICIENT_DATA,INSUFFICIENT_DATA,INSUFFICIENT_DATA,INSUFFICIENT_DATA,INSUFFICIENT_DATA,INSUFFICIENT_DATA,INSUFFICIENT_DATA,INSUFFICIENT_DATA,INSUFFICIENT_DATA,INSUFFICIENT_DATA
2026-08-14,xAI competitive position,9,9,TRUE,FALSE,FALSE,FALSE,FALSE,FALSE,FALSE,FALSE,FALSE,FALSE,FALSE,FALSE,,moderate,"All-In Podcast — Anthropic $2T IPO, Zuck's AI manifesto, Nvidia $500B AI financing, Grok 4.6 / SpaceX AI strategy","Grok 4.7 (larger model, weeks away) will be significantly more capable than 4.6 and could further close the gap with frontier labs","Baker argues that xAI's Grok 4.6, while already competitive, is a relatively small model at 1–1.5 trillion parameters, and that the forthcoming Grok 4.7 — a significantly larger model expected within weeks — represents a meaningful near-term catalyst for xAI's competitive positioning against frontier labs like Anthropic and OpenAI. He points to the model size increase as the primary driver of expected capability gains, drawing on the well-established scaling law relationship between parameter count and performance. Additionally, Baker highlights organizational tailwinds at SpaceX/xAI, including a management reshuffling that brings in SpaceX operational talent and the Cursor team, suggesting execution capacity is improving alongside model ambition. The investment implication is primarily relevant to SpaceX/xAI as a pre-IPO entity, with no directly tradeable US-listed equity as the clear beneficiary; investors would need to access this thesis via private markets or secondary vehicles.",SpaceX,,NO_BASKET,LONG,False,,INSUFFICIENT_DATA,INSUFFICIENT_DATA,INSUFFICIENT_DATA,INSUFFICIENT_DATA,INSUFFICIENT_DATA,INSUFFICIENT_DATA,INSUFFICIENT_DATA,INSUFFICIENT_DATA,INSUFFICIENT_DATA,INSUFFICIENT_DATA,INSUFFICIENT_DATA,INSUFFICIENT_DATA,INSUFFICIENT_DATA,INSUFFICIENT_DATA,INSUFFICIENT_DATA,INSUFFICIENT_DATA,INSUFFICIENT_DATA,INSUFFICIENT_DATA,INSUFFICIENT_DATA,INSUFFICIENT_DATA,INSUFFICIENT_DATA,INSUFFICIENT_DATA,INSUFFICIENT_DATA,INSUFFICIENT_DATA,INSUFFICIENT_DATA,INSUFFICIENT_DATA,INSUFFICIENT_DATA,INSUFFICIENT_DATA,INSUFFICIENT_DATA,INSUFFICIENT_DATA,INSUFFICIENT_DATA,INSUFFICIENT_DATA,INSUFFICIENT_DATA,INSUFFICIENT_DATA,INSUFFICIENT_DATA
2026-08-31,Nvidia GPU moat / CUDA ecosystem,9,9,TRUE,FALSE,FALSE,FALSE,FALSE,FALSE,FALSE,FALSE,FALSE,FALSE,FALSE,FALSE,,moderate,"a16z Podcast — AI demand outrunning compute supply; frontier-lab revenue is self-determined, reinvestment math, not necessarily winner-take-all","Nvidia is likely to release a competitive open-source frontier model, funded by its chip cash flows, potentially becoming the dominant American open-source model","Baker argues that Nvidia is likely to release a competitive open-source frontier model in the near future, funded by its massive chip cash flows, and that this model will probably become the dominant American open-source AI model. He points to Nvidia's acquisition of Poolside — a company with strong American open-source AI talent — as deliberate preparation for this move, and notes that Jensen Huang could trivially fund a $50–100B training run given Nvidia's revenue base. The strategic logic is self-reinforcing for Nvidia: open-source models compress token margins, which drives higher token consumption, which in turn increases demand for Nvidia compute. Baker also notes that Google may pursue a parallel strategy, funding open-source training runs using TPU cash flows to entrench its own hardware ecosystem. The investment implication is that Nvidia's dominance in AI compute is further reinforced regardless of whether open or closed models win, while Google's long-term positioning in AI infrastructure may be underappreciated.","NVDA, GOOGL",NVDA,BAKER_NAMED,LONG,False,,INSUFFICIENT_DATA,INSUFFICIENT_DATA,INSUFFICIENT_DATA,INSUFFICIENT_DATA,INSUFFICIENT_DATA,INSUFFICIENT_DATA,INSUFFICIENT_DATA,INSUFFICIENT_DATA,INSUFFICIENT_DATA,INSUFFICIENT_DATA,INSUFFICIENT_DATA,INSUFFICIENT_DATA,INSUFFICIENT_DATA,INSUFFICIENT_DATA,INSUFFICIENT_DATA,INSUFFICIENT_DATA,INSUFFICIENT_DATA,INSUFFICIENT_DATA,INSUFFICIENT_DATA,INSUFFICIENT_DATA,INSUFFICIENT_DATA,INSUFFICIENT_DATA,INSUFFICIENT_DATA,INSUFFICIENT_DATA,INSUFFICIENT_DATA,INSUFFICIENT_DATA,INSUFFICIENT_DATA,INSUFFICIENT_DATA,INSUFFICIENT_DATA,INSUFFICIENT_DATA,INSUFFICIENT_DATA,INSUFFICIENT_DATA,INSUFFICIENT_DATA,INSUFFICIENT_DATA,INSUFFICIENT_DATA
2026-08-31,SpaceX ecosystem / Starship economics,13,13,TRUE,FALSE,FALSE,FALSE,FALSE,FALSE,FALSE,FALSE,FALSE,FALSE,FALSE,FALSE,,high_conviction,"a16z Podcast — AI demand outrunning compute supply; frontier-lab revenue is self-determined, reinvestment math, not necessarily winner-take-all",SpaceX's decision to use Nvidia GPUs rather than build competing ASICs was a high-ELO strategic move that will prove wise,"Baker argues that SpaceX's decision to use Nvidia GPUs rather than develop competing custom ASICs was a strategically superior ('high ELO') move that will be vindicated over time. His reasoning centers on the compounding advantages of plugging into Nvidia's ecosystem in a supply-constrained environment: access to Nvidia's financing programs, supply chain priority, and revenue-volume guarantees (RVGs) outweigh any marginal performance gains from proprietary silicon. Baker contrasts this favorably against hyperscalers that built their own ASICs and at times antagonized Nvidia, suggesting those relationships carry hidden costs in a world where GPU supply is the binding constraint. He offers a rule of thumb that every 1% of accelerator market share is worth approximately $100 billion in value, underscoring why competing head-on with Nvidia is irrational for most players — the better strategy is to find a niche and leverage Nvidia's ecosystem. The investment implication is straightforwardly bullish on Nvidia as the dominant, entrenched platform whose ecosystem lock-in compounds with each supply-constrained cycle.","NVDA, SPACEX",SPCX,OBVIOUS_UNIVERSE,LONG,True,,INSUFFICIENT_DATA,INSUFFICIENT_DATA,INSUFFICIENT_DATA,INSUFFICIENT_DATA,INSUFFICIENT_DATA,INSUFFICIENT_DATA,INSUFFICIENT_DATA,INSUFFICIENT_DATA,INSUFFICIENT_DATA,INSUFFICIENT_DATA,INSUFFICIENT_DATA,INSUFFICIENT_DATA,INSUFFICIENT_DATA,INSUFFICIENT_DATA,INSUFFICIENT_DATA,INSUFFICIENT_DATA,INSUFFICIENT_DATA,INSUFFICIENT_DATA,INSUFFICIENT_DATA,INSUFFICIENT_DATA,INSUFFICIENT_DATA,INSUFFICIENT_DATA,INSUFFICIENT_DATA,INSUFFICIENT_DATA,INSUFFICIENT_DATA,INSUFFICIENT_DATA,INSUFFICIENT_DATA,INSUFFICIENT_DATA,INSUFFICIENT_DATA,INSUFFICIENT_DATA,INSUFFICIENT_DATA,INSUFFICIENT_DATA,INSUFFICIENT_DATA,INSUFFICIENT_DATA,INSUFFICIENT_DATA
2026-08-31,Stranded / behind-the-meter power,1,1,FALSE,FALSE,TRUE,TRUE,FALSE,FALSE,FALSE,FALSE,FALSE,FALSE,FALSE,FALSE,,high_conviction,"a16z Podcast — AI demand outrunning compute supply; frontier-lab revenue is self-determined, reinvestment math, not necessarily winner-take-all","Data center buildout is re-industrializing America and is net positive for working-class Americans, with behind-the-meter power generation transforming small towns' tax revenues by 10x","Baker argues that the AI-driven data center buildout is the single greatest economic development for working-class Americans in recent memory, citing surging wages for electricians, plumbers, and HVAC technicians to the point where college may now be NPV-negative relative to skilled trades. He uses Loudoun County, VA — the highest per-capita income county in the US and the highest data center density county in the US — as empirical proof that data center concentration drives broad local prosperity. A key structural driver is behind-the-meter power generation, which Baker claims can multiply a small town's tax revenues by roughly 10x, while dismissing water consumption concerns as debunked. He further notes that US natural gas at $2–3/MMBtu versus $20–25/MMBtu in Europe and Asia creates a durable manufacturing and energy cost advantage that underpins the US re-industrialization thesis. The investment implication is a structural long on US data center infrastructure, power generation, and the trades/construction ecosystem, though Baker does not name specific equity beneficiaries in this segment.",,CRSO,BAKER_NAMED,LONG,False,,INSUFFICIENT_DATA,INSUFFICIENT_DATA,INSUFFICIENT_DATA,INSUFFICIENT_DATA,INSUFFICIENT_DATA,INSUFFICIENT_DATA,INSUFFICIENT_DATA,INSUFFICIENT_DATA,INSUFFICIENT_DATA,INSUFFICIENT_DATA,INSUFFICIENT_DATA,INSUFFICIENT_DATA,INSUFFICIENT_DATA,INSUFFICIENT_DATA,INSUFFICIENT_DATA,INSUFFICIENT_DATA,INSUFFICIENT_DATA,INSUFFICIENT_DATA,INSUFFICIENT_DATA,INSUFFICIENT_DATA,INSUFFICIENT_DATA,INSUFFICIENT_DATA,INSUFFICIENT_DATA,INSUFFICIENT_DATA,INSUFFICIENT_DATA,INSUFFICIENT_DATA,INSUFFICIENT_DATA,INSUFFICIENT_DATA,INSUFFICIENT_DATA,INSUFFICIENT_DATA,INSUFFICIENT_DATA,INSUFFICIENT_DATA,INSUFFICIENT_DATA,INSUFFICIENT_DATA,INSUFFICIENT_DATA
2026-08-31,Trainium / Amazon custom silicon,5,5,TRUE,FALSE,FALSE,FALSE,FALSE,FALSE,FALSE,FALSE,FALSE,FALSE,FALSE,FALSE,,moderate,"a16z Podcast — AI demand outrunning compute supply; frontier-lab revenue is self-determined, reinvestment math, not necessarily winner-take-all","Jalapeno (Meta's internal ASIC) is the first genuinely competitive internal ASIC outside of TPU and Trainium, but it only competes with one of Nvidia's nine chips","Baker argues that Meta's internally developed ASIC, codenamed Jalapeno, represents a meaningful milestone as the first genuinely competitive internal chip he has seen outside of Google's TPU and Amazon's Trainium, achieved in a remarkably short development timeframe. He attributes this success to a structural advantage that vertically integrated labs possess: because they own the model and can see the direction of research, they have an inherent edge in designing chips optimized for their own workloads. However, Baker immediately contextualizes the achievement by noting that competing with Nvidia at the full system level requires not just one chip but nine distinct chips working together, and Jalapeno only addresses one of those nine. The investment implication is nuanced: while Meta's chip progress is real and could reduce its dependence on Nvidia over time, the scope of Nvidia's system-level moat remains vast, and Jalapeno does not represent an imminent threat to Nvidia's dominance across the full datacenter stack. Baker's framing suggests Nvidia's competitive position is more durable than a single-chip comparison would imply, making this a moderately bullish signal for Nvidia's medium-term moat and a cautiously positive data point for Meta's long-term capex efficiency.","META, NVDA",AMZN,BAKER_NAMED,LONG,False,,INSUFFICIENT_DATA,INSUFFICIENT_DATA,INSUFFICIENT_DATA,INSUFFICIENT_DATA,INSUFFICIENT_DATA,INSUFFICIENT_DATA,INSUFFICIENT_DATA,INSUFFICIENT_DATA,INSUFFICIENT_DATA,INSUFFICIENT_DATA,INSUFFICIENT_DATA,INSUFFICIENT_DATA,INSUFFICIENT_DATA,INSUFFICIENT_DATA,INSUFFICIENT_DATA,INSUFFICIENT_DATA,INSUFFICIENT_DATA,INSUFFICIENT_DATA,INSUFFICIENT_DATA,INSUFFICIENT_DATA,INSUFFICIENT_DATA,INSUFFICIENT_DATA,INSUFFICIENT_DATA,INSUFFICIENT_DATA,INSUFFICIENT_DATA,INSUFFICIENT_DATA,INSUFFICIENT_DATA,INSUFFICIENT_DATA,INSUFFICIENT_DATA,INSUFFICIENT_DATA,INSUFFICIENT_DATA,INSUFFICIENT_DATA,INSUFFICIENT_DATA,INSUFFICIENT_DATA,INSUFFICIENT_DATA
