date,theme,event_type,confidence,mention_number,total_theme_mentions,source,summary,summary_extended,tickers_direct,resolved_basket,basket_source,basket_direction,basket_asterisk,override_note,is_derisk_signal,is_thesis_reversal,is_thesis_close,exclude_from_long_stats,ret_1m,ret_1q,ret_1y,ret_2y,smh_1m,smh_1q,smh_1y,smh_2y,excess_1m,excess_1q,excess_1y,excess_2y
2019-11-26,Intel recovery / foundry failure,FIRST_MENTION_AND_HC,high_conviction,1,3,Invest Like the Best — Tech and consumer growth investing (EP.149),Intel's loss of semiconductor manufacturing leadership to TSMC in 2018 was a structural inflection point creating a 20-30% competitiveness swing for fabless chip designers.,"Baker argues that TSMC's achievement of the 7nm node ahead of Intel in 2018 was a structural inflection point in semiconductor manufacturing, representing one of only two truly important technology events that year. Specifically, TSMC's 7nm is equivalent to Intel's 10nm, meaning that for the first time in decades, fabless chip designers gained a meaningful process technology advantage over Intel rather than being disadvantaged. Baker quantifies this as a 10-15% embedded performance/efficiency advantage for fabless designers, which translates to a 20-30% total competitiveness swing against Intel when accounting for both sides of the gap. The investment implication is that fabless semiconductor companies — those designing chips manufactured by TSMC — now have a durable structural cost and performance edge over Intel's integrated device model, benefiting companies like Apple whose custom silicon is manufactured at TSMC. Baker presents this as a long-term structural shift rather than a cyclical event, suggesting sustained headwinds for Intel and tailwinds for TSMC and its major fabless customers.","INTC, TSM, AAPL",,NO_BASKET,LONG,False,"Intel mention 1 (2019-11-26) is a TSMC-beat-Intel structural observation, not an Intel long -> NO_BASKET. Mentions 2/3 keep INTC LONG (default).",,,,,NO_BASKET,NO_BASKET,NO_BASKET,NO_BASKET,-3.61,-20.98,52.02,116.07,NO_BASKET,NO_BASKET,NO_BASKET,NO_BASKET
2019-11-26,Intel recovery / foundry failure,FIRST_MENTION_WITH_TICKERS,high_conviction,1,3,Invest Like the Best — Tech and consumer growth investing (EP.149),Intel's loss of semiconductor manufacturing leadership to TSMC in 2018 was a structural inflection point creating a 20-30% competitiveness swing for fabless chip designers.,"Baker argues that TSMC's achievement of the 7nm node ahead of Intel in 2018 was a structural inflection point in semiconductor manufacturing, representing one of only two truly important technology events that year. Specifically, TSMC's 7nm is equivalent to Intel's 10nm, meaning that for the first time in decades, fabless chip designers gained a meaningful process technology advantage over Intel rather than being disadvantaged. Baker quantifies this as a 10-15% embedded performance/efficiency advantage for fabless designers, which translates to a 20-30% total competitiveness swing against Intel when accounting for both sides of the gap. The investment implication is that fabless semiconductor companies — those designing chips manufactured by TSMC — now have a durable structural cost and performance edge over Intel's integrated device model, benefiting companies like Apple whose custom silicon is manufactured at TSMC. Baker presents this as a long-term structural shift rather than a cyclical event, suggesting sustained headwinds for Intel and tailwinds for TSMC and its major fabless customers.","INTC, TSM, AAPL",,NO_BASKET,LONG,False,"Intel mention 1 (2019-11-26) is a TSMC-beat-Intel structural observation, not an Intel long -> NO_BASKET. Mentions 2/3 keep INTC LONG (default).",,,,,NO_BASKET,NO_BASKET,NO_BASKET,NO_BASKET,-3.61,-20.98,52.02,116.07,NO_BASKET,NO_BASKET,NO_BASKET,NO_BASKET
2019-11-26,Metaverse / gaming as platform,FIRST_MENTION_AND_HC,high_conviction,1,5,Invest Like the Best — Tech and consumer growth investing (EP.149),Video games are not hit-driven businesses; they are social networks with highly persistent franchise value.,"Baker argues that the public markets fundamentally misunderstand video games as hit-driven businesses, when in reality they function as social networks with durable, persistent franchise value. His evidence is 20 years of sales data showing Call of Duty has been the best-selling game nearly every year except when Rockstar releases a title, with franchises like Assassin's Creed and Battlefield consistently appearing in top 5 or top 10 lists year after year. The mechanism driving this persistence is social network effects: friend groups coalesce around specific games, creating high switching costs that make it extremely difficult for new titles to displace incumbents. The investment implication is that the market systematically undervalues the recurring earnings power of established gaming franchises and the companies that own them, suggesting long-term ownership of major franchise holders is warranted. Baker views this as a core misperception he has high conviction correcting, implying that companies like Activision Blizzard (Call of Duty), Ubisoft (Assassin's Creed), and EA (Battlefield) are structurally undervalued by markets that price them as hit-dependent rather than network-effect businesses.","ATVI, EA, TTWO","ATVI, EA, TTWO",BAKER_NAMED,LONG,False,"All mentions. RBLX removed — not public until 2021-03-10, cannot anchor 2020 returns.",,,,,-0.34,-1.06,54.51,27.99,-3.61,-20.98,52.02,116.07,3.27,19.92,2.49,-88.08
2019-11-26,Metaverse / gaming as platform,FIRST_MENTION_WITH_TICKERS,high_conviction,1,5,Invest Like the Best — Tech and consumer growth investing (EP.149),Video games are not hit-driven businesses; they are social networks with highly persistent franchise value.,"Baker argues that the public markets fundamentally misunderstand video games as hit-driven businesses, when in reality they function as social networks with durable, persistent franchise value. His evidence is 20 years of sales data showing Call of Duty has been the best-selling game nearly every year except when Rockstar releases a title, with franchises like Assassin's Creed and Battlefield consistently appearing in top 5 or top 10 lists year after year. The mechanism driving this persistence is social network effects: friend groups coalesce around specific games, creating high switching costs that make it extremely difficult for new titles to displace incumbents. The investment implication is that the market systematically undervalues the recurring earnings power of established gaming franchises and the companies that own them, suggesting long-term ownership of major franchise holders is warranted. Baker views this as a core misperception he has high conviction correcting, implying that companies like Activision Blizzard (Call of Duty), Ubisoft (Assassin's Creed), and EA (Battlefield) are structurally undervalued by markets that price them as hit-dependent rather than network-effect businesses.","ATVI, EA, TTWO","ATVI, EA, TTWO",BAKER_NAMED,LONG,False,"All mentions. RBLX removed — not public until 2021-03-10, cannot anchor 2020 returns.",,,,,-0.34,-1.06,54.51,27.99,-3.61,-20.98,52.02,116.07,3.27,19.92,2.49,-88.08
2020-04-02,SPAC structural analysis,FIRST_MENTION,moderate,1,3,Invest Like the Best — Investing through a bear market (EP.167),Space-as-a-service / co-working model faces structural challenge post-COVID due to density and health concerns,"Baker argues that the co-working / space-as-a-service model exemplified by WeWork faces a fundamental structural challenge in a post-COVID world, because its core value proposition — packing more people into smaller spaces with shared common areas (what Baker likens to the Ian Schrager hotel aesthetic) — is directly at odds with post-pandemic priorities around health monitoring, temperature screening, and population density control. He acknowledges that WeWork was genuinely valued by corporate real estate heads for its flexibility in managing branch office footprints, so the demand for flexible office space itself is not dead, but the specific high-density execution model must change materially. Baker suggests one possible adaptation path is for WeWork to reinvent itself as a thought leader in health and safety protocols for office environments, though he expresses uncertainty about whether the company can successfully pivot. The investment implication is broadly negative for the high-density co-working model as currently constructed, though Baker stops short of a specific directional trade given WeWork's private status at the time and the uncertainty around adaptation.",,,NO_BASKET,MIXED,False,,,,,,NO_BASKET,NO_BASKET,NO_BASKET,NO_BASKET,12.69,34.14,126.49,135.02,NO_BASKET,NO_BASKET,NO_BASKET,NO_BASKET
2020-04-02,Target / omnichannel retail,FIRST_MENTION_AND_HC,high_conviction,1,3,Invest Like the Best — Investing through a bear market (EP.167),"Omnichannel physical retailers (Walmart, Target, Costco, Kroger) are the biggest e-commerce beneficiaries of COVID","Baker argues that large omnichannel physical retailers — specifically Walmart, Target, Costco, and Kroger — are the primary e-commerce beneficiaries of COVID-19, not pure-play e-commerce companies. His reasoning is that these retailers are compressing what would normally be 12-18 months of e-commerce capital expenditure and capability-building into just a few months, permanently resolving internal debates about digital investment in favor of going all-in. When physical stores eventually reopen, these retailers will face a structurally less competitive landscape because smaller rivals will have gone bankrupt during the crisis, further entrenching their market positions. Baker views this as a medium-term structural shift where the crisis has functioned as a forced accelerant, giving these incumbents durable e-commerce muscle and competitive moat that would have taken years to build organically.","WMT, TGT, COST, KR","WMT, TGT, COST, KR",BAKER_NAMED,LONG,False,v4 review (CHANGE). Named all four,,,,,7.57,9.87,46.95,89.25,12.69,34.14,126.49,135.02,-5.12,-24.27,-79.54,-45.77
2020-04-02,Target / omnichannel retail,FIRST_MENTION_WITH_TICKERS,high_conviction,1,3,Invest Like the Best — Investing through a bear market (EP.167),"Omnichannel physical retailers (Walmart, Target, Costco, Kroger) are the biggest e-commerce beneficiaries of COVID","Baker argues that large omnichannel physical retailers — specifically Walmart, Target, Costco, and Kroger — are the primary e-commerce beneficiaries of COVID-19, not pure-play e-commerce companies. His reasoning is that these retailers are compressing what would normally be 12-18 months of e-commerce capital expenditure and capability-building into just a few months, permanently resolving internal debates about digital investment in favor of going all-in. When physical stores eventually reopen, these retailers will face a structurally less competitive landscape because smaller rivals will have gone bankrupt during the crisis, further entrenching their market positions. Baker views this as a medium-term structural shift where the crisis has functioned as a forced accelerant, giving these incumbents durable e-commerce muscle and competitive moat that would have taken years to build organically.","WMT, TGT, COST, KR","WMT, TGT, COST, KR",BAKER_NAMED,LONG,False,v4 review (CHANGE). Named all four,,,,,7.57,9.87,46.95,89.25,12.69,34.14,126.49,135.02,-5.12,-24.27,-79.54,-45.77
2020-05-07,Metaverse / gaming as platform,THIRD_MENTION_WITHIN_1YR,high_conviction,3,5,"Columbia SIMA — COVID-19 market impact, technology investing, video games, venture capital",Video games are social networks and will be the foundational platform layer for the personal Metaverse,"Baker argues that video games are fundamentally social networks — not merely entertainment — because players engage with friends, switching costs are high, and the social graph is embedded in the platform itself. He identifies the Marshmallow concert in Fortnite as the inflection point that crystallized his view that games, not VR hardware like Oculus, will be the foundational platform layer for the personal Metaverse. The investment implication is that existing game IP owners and publishers are the clearest first-order winners because they already own the social graphs, content libraries, and virtual economies that will underpin the Metaverse. Baker frames this as a structural, multi-decade thesis with high conviction, suggesting long positions in major game publishers with established live-service franchises and large player bases. No specific valuation targets or timeframes were cited, but the thesis is explicitly long-term and contrarian relative to the VR-hardware-centric Metaverse narrative dominant at the time.","ATVI, EA, TTWO, EPIC","ATVI, EA, TTWO",BAKER_NAMED,LONG,False,"All mentions. RBLX removed — not public until 2021-03-10, cannot anchor 2020 returns.",,,,,1.25,27.44,28.21,-1.39,14.25,28.7,84.09,76.77,-13.0,-1.26,-55.88,-78.16
2020-05-07,Power / watts as binding constraint,FIRST_MENTION,moderate,1,6,"Columbia SIMA — COVID-19 market impact, technology investing, video games, venture capital","Edge computing will proliferate into retail stores and restaurants, driven by AI-powered in-store experiences requiring local compute that cannot be served from the cloud due to latency constraints","Baker argues that Amazon Go-style frictionless retail stores — featuring facial recognition, personalized advertising, and automated checkout — will become ubiquitous within 5-10 years, creating massive demand for edge computing infrastructure. The core reasoning is that the physics of latency make cloud-only solutions unworkable for real-time in-store AI applications, necessitating significant local compute (he specifically cites NVIDIA GPU clusters deployed inside individual stores). He envisions a hierarchical compute architecture flowing from large core data centers to regional nodes to edge compute embedded in every retail location, representing a structural build-out of distributed AI infrastructure. The investment implication is that companies supplying the GPU hardware for these in-store deployments stand to benefit most directly, while the Amazon Go concept itself validates the demand thesis. Baker frames this as a speculative long-term view he is actively thinking through rather than a current portfolio position, so no near-term catalyst is identified.","AMZN, NVDA",,NO_BASKET,LONG,False,2020-05-07 edge-computing-in-retail thesis is misclustered into power -> NO_BASKET. Only that row.,,,,,NO_BASKET,NO_BASKET,NO_BASKET,NO_BASKET,14.25,28.7,84.09,76.77,NO_BASKET,NO_BASKET,NO_BASKET,NO_BASKET
2020-05-07,Power / watts as binding constraint,FIRST_MENTION_WITH_TICKERS,moderate,1,6,"Columbia SIMA — COVID-19 market impact, technology investing, video games, venture capital","Edge computing will proliferate into retail stores and restaurants, driven by AI-powered in-store experiences requiring local compute that cannot be served from the cloud due to latency constraints","Baker argues that Amazon Go-style frictionless retail stores — featuring facial recognition, personalized advertising, and automated checkout — will become ubiquitous within 5-10 years, creating massive demand for edge computing infrastructure. The core reasoning is that the physics of latency make cloud-only solutions unworkable for real-time in-store AI applications, necessitating significant local compute (he specifically cites NVIDIA GPU clusters deployed inside individual stores). He envisions a hierarchical compute architecture flowing from large core data centers to regional nodes to edge compute embedded in every retail location, representing a structural build-out of distributed AI infrastructure. The investment implication is that companies supplying the GPU hardware for these in-store deployments stand to benefit most directly, while the Amazon Go concept itself validates the demand thesis. Baker frames this as a speculative long-term view he is actively thinking through rather than a current portfolio position, so no near-term catalyst is identified.","AMZN, NVDA",,NO_BASKET,LONG,False,2020-05-07 edge-computing-in-retail thesis is misclustered into power -> NO_BASKET. Only that row.,,,,,NO_BASKET,NO_BASKET,NO_BASKET,NO_BASKET,14.25,28.7,84.09,76.77,NO_BASKET,NO_BASKET,NO_BASKET,NO_BASKET
2020-07-27,ASML / semcap equipment criticality,FIRST_MENTION_AND_HC,high_conviction,1,2,Koyfin Investing Wizards — AI tailwind for semiconductors,ASML is the single most critical company in the semiconductor supply chain; continued EUV progress is essential to sustaining Moore's Law and all downstream AI compute scaling,"Baker argues that ASML is the single most important company on the planet because its EUV lithography technology is the irreplaceable enabler of continued Moore's Law scaling — without it, semiconductor density improvements halt entirely. He contends that humanity requires another 5-7x turns of Moore's Law to unlock transformative breakthroughs in areas like healthcare and materials science, making ASML's continued EUV progress existential for technological advancement. As concrete evidence of ASML's leverage, Baker cites Intel's failure to adopt EUV early as the direct cause of Intel losing a 50-year semiconductor manufacturing leadership position, illustrating the catastrophic cost of being on the wrong side of ASML's technology roadmap. The investment implication is a high-conviction, long-term long in ASML as the single most critical chokepoint in the global semiconductor supply chain and, by extension, all AI compute scaling.",ASML,ASML,BAKER_NAMED,LONG,False,,,,,,-0.25,-0.84,96.62,45.4,5.12,10.92,53.26,41.8,-5.37,-11.76,43.36,3.6
2020-07-27,ASML / semcap equipment criticality,FIRST_MENTION_WITH_TICKERS,high_conviction,1,2,Koyfin Investing Wizards — AI tailwind for semiconductors,ASML is the single most critical company in the semiconductor supply chain; continued EUV progress is essential to sustaining Moore's Law and all downstream AI compute scaling,"Baker argues that ASML is the single most important company on the planet because its EUV lithography technology is the irreplaceable enabler of continued Moore's Law scaling — without it, semiconductor density improvements halt entirely. He contends that humanity requires another 5-7x turns of Moore's Law to unlock transformative breakthroughs in areas like healthcare and materials science, making ASML's continued EUV progress existential for technological advancement. As concrete evidence of ASML's leverage, Baker cites Intel's failure to adopt EUV early as the direct cause of Intel losing a 50-year semiconductor manufacturing leadership position, illustrating the catastrophic cost of being on the wrong side of ASML's technology roadmap. The investment implication is a high-conviction, long-term long in ASML as the single most critical chokepoint in the global semiconductor supply chain and, by extension, all AI compute scaling.",ASML,ASML,BAKER_NAMED,LONG,False,,,,,,-0.25,-0.84,96.62,45.4,5.12,10.92,53.26,41.8,-5.37,-11.76,43.36,3.6
2020-07-27,Broad AI bullish / early innings,FIRST_MENTION_AND_HC,high_conviction,1,9,Koyfin Investing Wizards — AI tailwind for semiconductors,"AI has dramatically higher semiconductor intensity than human-written software, driving a multi-decade structural demand uplift for the entire semiconductor industry","Baker argues that AI software has dramatically higher semiconductor intensity than human-written software — approximately 6x more memory consumption and significantly more compute, networking, and storage requirements per unit of workload. As AI progressively displaces human-written software over a 10-30 year horizon, he believes the semiconductor industry's share of global GDP should rise by 4-6x, representing one of the most important structural investment themes of the coming decades. The investment implication is broad and sector-wide: virtually every segment of the semiconductor supply chain — logic, memory, networking, capital equipment — stands to benefit from this secular demand uplift. Baker frames this not as a cyclical trade but as a foundational structural view underpinning all of his semiconductor investments, with the magnitude of uplift (4-6x semiconductor intensity) providing a quantitative anchor for long-duration positioning across the space.",,,NO_BASKET,,False,"Never-a-trade theme: macro commentary regardless of mention number, NO_BASKET for all mentions (operator 2026-07-16).",,,,,NO_BASKET,NO_BASKET,NO_BASKET,NO_BASKET,5.12,10.92,53.26,41.8,NO_BASKET,NO_BASKET,NO_BASKET,NO_BASKET
2020-07-27,Broad AI bullish / early innings,FIRST_MENTION_WITH_TICKERS,high_conviction,1,9,Koyfin Investing Wizards — AI tailwind for semiconductors,"The semiconductor industry is entering a positive demand supercycle from AI intensity, following two prior negative demand shocks (smartphone replacing PC; cloud/virtualization increasing utilization), in a now highly consolidated market structure","Baker argues that the semiconductor industry is entering a structural, multi-decade positive demand supercycle driven by AI intensity, and that this cycle is uniquely powerful because it arrives into a market that has already absorbed two prior negative demand shocks. The first shock was smartphones displacing PCs, which reduced semiconductor dollar content per device; the second was cloud computing and virtualization, which increased utilization of existing infrastructure and suppressed incremental demand. Now that both headwinds have been fully absorbed, the AI-driven demand surge is hitting markets — spanning memory, CPUs, GPUs, FPGAs, networking, and equipment — that have consolidated into near-duopoly or monopoly structures with very high barriers to entry, meaning pricing power and margin expansion should accompany volume growth. Baker frames this as his single most exciting investment theme, implying broad long exposure across the consolidated semiconductor ecosystem rather than any single name.",XLNX,,NO_BASKET,,False,"Never-a-trade theme: macro commentary regardless of mention number, NO_BASKET for all mentions (operator 2026-07-16).",,,,,NO_BASKET,NO_BASKET,NO_BASKET,NO_BASKET,5.12,10.92,53.26,41.8,NO_BASKET,NO_BASKET,NO_BASKET,NO_BASKET
2020-07-27,Intel recovery / foundry failure,THESIS_REVERSAL,high_conviction,2,3,Koyfin Investing Wizards — AI tailwind for semiconductors,Intel faces a structural competitive crisis having lost its 50-year manufacturing lead due to the EUV bet and process execution failures; recovery depends on 10nm server CPU execution in late 2020,"Baker argues that Intel has suffered a structural, potentially irreversible loss of its 50-year manufacturing leadership due to two compounding failures: its decision not to adopt ASML's EUV lithography tools and its over-targeting of transistor density at the 10nm node, which caused severe yield problems. Historically, Intel maintained a 9-18 month process node lead over all competitors — a massive embedded competitive moat — but TSMC has now surpassed it, with Intel's 10nm roughly equivalent to TSMC's 7nm in real-world performance. Baker frames the near-term binary test as whether Intel can successfully yield large server CPU dies on its 10nm process by end of 2020; failure would further cement AMD's data center CPU advantage and accelerate ARM-based competition in the server market. The investment implication is bearish on Intel and bullish on AMD as the primary x86 beneficiary of Intel's execution failures, with TSMC as the foundry winner capturing share Intel cannot manufacture itself. Baker uses Arnold Toynbee's framing — 'empires are hard won and easily lost' — to underscore that Intel's structural disadvantage may not be recoverable on a short timeline.","INTC, AMD, TSM",INTC,BAKER_NAMED,SHORT,False,v4 review (STEVE). Steve: short INTC,,,,,-0.39,2.1,-10.13,14.36,5.12,10.92,53.26,41.8,-5.51,-8.81,-63.39,-27.44
2020-07-27,Nvidia GPU moat / CUDA ecosystem,FIRST_MENTION_AND_HC,high_conviction,1,9,Koyfin Investing Wizards — AI tailwind for semiconductors,"Nvidia holds a durable leadership position in AI training GPUs, protected by CUDA software ecosystem and the historical pattern of digital processor market incumbents never being unseated","Baker argues that Nvidia holds a structurally durable leadership position in AI training GPUs, grounded in a historical observation that incumbents in digital processor markets have never been displaced — citing Intel in x86 CPUs, Qualcomm in basebands, and Nvidia in GPUs as examples of this pattern. The core moat, which Baker terms 'exorbitant privilege,' stems from the CUDA software ecosystem: as developers optimize code libraries for Nvidia's architecture, switching costs compound over time and make alternative architectures increasingly uncompetitive regardless of raw hardware performance. Baker notes that despite approximately $2.5B in cumulative VC-funded competition targeting Nvidia's AI training dominance, Nvidia itself spends roughly $2B per two-year architecture cycle, meaning challengers must match both the ecosystem depth and the relentless pace of architectural investment simultaneously. The investment implication is a high-conviction long on NVDA, with the structural view suggesting that competitive threats from startups or established players like AMD are unlikely to unseat Nvidia's position in AI training, consistent with the historical pattern Baker identifies.",NVDA,NVDA,BAKER_NAMED,LONG,False,,,,,,22.34,30.44,84.53,71.02,5.12,10.92,53.26,41.8,17.22,19.53,31.27,29.22
2020-07-27,Nvidia GPU moat / CUDA ecosystem,FIRST_MENTION_WITH_TICKERS,high_conviction,1,9,Koyfin Investing Wizards — AI tailwind for semiconductors,"Nvidia holds a durable leadership position in AI training GPUs, protected by CUDA software ecosystem and the historical pattern of digital processor market incumbents never being unseated","Baker argues that Nvidia holds a structurally durable leadership position in AI training GPUs, grounded in a historical observation that incumbents in digital processor markets have never been displaced — citing Intel in x86 CPUs, Qualcomm in basebands, and Nvidia in GPUs as examples of this pattern. The core moat, which Baker terms 'exorbitant privilege,' stems from the CUDA software ecosystem: as developers optimize code libraries for Nvidia's architecture, switching costs compound over time and make alternative architectures increasingly uncompetitive regardless of raw hardware performance. Baker notes that despite approximately $2.5B in cumulative VC-funded competition targeting Nvidia's AI training dominance, Nvidia itself spends roughly $2B per two-year architecture cycle, meaning challengers must match both the ecosystem depth and the relentless pace of architectural investment simultaneously. The investment implication is a high-conviction long on NVDA, with the structural view suggesting that competitive threats from startups or established players like AMD are unlikely to unseat Nvidia's position in AI training, consistent with the historical pattern Baker identifies.",NVDA,NVDA,BAKER_NAMED,LONG,False,,,,,,22.34,30.44,84.53,71.02,5.12,10.92,53.26,41.8,17.22,19.53,31.27,29.22
2020-11-15,Target / omnichannel retail,HC_HIGH_PROFILE_VENUE,high_conviction,2,3,Sohn Australia 2020 — Omnichannel / tech,Target is among the fastest-growing e-commerce companies in North America and is materially undervalued by consensus,"Baker pitches Target (TGT) as his Sohn Australia 2020 idea, arguing the market is materially undervaluing the company's e-commerce transformation. Target grew digital revenue 194% year-over-year in the July 2020 quarter, reaching a $15.6B annualized run-rate, and Baker draws an explicit parallel to Amazon's early S-curve growth trajectory as evidence that the acceleration is structural rather than pandemic-driven. Despite this growth profile, the stock traded at only 15x FY23 consensus earnings, which Baker argues reflects a consensus that is 'materially too low' because analysts are not properly crediting Target's omnichannel model — where physical stores function as fulfillment hubs — as a durable competitive advantage. The investment implication is a long position in TGT with a medium-term horizon, predicated on earnings estimates being revised significantly higher as the e-commerce flywheel compounds.",TGT,TGT,BAKER_NAMED,LONG,False,,,,,,4.37,16.77,64.16,-2.16,8.05,24.04,52.05,9.15,-3.68,-7.27,12.11,-11.31
2021-08-09,SPAC structural analysis,FIRST_HC_NOT_FIRST_MENTION,high_conviction,2,3,"CNBC Sharpe Angle — SPAC market structure, PIPE financing dynamics, retail investor trends",PIPE investors have gained structural negotiating leverage and are extracting preferential terms from SPAC sponsors,"Baker argues that PIPE investors have gained significant structural negotiating leverage in the SPAC ecosystem as of mid-2021, fundamentally shifting the power dynamic between sponsors, targets, and capital providers. As SPACs became increasingly reliant on PIPE financing to remain competitive with traditional IPOs and direct listings — particularly for larger deals — PIPE investors began using their indispensable role to extract preferential terms. Baker observes it is now increasingly common for PIPE investors to renegotiate the valuation that the SPAC sponsor had already agreed upon with the target company, effectively inserting a new pricing layer into the deal process. Additionally, structured equity instruments combining common and preferred shares are being deployed to bridge valuation gaps and get deals done — a phenomenon Baker notes he is witnessing for the first time in the SPAC context. The investment implication is cautionary: SPAC deal economics are becoming more complex and less favorable to retail investors and target companies, suggesting deteriorating quality in the SPAC pipeline and potential headwinds for the broader SPAC market structure.",,,NO_BASKET,MIXED,False,,,,,,NO_BASKET,NO_BASKET,NO_BASKET,NO_BASKET,0.51,10.77,-13.87,13.9,NO_BASKET,NO_BASKET,NO_BASKET,NO_BASKET
2021-11-01,DISH / 5G bearish,FIRST_MENTION_AND_HC,high_conviction,1,2,"Graham & Doddsville (Columbia Business School) — Investor interview with Gavin Baker, CIO of Atreides Management (Issue 43, Fall 2021)",5G is not a meaningful enabler of new use cases and represents a cost treadmill for incumbents,"Baker argues that 5G is fundamentally different from prior generational wireless upgrades in that it enables no new 'killer application' — unlike 3G, which enabled the mobile internet and app ecosystems, and 4G, which enabled streaming services like Spotify and Netflix. He states flatly that '5G changes nothing at all,' characterizing it as a cost treadmill rather than a revenue opportunity: carriers must spend heavily on spectrum and infrastructure simply to maintain competitive position, not to unlock new monetizable use cases. At best, 5G marginally enables IoT deployments and allows mobile operators to compete at the margin with fixed-line broadband providers, neither of which represents a transformative revenue driver. The investment implication is structurally bearish on incumbent mobile operators, who face sustained elevated capex without a corresponding uplift in ARPU or addressable market, compressing long-term returns on invested capital.","T, VZ, TMUS","T, VZ, TMUS",OBVIOUS_UNIVERSE,SHORT,False,All mentions. He named the incumbents (T/VZ/TMUS) as 5G cost-treadmill victims -> SHORT.,,,,,8.76,1.63,-2.92,0.89,9.77,0.46,-30.79,7.34,-1.01,1.17,27.87,-6.46
2021-11-01,DISH / 5G bearish,FIRST_MENTION_WITH_TICKERS,high_conviction,1,2,"Graham & Doddsville (Columbia Business School) — Investor interview with Gavin Baker, CIO of Atreides Management (Issue 43, Fall 2021)",5G is not a meaningful enabler of new use cases and represents a cost treadmill for incumbents,"Baker argues that 5G is fundamentally different from prior generational wireless upgrades in that it enables no new 'killer application' — unlike 3G, which enabled the mobile internet and app ecosystems, and 4G, which enabled streaming services like Spotify and Netflix. He states flatly that '5G changes nothing at all,' characterizing it as a cost treadmill rather than a revenue opportunity: carriers must spend heavily on spectrum and infrastructure simply to maintain competitive position, not to unlock new monetizable use cases. At best, 5G marginally enables IoT deployments and allows mobile operators to compete at the margin with fixed-line broadband providers, neither of which represents a transformative revenue driver. The investment implication is structurally bearish on incumbent mobile operators, who face sustained elevated capex without a corresponding uplift in ARPU or addressable market, compressing long-term returns on invested capital.","T, VZ, TMUS","T, VZ, TMUS",OBVIOUS_UNIVERSE,SHORT,False,All mentions. He named the incumbents (T/VZ/TMUS) as 5G cost-treadmill victims -> SHORT.,,,,,8.76,1.63,-2.92,0.89,9.77,0.46,-30.79,7.34,-1.01,1.17,27.87,-6.46
2021-11-01,SpaceX ecosystem / Starship economics,FIRST_MENTION,moderate,1,13,"Graham & Doddsville (Columbia Business School) — Investor interview with Gavin Baker, CIO of Atreides Management (Issue 43, Fall 2021)",Starlink is a significant disruptor to leveraged telecom and broadband companies globally,"Baker argues that Starlink represents a major structural disruption to telecom and broadband companies globally, particularly those carrying significant leverage on their balance sheets. His thesis is that low-earth-orbit satellite broadband fundamentally undermines the competitive moat of fixed-line and rural broadband providers who have historically faced little competition, and that companies with high debt loads will be least able to respond or adapt. He developed this view during his crossover investing work in 2019-2020, citing publicly available information from SpaceX's Twitter presence and the SpaceX subreddit as sufficient to form the thesis. The investment implication is bearish on leveraged fixed-line, rural broadband, and legacy satellite broadband incumbents — companies like ViaSat and Hughes Network Systems parent EchoStar face direct service substitution, while heavily indebted wireline carriers face long-term subscriber erosion. Baker does not name specific short targets but frames this as a global, long-duration disruption thesis with the most acute risk concentrated in high-leverage operators.","VSAT, SATS, LUMN","VSAT, SATS, LUMN",BAKER_NAMED,SHORT,True,Nov-2021 Starlink-disruption thesis names VSAT/SATS/LUMN as victims. Only this SpaceX row; others keep retail proxy / NO_BASKET.,,,,,7.55,7.73,29.81,66.79,9.77,0.46,-30.79,7.34,-2.22,7.27,60.6,59.45
2021-11-01,SpaceX ecosystem / Starship economics,FIRST_MENTION_WITH_TICKERS,moderate,1,13,"Graham & Doddsville (Columbia Business School) — Investor interview with Gavin Baker, CIO of Atreides Management (Issue 43, Fall 2021)",Starlink is a significant disruptor to leveraged telecom and broadband companies globally,"Baker argues that Starlink represents a major structural disruption to telecom and broadband companies globally, particularly those carrying significant leverage on their balance sheets. His thesis is that low-earth-orbit satellite broadband fundamentally undermines the competitive moat of fixed-line and rural broadband providers who have historically faced little competition, and that companies with high debt loads will be least able to respond or adapt. He developed this view during his crossover investing work in 2019-2020, citing publicly available information from SpaceX's Twitter presence and the SpaceX subreddit as sufficient to form the thesis. The investment implication is bearish on leveraged fixed-line, rural broadband, and legacy satellite broadband incumbents — companies like ViaSat and Hughes Network Systems parent EchoStar face direct service substitution, while heavily indebted wireline carriers face long-term subscriber erosion. Baker does not name specific short targets but frames this as a global, long-duration disruption thesis with the most acute risk concentrated in high-leverage operators.","VSAT, SATS, LUMN","VSAT, SATS, LUMN",BAKER_NAMED,SHORT,True,Nov-2021 Starlink-disruption thesis names VSAT/SATS/LUMN as victims. Only this SpaceX row; others keep retail proxy / NO_BASKET.,,,,,7.55,7.73,29.81,66.79,9.77,0.46,-30.79,7.34,-2.22,7.27,60.6,59.45
2021-11-30,AI bubble not happening,FIRST_MENTION_AND_HC,high_conviction,1,4,"VS Partners / Financial Times Global Seattle Symposium — Global technology investment: hype, hope, reality",SaaS companies have fundamentally better business models than dot-com era companies — current valuations are not bubble-like,"Baker argues that current large-cap technology valuations are not bubble-like when compared to the dot-com era, citing that today's giants trade at 20-25x earnings in the US and 15-20x in China versus 50-90x earnings during the dot-com peak. He contends that today's companies are fundamentally superior businesses, characterized by higher returns on invested capital, stronger competitive moats, and comparable growth trajectories to their dot-com predecessors. A key structural advantage he highlights is that mid-cap SaaS companies possess dial-like control over the growth-versus-margin tradeoff — the ability to deliberately modulate spending to shift between growth and profitability — a capability that simply did not exist for dot-com era companies. The investment implication is that investors should not reflexively avoid large-cap tech or SaaS on valuation grounds, as the multiple compression fear is overstated relative to the underlying business quality improvement. Baker frames this as a considered valuation framework rather than a passing observation, suggesting he is actively deploying capital in these names.",,,NO_BASKET,,False,"v4 review: NO_BASKET (removed from scored returns). Theme is macro commentary, never a specific trade",,,,,NO_BASKET,NO_BASKET,NO_BASKET,NO_BASKET,2.16,-11.57,-24.91,7.47,NO_BASKET,NO_BASKET,NO_BASKET,NO_BASKET
2021-11-30,Crossover investing philosophy,FIRST_MENTION_AND_HC,high_conviction,1,3,"VS Partners / Financial Times Global Seattle Symposium — Global technology investment: hype, hope, reality",Crossover investing (public + private) is the future of tech investing — will grow from 3-4% to 50%+ of private unicorn market cap,"Baker argues that crossover investing — where a single firm invests across both private and public technology markets — will grow from its current 3-4% share of private unicorn market cap to well over 50%, representing a fundamental structural shift in how technology investing is organized. He contends that all tech investors outside of seed/Series A/B stages will eventually become crossover investors, driven by the structural advantages crossover firms possess: evergreen capital that avoids forced selling, the ability to support companies continuously from private rounds through IPO and beyond, superior capacity to underwrite mega-cap disruption risk, and early visibility into technology stack trends gleaned from private portfolio companies. Baker further notes that private markets are effectively replacing small- and mid-cap public tech as an asset class, as companies now rarely go public below a $10 billion market cap, meaning the most attractive early growth phases are increasingly captured in private markets. The investment implication is structural: traditional long-only public equity tech funds face disintermediation, while crossover vehicles and firms with both private and public mandates are best positioned to capture value across the full company lifecycle. No specific publicly listed equities are the subject of or direct beneficiaries of this thesis, which is a macro view on market structure rather than a company-specific call.",,,NO_BASKET,LONG,False,,,,,,NO_BASKET,NO_BASKET,NO_BASKET,NO_BASKET,2.16,-11.57,-24.91,7.47,NO_BASKET,NO_BASKET,NO_BASKET,NO_BASKET
2021-11-30,Private market structural shift,FIRST_MENTION_AND_HC,high_conviction,1,1,"VS Partners / Financial Times Global Seattle Symposium — Global technology investment: hype, hope, reality",Crossover investing (public + private) is the future of tech investing — will grow from 3-4% to 50%+ of private unicorn market cap,"Baker argues that crossover investing — where a single firm invests across both private and public technology markets — will grow from its current 3-4% share of private unicorn market cap to well over 50%, representing a fundamental structural shift in how technology investing is organized. He contends that all tech investors outside of seed/Series A/B stages will eventually become crossover investors, driven by the structural advantages crossover firms possess: evergreen capital that avoids forced selling, the ability to support companies continuously from private rounds through IPO and beyond, superior capacity to underwrite mega-cap disruption risk, and early visibility into technology stack trends gleaned from private portfolio companies. Baker further notes that private markets are effectively replacing small- and mid-cap public tech as an asset class, as companies now rarely go public below a $10 billion market cap, meaning the most attractive early growth phases are increasingly captured in private markets. The investment implication is structural: traditional long-only public equity tech funds face disintermediation, while crossover vehicles and firms with both private and public mandates are best positioned to capture value across the full company lifecycle. No specific publicly listed equities are the subject of or direct beneficiaries of this thesis, which is a macro view on market structure rather than a company-specific call.",,,NO_BASKET,LONG,False,,,,,,NO_BASKET,NO_BASKET,NO_BASKET,NO_BASKET,2.16,-11.57,-24.91,7.47,NO_BASKET,NO_BASKET,NO_BASKET,NO_BASKET
2021-11-30,Scaling laws intact,FIRST_MENTION_AND_HC,high_conviction,1,8,"VS Partners / Financial Times Global Seattle Symposium — Global technology investment: hype, hope, reality",AI-driven scaling laws will dramatically increase semiconductor intensity of the global economy,"Baker argues that AI scaling laws will structurally increase the semiconductor intensity of the global economy, meaning semiconductors will represent a growing share of total economic activity and capital expenditure. His reasoning is grounded in the technical requirements of training large AI models, which demand three core inputs: compute, memory, and high-bandwidth networking/interconnect to move data between compute and memory — all of which are semiconductor-driven. As AI models continue to scale in size and complexity, Baker sees this as a durable, multi-year structural tailwind for the entire semiconductor ecosystem rather than a cyclical upturn. The investment implication is broad exposure to semiconductors across compute, memory, and networking subsectors, though Baker does not name specific companies in this segment of the thesis. He frames this as a direct logical consequence of his core AI scaling law conviction, summarized in his phrase that 'the semiconductor intensity of the world is going to go up a lot.'",,,NO_BASKET,,False,v4 review (STEVE). Steve: no basket,,,,,NO_BASKET,NO_BASKET,NO_BASKET,NO_BASKET,2.16,-11.57,-24.91,7.47,NO_BASKET,NO_BASKET,NO_BASKET,NO_BASKET
2021-11-30,SpaceX ecosystem / Starship economics,FIRST_HC_NOT_FIRST_MENTION,high_conviction,2,13,"VS Partners / Financial Times Global Seattle Symposium — Global technology investment: hype, hope, reality",SpaceX / Starlink is the only investable space company — dramatically lower launch costs will reshape the world,"Baker argues that SpaceX is so dominant in rocket technology that it represents the only credible investable space company, with no meaningful second option — a view he states explicitly as 'there is SpaceX and then there's really no one else.' His reasoning centers on SpaceX's dramatic reduction in launch costs, which he sees as the foundational enabler for a cascade of downstream applications: Starlink's low-earth-orbit satellite broadband bringing high-quality internet to billions of underserved people globally, and longer-term applications like point-to-point hypersonic cargo and passenger travel (e.g., New York to Shanghai in approximately 30 minutes). Baker frames the space sector as a 100-150 year civilizational journey toward a multi-planetary species, with profound economic implications including asteroid mining and resource extraction. The critical investment constraint he acknowledges is that SpaceX and Starlink are both private companies, meaning there is no direct public equity expression of this thesis available to most investors.","SpaceX, Starlink",,NO_BASKET,,True,"v4 review: NO_BASKET (removed from scored returns). Private/macro, agree with model",,,,,NO_BASKET,NO_BASKET,NO_BASKET,NO_BASKET,2.16,-11.57,-24.91,7.47,NO_BASKET,NO_BASKET,NO_BASKET,NO_BASKET
2021-11-30,Tesla / EV / FSD,FIRST_MENTION_AND_HC,high_conviction,1,1,"VS Partners / Financial Times Global Seattle Symposium — Global technology investment: hype, hope, reality","EV SPACs are worthless — no hope of competing against Tesla, Chinese EV leaders, or legacy OEM incumbents","Baker argues that EV SPACs are fundamentally worthless businesses with no realistic path to competing in the electric vehicle market, dismissing them as 'silly companies' and 'not real companies.' His core reasoning is that the competitive landscape is already locked up by three dominant forces: Tesla in the US and globally, strong Chinese EV manufacturers, and legacy OEM incumbents who are rapidly electrifying their fleets. He emphasizes that manufacturing EVs at scale is extraordinarily difficult — designing a prototype is easy, but achieving production scale is a different problem entirely — meaning that capital infusions from SPAC deals cannot solve the underlying operational complexity. The investment implication is to avoid EV SPAC names entirely, as meme-stock reflexivity that might prop up other speculative names is insufficient to rescue companies facing insurmountable manufacturing and competitive barriers. Baker notes he has stated this view publicly many times, suggesting high conviction and a durable short or avoid thesis rather than a tactical call.",TSLA,"TSLA, LCID(short), RIVN(short)",PAIR_TRADE,PAIR_TRADE,False,v4 review (STEVE). Steve: short LCID/RIVN long TSLA,,,,,PAIR_TRADE,PAIR_TRADE,PAIR_TRADE,PAIR_TRADE,PAIR_TRADE,PAIR_TRADE,PAIR_TRADE,PAIR_TRADE,PAIR_TRADE,PAIR_TRADE,PAIR_TRADE,PAIR_TRADE
2021-11-30,Tesla / EV / FSD,FIRST_MENTION_WITH_TICKERS,high_conviction,1,1,"VS Partners / Financial Times Global Seattle Symposium — Global technology investment: hype, hope, reality","EV SPACs are worthless — no hope of competing against Tesla, Chinese EV leaders, or legacy OEM incumbents","Baker argues that EV SPACs are fundamentally worthless businesses with no realistic path to competing in the electric vehicle market, dismissing them as 'silly companies' and 'not real companies.' His core reasoning is that the competitive landscape is already locked up by three dominant forces: Tesla in the US and globally, strong Chinese EV manufacturers, and legacy OEM incumbents who are rapidly electrifying their fleets. He emphasizes that manufacturing EVs at scale is extraordinarily difficult — designing a prototype is easy, but achieving production scale is a different problem entirely — meaning that capital infusions from SPAC deals cannot solve the underlying operational complexity. The investment implication is to avoid EV SPAC names entirely, as meme-stock reflexivity that might prop up other speculative names is insufficient to rescue companies facing insurmountable manufacturing and competitive barriers. Baker notes he has stated this view publicly many times, suggesting high conviction and a durable short or avoid thesis rather than a tactical call.",TSLA,"TSLA, LCID(short), RIVN(short)",PAIR_TRADE,PAIR_TRADE,False,v4 review (STEVE). Steve: short LCID/RIVN long TSLA,,,,,PAIR_TRADE,PAIR_TRADE,PAIR_TRADE,PAIR_TRADE,PAIR_TRADE,PAIR_TRADE,PAIR_TRADE,PAIR_TRADE,PAIR_TRADE,PAIR_TRADE,PAIR_TRADE,PAIR_TRADE
2021-12-03,Crypto / Coinbase (COIN),FIRST_MENTION_AND_HC,high_conviction,1,2,Sohn Hearts & Minds Australia 2021 — Stock pick: Coinbase (COIN) — Coinbase Cloud as the AWS of crypto / web3 infra,Coinbase Cloud is the AWS of crypto — a foundational web3 infrastructure layer with 20-30 year compounding potential,"Baker argues that Coinbase's primary long-term value driver is not its trading exchange but rather Coinbase Cloud, which he frames as the foundational infrastructure and developer tooling layer for web3 application development — the direct analogue to what AWS became for web2 cloud computing. He contends that programmable blockchains open a vastly larger and more disruptive design space than the prior decade's cloud, AI, and SaaS cycle, justifying a 20-30 year compounding horizon for the thesis. The investment implication is a long position in COIN as a high-conviction, single-stock pick presented at the Sohn Hearts & Minds conference, with the core bet being on Coinbase Cloud capturing developer mindshare and infrastructure spend across multiple blockchains rather than on near-term trading revenue. Baker explicitly de-emphasizes the exchange business as the primary value driver, instead positioning COIN as a picks-and-shovels infrastructure play on the entire web3 ecosystem.",COIN,COIN,SOHN_AU_2021_PICK,LONG,False,,,,,,-5.83,-39.34,-82.68,-49.32,4.81,-19.0,-26.15,6.35,-10.65,-20.34,-56.53,-55.68
2021-12-03,Crypto / Coinbase (COIN),FIRST_MENTION_WITH_TICKERS,high_conviction,1,2,Sohn Hearts & Minds Australia 2021 — Stock pick: Coinbase (COIN) — Coinbase Cloud as the AWS of crypto / web3 infra,Coinbase Cloud is the AWS of crypto — a foundational web3 infrastructure layer with 20-30 year compounding potential,"Baker argues that Coinbase's primary long-term value driver is not its trading exchange but rather Coinbase Cloud, which he frames as the foundational infrastructure and developer tooling layer for web3 application development — the direct analogue to what AWS became for web2 cloud computing. He contends that programmable blockchains open a vastly larger and more disruptive design space than the prior decade's cloud, AI, and SaaS cycle, justifying a 20-30 year compounding horizon for the thesis. The investment implication is a long position in COIN as a high-conviction, single-stock pick presented at the Sohn Hearts & Minds conference, with the core bet being on Coinbase Cloud capturing developer mindshare and infrastructure spend across multiple blockchains rather than on near-term trading revenue. Baker explicitly de-emphasizes the exchange business as the primary value driver, instead positioning COIN as a picks-and-shovels infrastructure play on the entire web3 ecosystem.",COIN,COIN,SOHN_AU_2021_PICK,LONG,False,,,,,,-5.83,-39.34,-82.68,-49.32,4.81,-19.0,-26.15,6.35,-10.65,-20.34,-56.53,-55.68
2021-12-03,Crypto / Coinbase (COIN),HC_HIGH_PROFILE_VENUE,high_conviction,1,2,Sohn Hearts & Minds Australia 2021 — Stock pick: Coinbase (COIN) — Coinbase Cloud as the AWS of crypto / web3 infra,Coinbase Cloud is the AWS of crypto — a foundational web3 infrastructure layer with 20-30 year compounding potential,"Baker argues that Coinbase's primary long-term value driver is not its trading exchange but rather Coinbase Cloud, which he frames as the foundational infrastructure and developer tooling layer for web3 application development — the direct analogue to what AWS became for web2 cloud computing. He contends that programmable blockchains open a vastly larger and more disruptive design space than the prior decade's cloud, AI, and SaaS cycle, justifying a 20-30 year compounding horizon for the thesis. The investment implication is a long position in COIN as a high-conviction, single-stock pick presented at the Sohn Hearts & Minds conference, with the core bet being on Coinbase Cloud capturing developer mindshare and infrastructure spend across multiple blockchains rather than on near-term trading revenue. Baker explicitly de-emphasizes the exchange business as the primary value driver, instead positioning COIN as a picks-and-shovels infrastructure play on the entire web3 ecosystem.",COIN,COIN,SOHN_AU_2021_PICK,LONG,False,,,,,,-5.83,-39.34,-82.68,-49.32,4.81,-19.0,-26.15,6.35,-10.65,-20.34,-56.53,-55.68
2022-03-25,Inflation macro framework,FIRST_MENTION_AND_HC,high_conviction,1,2,On The Tape / RiskReversal — Fear is the market killer,Supply chain-driven inflation is largely over; capitalism solves these problems quickly,"Baker argues that the supply chain component of inflation — driven by COVID-era disruptions to goods production and logistics — is essentially over as of early 2022, expressing high confidence in this view. His reasoning is rooted in capitalism's historical track record of rapidly solving supply shortages: when prices rise, producers invest, capacity expands, and imbalances correct quickly. He breaks inflation into distinct components to make the point that not all inflation is equal, and that conflating supply chain normalization with other inflationary drivers (e.g., energy, wages) leads to overly pessimistic macro conclusions. The investment implication is that markets pricing in persistent goods inflation are likely wrong, though Baker does not name specific equities as beneficiaries or victims of this dynamic in this segment.",,,NO_BASKET,MIXED,False,,,,,,NO_BASKET,NO_BASKET,NO_BASKET,NO_BASKET,-16.97,-21.75,-8.2,66.29,NO_BASKET,NO_BASKET,NO_BASKET,NO_BASKET
2024-01-30,Scaling laws intact,FIRST_MENTION_WITH_TICKERS,high_conviction,2,8,"iConnections Global Alts 2024 — Industry titans panel: AI, growth/crossover investing","AI scaling laws entrench hyperscale incumbents, making most standalone frontier model companies worthless","Baker argues that AI scaling laws — which require roughly 10x more compute and data to double algorithmic performance — structurally favor the largest hyperscale incumbents and will render nearly all standalone frontier model companies worthless over the medium term. The core reasoning is that only companies with massive compute infrastructure, proprietary data at scale, and large distribution networks for reinforcement learning from human feedback (RLHF) can sustain frontier model development; without these, smaller model companies cannot compete. Baker identifies Google, Microsoft/OpenAI, and xAI/Twitter as the hyperscale winners, while also noting that high-quality open-source models will further squeeze standalone frontier model companies from below. The investment implication is to own the hyperscale incumbents with compute, data, and distribution moats, and to avoid or short standalone frontier model companies (most of which are private), as Baker states with high conviction that 'almost all are going to be zeros.' This view has been held for multiple years and was explicitly endorsed by fellow panelist Gracias during the discussion.","GOOGL, MSFT",,NO_BASKET,,False,v4 review (STEVE). Steve: no basket,,,,,NO_BASKET,NO_BASKET,NO_BASKET,NO_BASKET,12.39,13.52,29.75,112.46,NO_BASKET,NO_BASKET,NO_BASKET,NO_BASKET
2024-01-30,Scaling laws intact,HC_HIGH_PROFILE_VENUE,high_conviction,2,8,"iConnections Global Alts 2024 — Industry titans panel: AI, growth/crossover investing","AI scaling laws entrench hyperscale incumbents, making most standalone frontier model companies worthless","Baker argues that AI scaling laws — which require roughly 10x more compute and data to double algorithmic performance — structurally favor the largest hyperscale incumbents and will render nearly all standalone frontier model companies worthless over the medium term. The core reasoning is that only companies with massive compute infrastructure, proprietary data at scale, and large distribution networks for reinforcement learning from human feedback (RLHF) can sustain frontier model development; without these, smaller model companies cannot compete. Baker identifies Google, Microsoft/OpenAI, and xAI/Twitter as the hyperscale winners, while also noting that high-quality open-source models will further squeeze standalone frontier model companies from below. The investment implication is to own the hyperscale incumbents with compute, data, and distribution moats, and to avoid or short standalone frontier model companies (most of which are private), as Baker states with high conviction that 'almost all are going to be zeros.' This view has been held for multiple years and was explicitly endorsed by fellow panelist Gracias during the discussion.","GOOGL, MSFT",,NO_BASKET,,False,v4 review (STEVE). Steve: no basket,,,,,NO_BASKET,NO_BASKET,NO_BASKET,NO_BASKET,12.39,13.52,29.75,112.46,NO_BASKET,NO_BASKET,NO_BASKET,NO_BASKET
2024-02-23,Humanoid robotics / Tesla Optimus,FIRST_MENTION,moderate,1,6,FII Institute — Rise of the Gigafirm: next trillion-dollar tech company (panel),"AI + humanoid robots will have an immense deflationary impact on blue-collar and manual labor, dwarfing the impact on white-collar work","Baker argues that the combination of large language models with functional humanoid robots will have a far greater deflationary impact on blue-collar and manual labor than AI's well-publicized effect on white-collar knowledge work. He contends that while most commentary has focused on AI displacing office workers and professionals, the physical automation of manual tasks represents a structurally larger labor market disruption given the sheer scale of blue-collar employment globally. Baker suggests that current inflation concerns may look absurd in hindsight once this deflationary tidal wave materializes, implying a long-term secular disinflationary macro backdrop. The thesis is forward-looking and structural rather than near-term, with no specific timeframe cited, but reflects high conviction that humanoid robotics will be a defining economic force. The investment implication is to watch companies developing humanoid robot platforms, though Baker does not name specific beneficiaries explicitly in this segment.",,TSLA,BAKER_NAMED,LONG,False,"v4 review: trade continuation, basket locked. Established trade, continuation mention",,,,,-10.07,-9.5,51.48,109.67,8.85,14.96,17.39,96.26,-18.92,-24.45,34.09,13.41
2024-02-23,Power / watts as binding constraint,FIRST_HC_NOT_FIRST_MENTION,high_conviction,2,6,FII Institute — Rise of the Gigafirm: next trillion-dollar tech company (panel),"Power availability will become the binding constraint for AI infrastructure, replacing GPU availability","Baker argues that the primary bottleneck for AI infrastructure is in the process of shifting from GPU availability to power availability, representing a structural transition in what constrains AI buildout. He contends that AI's rapidly growing power demands could produce a global power shortage within a few years, making energy access — not compute access — the defining limit on AI scaling. The investment implication is that companies providing power generation, transmission, or energy efficiency solutions for datacenters stand to benefit, while GPU-centric narratives may be overstated as the binding constraint. Baker also highlights improving GPU utilization as a key mitigation strategy, suggesting that software and systems optimizing compute efficiency could partially offset power constraints. No specific numeric power figures or named companies were cited in this thesis segment.",,"VST, CEG",BAKER_NAMED,LONG,False,"v4 review: trade continuation, basket locked. Established trade, continuation mention",,,,,43.49,81.89,155.44,206.27,8.85,14.96,17.39,96.26,34.64,66.94,138.05,110.01
2024-07-01,AI networking (Ethernet/InfiniBand),FIRST_MENTION_AND_HC,high_conviction,1,3,"Thematic Investors — Blending sci-fi, history and literature","GPU utilization is the single most important metric for AI model training competitiveness; storage, memory, and networking are the key bottlenecks","Baker argues that GPU utilization is the single most important metric for evaluating AI model training competitiveness, and that it is currently severely constrained by mismatched infrastructure scaling. He uses a restaurant analogy to illustrate that GPUs (the 'head chef') have improved roughly 50x in performance over 4-5 years while the surrounding data center components — storage, memory, and networking — have only improved approximately 4x, causing GPUs to sit idle, wasting power and depreciating capital. The investment implication is that companies solving these bottlenecks in storage, memory, and networking will be the primary beneficiaries of the AI infrastructure buildout, as they directly enable higher GPU utilization, better model quality, faster time-to-market, and lower training costs. Baker states this is his 'number one metric' and has positioned both his public and private portfolios around it, indicating high conviction in this structural infrastructure thesis.","MU, WDC, STX, ANET",ANET,BAKER_NAMED,LONG,False,,,,,,-2.85,7.6,14.96,86.67,-5.37,-5.96,9.14,124.45,2.53,13.56,5.82,-37.79
2024-07-01,AI networking (Ethernet/InfiniBand),FIRST_MENTION_WITH_TICKERS,high_conviction,1,3,"Thematic Investors — Blending sci-fi, history and literature","GPU utilization is the single most important metric for AI model training competitiveness; storage, memory, and networking are the key bottlenecks","Baker argues that GPU utilization is the single most important metric for evaluating AI model training competitiveness, and that it is currently severely constrained by mismatched infrastructure scaling. He uses a restaurant analogy to illustrate that GPUs (the 'head chef') have improved roughly 50x in performance over 4-5 years while the surrounding data center components — storage, memory, and networking — have only improved approximately 4x, causing GPUs to sit idle, wasting power and depreciating capital. The investment implication is that companies solving these bottlenecks in storage, memory, and networking will be the primary beneficiaries of the AI infrastructure buildout, as they directly enable higher GPU utilization, better model quality, faster time-to-market, and lower training costs. Baker states this is his 'number one metric' and has positioned both his public and private portfolios around it, indicating high conviction in this structural infrastructure thesis.","MU, WDC, STX, ANET",ANET,BAKER_NAMED,LONG,False,,,,,,-2.85,7.6,14.96,86.67,-5.37,-5.96,9.14,124.45,2.53,13.56,5.82,-37.79
2024-07-01,Frontier model concentration,FIRST_MENTION_AND_HC,high_conviction,1,4,"Thematic Investors — Blending sci-fi, history and literature","Only four foundation model companies have a realistic chance of winning: Google, Meta, xAI, and OpenAI/Microsoft — all others will fail or be acquired at preference","Baker argues that the foundation model layer of AI will consolidate to exactly four winners — Google, Meta, xAI, and OpenAI/Microsoft — and that all other foundation model startups have zero chance of succeeding independently. His reasoning centers on three compounding moats that only these four possess simultaneously: (1) unique and proprietary data at scale, (2) effectively unlimited compute resources, and (3) internet-scale distribution enabling RLHF-based model socialization that smaller players cannot replicate. As concrete evidence, he cites Inflection AI — co-founded by a DeepMind co-founder — which was sold to Microsoft at only 1.1x preference in what amounted to an acqui-hire, illustrating that even pedigreed startups with top talent cannot compete. The investment implication is to concentrate exposure in the four named incumbents and expect brutal consolidation in the private foundation model space, with most startups going to zero or being acquired at distressed valuations.","GOOGL, META, MSFT",,NO_BASKET,,False,v4 review (STEVE). Steve: no basket,,,,,NO_BASKET,NO_BASKET,NO_BASKET,NO_BASKET,-5.37,-5.96,9.14,124.45,NO_BASKET,NO_BASKET,NO_BASKET,NO_BASKET
2024-07-01,Frontier model concentration,FIRST_MENTION_WITH_TICKERS,high_conviction,1,4,"Thematic Investors — Blending sci-fi, history and literature","Only four foundation model companies have a realistic chance of winning: Google, Meta, xAI, and OpenAI/Microsoft — all others will fail or be acquired at preference","Baker argues that the foundation model layer of AI will consolidate to exactly four winners — Google, Meta, xAI, and OpenAI/Microsoft — and that all other foundation model startups have zero chance of succeeding independently. His reasoning centers on three compounding moats that only these four possess simultaneously: (1) unique and proprietary data at scale, (2) effectively unlimited compute resources, and (3) internet-scale distribution enabling RLHF-based model socialization that smaller players cannot replicate. As concrete evidence, he cites Inflection AI — co-founded by a DeepMind co-founder — which was sold to Microsoft at only 1.1x preference in what amounted to an acqui-hire, illustrating that even pedigreed startups with top talent cannot compete. The investment implication is to concentrate exposure in the four named incumbents and expect brutal consolidation in the private foundation model space, with most startups going to zero or being acquired at distressed valuations.","GOOGL, META, MSFT",,NO_BASKET,,False,v4 review (STEVE). Steve: no basket,,,,,NO_BASKET,NO_BASKET,NO_BASKET,NO_BASKET,-5.37,-5.96,9.14,124.45,NO_BASKET,NO_BASKET,NO_BASKET,NO_BASKET
2024-07-01,Humanoid robotics / Tesla Optimus,FIRST_MENTION_WITH_TICKERS,moderate,2,6,"Thematic Investors — Blending sci-fi, history and literature",Humanoid robots will revolutionize blue-collar work once LLM reasoning capabilities are embedded,"Baker argues that embedding transformer-based LLM reasoning models into humanoid robots will revolutionize blue-collar work in the near-to-medium term, given that current model capabilities are approaching the threshold required for practical deployment. He contends that the same transformer architecture driving LLM breakthroughs can be applied to robotic control systems, enabling humanoid robots to perform physical labor tasks that previously required human dexterity and judgment. Additionally, Baker notes that transformer elements may significantly improve full self-driving (FSD) algorithms, suggesting Tesla's autonomous driving stack could benefit from the same architectural advances. The investment implication is that companies developing humanoid robots and FSD technology stand to benefit, with Tesla being the most prominent US-listed company at the intersection of both themes. No specific revenue figures or timelines beyond 'very soon' were cited, keeping the thesis at moderate confidence.",TSLA,TSLA,BAKER_NAMED,LONG,False,,,,,,10.58,24.67,50.27,91.99,-5.37,-5.96,9.14,124.45,15.95,30.63,41.12,-32.47
2024-07-01,Optical networking / interconnect,FIRST_MENTION_AND_HC,high_conviction,1,2,"Thematic Investors — Blending sci-fi, history and literature","Optical networking is a critical and inevitable component of future AI data center architecture, both within and across data centers","Baker argues that optical networking — specifically coherent optics — is a hard engineering necessity, not an optional upgrade, for the next generation of AI data centers. He grounds this in a concrete physical constraint: there are only three sites in the US where nuclear reactors are clustered closely enough to power a single 1–5 GW data center; everywhere else, power must be aggregated from discrete plants across long distances, which requires coherent optical interconnects. Furthermore, even within data centers themselves, as they scale to 5–6 GW and the footprint of roughly 10 Pentagons, coherent optics will be required for internal communication at those distances. The investment implication is that coherent optical networking companies face a structural, durable demand tailwind driven by physics and infrastructure scale, not by discretionary spending cycles. Baker frames this as a near-certain outcome with no engineering alternative, making optical networking suppliers direct beneficiaries of AI infrastructure buildout.","CIEN, COHR, LITE, INFN","CIEN, COHR, LITE",BAKER_NAMED,LONG,False,v4 review (CHANGE). Named all three,,,,,2.32,24.83,58.59,789.43,-5.37,-5.96,9.14,124.45,7.69,30.79,49.45,664.98
2024-07-01,Optical networking / interconnect,FIRST_MENTION_WITH_TICKERS,high_conviction,1,2,"Thematic Investors — Blending sci-fi, history and literature","Optical networking is a critical and inevitable component of future AI data center architecture, both within and across data centers","Baker argues that optical networking — specifically coherent optics — is a hard engineering necessity, not an optional upgrade, for the next generation of AI data centers. He grounds this in a concrete physical constraint: there are only three sites in the US where nuclear reactors are clustered closely enough to power a single 1–5 GW data center; everywhere else, power must be aggregated from discrete plants across long distances, which requires coherent optical interconnects. Furthermore, even within data centers themselves, as they scale to 5–6 GW and the footprint of roughly 10 Pentagons, coherent optics will be required for internal communication at those distances. The investment implication is that coherent optical networking companies face a structural, durable demand tailwind driven by physics and infrastructure scale, not by discretionary spending cycles. Baker frames this as a near-certain outcome with no engineering alternative, making optical networking suppliers direct beneficiaries of AI infrastructure buildout.","CIEN, COHR, LITE, INFN","CIEN, COHR, LITE",BAKER_NAMED,LONG,False,v4 review (CHANGE). Named all three,,,,,2.32,24.83,58.59,789.43,-5.37,-5.96,9.14,124.45,7.69,30.79,49.45,664.98
2024-07-01,xAI competitive position,FIRST_MENTION,moderate,1,9,"Thematic Investors — Blending sci-fi, history and literature","xAI is the most compelling private AI company due to unique data (X/Twitter), compute, and distribution","Baker argues that xAI is the most compelling private AI company because it possesses a uniquely valuable combination of proprietary data, compute, and distribution that few competitors can replicate. Specifically, he highlights X/Twitter's human debate data — including Community Notes as a crowdsourced truth mechanism — as exceptionally valuable for training AI models and for reinforcement learning from human feedback (RLHF), given X's large active user base. Baker views xAI as one of only four viable foundation model companies globally, alongside Google, Meta, and the OpenAI/Microsoft partnership, suggesting the market for frontier AI will consolidate around a small number of well-resourced players. He notes xAI has raised $6 billion, giving it the capital to compete on compute, and that its distribution through X provides a built-in feedback loop that most startups lack. The investment implication is primarily relevant to private market investors, as xAI is not publicly listed, though the thesis implicitly frames Meta and Google as the publicly accessible proxies for viable foundation model competition.","META, GOOGL, MSFT",,NO_BASKET,LONG,False,,,,,,NO_BASKET,NO_BASKET,NO_BASKET,NO_BASKET,-5.37,-5.96,9.14,124.45,NO_BASKET,NO_BASKET,NO_BASKET,NO_BASKET
2024-07-01,xAI competitive position,FIRST_MENTION_WITH_TICKERS,moderate,1,9,"Thematic Investors — Blending sci-fi, history and literature","xAI is the most compelling private AI company due to unique data (X/Twitter), compute, and distribution","Baker argues that xAI is the most compelling private AI company because it possesses a uniquely valuable combination of proprietary data, compute, and distribution that few competitors can replicate. Specifically, he highlights X/Twitter's human debate data — including Community Notes as a crowdsourced truth mechanism — as exceptionally valuable for training AI models and for reinforcement learning from human feedback (RLHF), given X's large active user base. Baker views xAI as one of only four viable foundation model companies globally, alongside Google, Meta, and the OpenAI/Microsoft partnership, suggesting the market for frontier AI will consolidate around a small number of well-resourced players. He notes xAI has raised $6 billion, giving it the capital to compete on compute, and that its distribution through X provides a built-in feedback loop that most startups lack. The investment implication is primarily relevant to private market investors, as xAI is not publicly listed, though the thesis implicitly frames Meta and Google as the publicly accessible proxies for viable foundation model competition.","META, GOOGL, MSFT",,NO_BASKET,LONG,False,,,,,,NO_BASKET,NO_BASKET,NO_BASKET,NO_BASKET,-5.37,-5.96,9.14,124.45,NO_BASKET,NO_BASKET,NO_BASKET,NO_BASKET
2024-08-07,DRAM / HBM memory bottleneck,FIRST_MENTION,speculative,1,9,This Week in Startups — E1990: Liquidity Summit fireside with Antonio Gracias and Gavin Baker,"If Apple and Google simultaneously triple memory in smartphones to enable on-device AI, it could trigger the first real memory supercycle since 1996, potentially making Micron a massive multi-bagger.","Baker outlines a tail-risk scenario in which Apple and Google simultaneously double or triple the DRAM in their flagship smartphones to enable on-device AI inference, creating a demand shock that — layered on top of already record HBM consumption in data centers — could trigger the first true memory supercycle since 1996. He draws an explicit historical parallel to that cycle, during which Micron was a 50-bagger, to illustrate the potential magnitude of the opportunity. Baker is careful to frame this as a low-probability tail scenario rather than a base case, noting the simultaneous adoption by both Apple and Google is the key precondition that makes it extraordinary rather than incremental. The investment implication is that Micron (the only major US-listed pure-play DRAM/NAND manufacturer) would be the primary beneficiary, with the upside potentially being multi-bagger in nature if the scenario materializes. Apple and Google are the demand catalysts in this thesis — their strategic decisions on device memory are the trigger — but the financial beneficiary of the supply-demand shock is the memory producer, not the handset or platform companies.",MU,MU,OBVIOUS_UNIVERSE,LONG,False,,,,,,-0.48,21.67,43.2,956.48,1.67,17.42,39.36,178.64,-2.15,4.25,3.84,777.83
2024-08-07,DRAM / HBM memory bottleneck,FIRST_MENTION_WITH_TICKERS,speculative,1,9,This Week in Startups — E1990: Liquidity Summit fireside with Antonio Gracias and Gavin Baker,"If Apple and Google simultaneously triple memory in smartphones to enable on-device AI, it could trigger the first real memory supercycle since 1996, potentially making Micron a massive multi-bagger.","Baker outlines a tail-risk scenario in which Apple and Google simultaneously double or triple the DRAM in their flagship smartphones to enable on-device AI inference, creating a demand shock that — layered on top of already record HBM consumption in data centers — could trigger the first true memory supercycle since 1996. He draws an explicit historical parallel to that cycle, during which Micron was a 50-bagger, to illustrate the potential magnitude of the opportunity. Baker is careful to frame this as a low-probability tail scenario rather than a base case, noting the simultaneous adoption by both Apple and Google is the key precondition that makes it extraordinary rather than incremental. The investment implication is that Micron (the only major US-listed pure-play DRAM/NAND manufacturer) would be the primary beneficiary, with the upside potentially being multi-bagger in nature if the scenario materializes. Apple and Google are the demand catalysts in this thesis — their strategic decisions on device memory are the trigger — but the financial beneficiary of the supply-demand shock is the memory producer, not the handset or platform companies.",MU,MU,OBVIOUS_UNIVERSE,LONG,False,,,,,,-0.48,21.67,43.2,956.48,1.67,17.42,39.36,178.64,-2.15,4.25,3.84,777.83
2024-08-07,Edge AI as bear case for cloud,FIRST_MENTION,speculative,1,4,This Week in Startups — E1990: Liquidity Summit fireside with Antonio Gracias and Gavin Baker,"If Apple and Google simultaneously triple memory in smartphones to enable on-device AI, it could trigger the first real memory supercycle since 1996, potentially making Micron a massive multi-bagger.","Baker outlines a tail-risk scenario in which Apple and Google simultaneously double or triple the DRAM in their flagship smartphones to enable on-device AI inference, creating a demand shock that — layered on top of already record HBM consumption in data centers — could trigger the first true memory supercycle since 1996. He draws an explicit historical parallel to that cycle, during which Micron was a 50-bagger, to illustrate the potential magnitude of the opportunity. Baker is careful to frame this as a low-probability tail scenario rather than a base case, noting the simultaneous adoption by both Apple and Google is the key precondition that makes it extraordinary rather than incremental. The investment implication is that Micron (the only major US-listed pure-play DRAM/NAND manufacturer) would be the primary beneficiary, with the upside potentially being multi-bagger in nature if the scenario materializes. Apple and Google are the demand catalysts in this thesis — their strategic decisions on device memory are the trigger — but the financial beneficiary of the supply-demand shock is the memory producer, not the handset or platform companies.",MU,MU,BAKER_NAMED,LONG,False,v4 review (CHANGE). Memory supercycle = MU,,,,,-0.48,21.67,43.2,956.48,1.67,17.42,39.36,178.64,-2.15,4.25,3.84,777.83
2024-08-07,Edge AI as bear case for cloud,FIRST_MENTION_WITH_TICKERS,speculative,1,4,This Week in Startups — E1990: Liquidity Summit fireside with Antonio Gracias and Gavin Baker,"If Apple and Google simultaneously triple memory in smartphones to enable on-device AI, it could trigger the first real memory supercycle since 1996, potentially making Micron a massive multi-bagger.","Baker outlines a tail-risk scenario in which Apple and Google simultaneously double or triple the DRAM in their flagship smartphones to enable on-device AI inference, creating a demand shock that — layered on top of already record HBM consumption in data centers — could trigger the first true memory supercycle since 1996. He draws an explicit historical parallel to that cycle, during which Micron was a 50-bagger, to illustrate the potential magnitude of the opportunity. Baker is careful to frame this as a low-probability tail scenario rather than a base case, noting the simultaneous adoption by both Apple and Google is the key precondition that makes it extraordinary rather than incremental. The investment implication is that Micron (the only major US-listed pure-play DRAM/NAND manufacturer) would be the primary beneficiary, with the upside potentially being multi-bagger in nature if the scenario materializes. Apple and Google are the demand catalysts in this thesis — their strategic decisions on device memory are the trigger — but the financial beneficiary of the supply-demand shock is the memory producer, not the handset or platform companies.",MU,MU,BAKER_NAMED,LONG,False,v4 review (CHANGE). Memory supercycle = MU,,,,,-0.48,21.67,43.2,956.48,1.67,17.42,39.36,178.64,-2.15,4.25,3.84,777.83
2024-08-07,Google TPU competitive position,FIRST_MENTION_AND_HC,high_conviction,1,5,This Week in Startups — E1990: Liquidity Summit fireside with Antonio Gracias and Gavin Baker,Google's TPU-enabled context caching is a structural cost advantage for enterprise AI that the market has not yet fully appreciated.,"Baker argues that Google's TPU architecture gives Gemini a structural cost advantage over competing LLMs through context caching — the ability to cache responses to repeated queries rather than re-running full inference each time. Because TPUs are purpose-built and tightly integrated with Google's software stack, this capability is not easily replicated by GPU-based inference systems running on Nvidia or AMD hardware, at least in the near term. For enterprises deploying AI at scale with repetitive query patterns, this dramatically reduces inference costs, making Gemini a more economical choice than OpenAI or other GPU-hosted models. Baker explicitly frames this as an underappreciated structural advantage, stating it will 'take people time to appreciate how powerful this is,' and cites it as a key reason Google has surpassed OpenAI in enterprise relevance. The investment implication is that GOOGL is structurally undervalued as an enterprise AI platform, while the advantage may be difficult for GPU-centric competitors to replicate quickly.",GOOGL,GOOGL,BAKER_NAMED,LONG,False,,,,,,-5.05,6.94,27.08,117.81,1.67,17.42,39.36,178.64,-6.72,-10.48,-12.28,-60.83
2024-08-07,Google TPU competitive position,FIRST_MENTION_WITH_TICKERS,moderate,1,5,This Week in Startups — E1990: Liquidity Summit fireside with Antonio Gracias and Gavin Baker,"Large language models have only ever been trained on three chip architectures: Nvidia GPUs, Cerebras, and Google TPUs — giving these three a structural moat in foundation model training.","Baker makes a specific factual claim that all large language model training to date has occurred on only three chip architectures: Nvidia GPUs, Cerebras chips, and Google TPUs — and that no other silicon has been used for frontier model training. His reasoning is structural: the extreme difficulty of building the software stack, compiler toolchains, and distributed training frameworks required to run LLMs means that only these three have achieved the necessary ecosystem maturity. The investment implication is that Nvidia and Google (via TPUs embedded in its cloud and used for its own models) hold a durable structural moat in foundation model training, while competitors like AMD and Intel have failed to break into this workload despite years of effort. Baker implicitly dismisses AMD and Intel as viable training alternatives, and notes that AWS Trainium and other custom silicon have similarly not been used for frontier model training, though this claim may be slightly overstated given emerging Trainium usage.","NVDA, GOOGL",GOOGL,BAKER_NAMED,LONG,False,,,,,,-5.05,6.94,27.08,117.81,1.67,17.42,39.36,178.64,-6.72,-10.48,-12.28,-60.83
2024-08-07,Meta AI transformation,FIRST_MENTION,moderate,1,2,This Week in Startups — E1990: Liquidity Summit fireside with Antonio Gracias and Gavin Baker,Meta is in a much better competitive position than a year ago; Zuckerberg's pivot to AI (including putting a search box atop every app) is a serious competitive threat to Google.,"Baker argues that Meta has dramatically improved its competitive positioning over the past year by executing a hard pivot from the metaverse to AI, and that this pivot represents a direct existential threat to Google's core search business. The key strategic move Baker highlights is Zuckerberg's decision to place a search/AI interface at the top of every Meta app — reaching 3-4 billion phones — which Baker describes as 'gangster,' meaning an audacious, aggressive competitive strike. Baker credits Zuckerberg for the discipline to abandon the metaverse narrative and reorient the company around AI, and even suggests Meta should rename itself again to signal the magnitude of the shift. The investment implication is that META is a stronger long position than it was a year ago, while GOOGL faces a credible new threat to its search monopoly from Meta's distribution scale. Baker does not frame this as an explicit buy/sell recommendation but the directional view is clearly bullish META and cautious on GOOGL's search dominance.","META, GOOGL",,NO_BASKET,,False,v4 review (STEVE). Steve: no basket,,,,,NO_BASKET,NO_BASKET,NO_BASKET,NO_BASKET,1.67,17.42,39.36,178.64,NO_BASKET,NO_BASKET,NO_BASKET,NO_BASKET
2024-08-07,Meta AI transformation,FIRST_MENTION_WITH_TICKERS,moderate,1,2,This Week in Startups — E1990: Liquidity Summit fireside with Antonio Gracias and Gavin Baker,Meta is in a much better competitive position than a year ago; Zuckerberg's pivot to AI (including putting a search box atop every app) is a serious competitive threat to Google.,"Baker argues that Meta has dramatically improved its competitive positioning over the past year by executing a hard pivot from the metaverse to AI, and that this pivot represents a direct existential threat to Google's core search business. The key strategic move Baker highlights is Zuckerberg's decision to place a search/AI interface at the top of every Meta app — reaching 3-4 billion phones — which Baker describes as 'gangster,' meaning an audacious, aggressive competitive strike. Baker credits Zuckerberg for the discipline to abandon the metaverse narrative and reorient the company around AI, and even suggests Meta should rename itself again to signal the magnitude of the shift. The investment implication is that META is a stronger long position than it was a year ago, while GOOGL faces a credible new threat to its search monopoly from Meta's distribution scale. Baker does not frame this as an explicit buy/sell recommendation but the directional view is clearly bullish META and cautious on GOOGL's search dominance.","META, GOOGL",,NO_BASKET,,False,v4 review (STEVE). Steve: no basket,,,,,NO_BASKET,NO_BASKET,NO_BASKET,NO_BASKET,1.67,17.42,39.36,178.64,NO_BASKET,NO_BASKET,NO_BASKET,NO_BASKET
2024-08-27,DRAM / HBM memory bottleneck,FIRST_HC_NOT_FIRST_MENTION,high_conviction,2,9,"Invest Like the Best — AI, semiconductors, and the robotic frontier (EP.385)","Inference will increasingly shift to on-device (edge) compute, with DRAM capacity on phones becoming the key differentiating spec","Baker argues that AI inference will follow historical compute cycles and shift toward decentralization, with a 'local when you can, cloud when you must' model becoming the dominant paradigm for on-device AI. He contends that DRAM capacity — not flash storage — will become the defining hardware specification for smartphones, because DRAM determines the maximum parameter count of models that can run locally on a device. Apple is uniquely positioned to capture this shift due to its iOS distribution chokehold, which gives it unmatched leverage to monetize a tiered AI intelligence subscription model and a premium 'super phone' market segment. Baker frames this as a structural, multi-year shift with explicit downstream consequences: a bifurcated phone market where AI capability is gated by DRAM, and Apple sitting at the top of the value chain as the primary beneficiary. No specific numeric targets or timeframes were cited, but the conviction is high and the implication is to be long AAPL as the clearest expression of this thesis.","AAPL, MU",MU,OBVIOUS_UNIVERSE,LONG,False,,,,,,12.28,6.88,22.18,859.85,3.11,-0.55,19.01,124.21,9.18,7.44,3.18,735.64
2024-08-27,Humanoid robotics / Tesla Optimus,FIRST_HC_NOT_FIRST_MENTION,high_conviction,3,6,"Invest Like the Best — AI, semiconductors, and the robotic frontier (EP.385)",Humanoid robots will dominate robotics because the physical world is optimized for humans and manufacturing scale creates cost advantages over specialized robots,"Baker argues that humanoid robots represent the same paradigm shift for robotics that GPT represented for AI — a generalizable form factor that will dominate over specialized robots due to the cost advantages of massive manufacturing scale. He contends that while specialized robots may outperform humanoids at specific tasks, they cannot compete with the cost curve that comes from producing humanoid robots at scale, analogous to how general-purpose computing displaced specialized hardware. Baker cites Google's RT-2 research as evidence that LLMs embedded in humanoid robots dramatically reduce training requirements by leveraging world models, making the technology increasingly practical. He views incumbents with deep expertise in batteries, actuators, and motors — and crucially, large proprietary datasets — as structurally advantaged, with Tesla's Optimus program being the clearest example of a US-listed company positioned to benefit. Baker characterizes humanoid robotics as potentially a bigger near-term disruption than white-collar AI automation, expressing high conviction that the humanoid form factor wins the robotics race.",TSLA,TSLA,BAKER_NAMED,LONG,False,,,,,,21.51,61.84,59.59,70.21,3.11,-0.55,19.01,124.21,18.41,62.39,40.58,-54.0
2024-08-27,Humanoid robotics / Tesla Optimus,THIRD_MENTION_WITHIN_1YR,high_conviction,3,6,"Invest Like the Best — AI, semiconductors, and the robotic frontier (EP.385)",Humanoid robots will dominate robotics because the physical world is optimized for humans and manufacturing scale creates cost advantages over specialized robots,"Baker argues that humanoid robots represent the same paradigm shift for robotics that GPT represented for AI — a generalizable form factor that will dominate over specialized robots due to the cost advantages of massive manufacturing scale. He contends that while specialized robots may outperform humanoids at specific tasks, they cannot compete with the cost curve that comes from producing humanoid robots at scale, analogous to how general-purpose computing displaced specialized hardware. Baker cites Google's RT-2 research as evidence that LLMs embedded in humanoid robots dramatically reduce training requirements by leveraging world models, making the technology increasingly practical. He views incumbents with deep expertise in batteries, actuators, and motors — and crucially, large proprietary datasets — as structurally advantaged, with Tesla's Optimus program being the clearest example of a US-listed company positioned to benefit. Baker characterizes humanoid robotics as potentially a bigger near-term disruption than white-collar AI automation, expressing high conviction that the humanoid form factor wins the robotics race.",TSLA,TSLA,BAKER_NAMED,LONG,False,,,,,,21.51,61.84,59.59,70.21,3.11,-0.55,19.01,124.21,18.41,62.39,40.58,-54.0
2024-08-27,SaaS existential disruption,FIRST_MENTION_AND_HC,high_conviction,1,6,"Invest Like the Best — AI, semiconductors, and the robotic frontier (EP.385)",Traditional SaaS companies face existential disruption from AI-first thin-wrapper competitors attacking labor budgets rather than software budgets,"Baker argues that AI-first application companies represent an existential threat to traditional SaaS businesses by attacking a fundamentally different budget line — labor budgets rather than software budgets. He cites specific evidence that AI-first companies are going from zero to $30M ARR in just 9 months, dramatically outpacing traditional SaaS growth benchmarks, while simultaneously being more cash-flow efficient despite carrying higher AI marginal costs. The threat is two-sided: traditional SaaS incumbents face AI-native competitors entering every vertical, and they also face potential seat count reduction as AI agents replace the human workers who were previously the end-users of those SaaS seats. Baker singles out SaaS investments made at peak valuations in 2021 as particularly impaired, implying those vintages face both multiple compression and fundamental business model erosion. The investment implication is to be cautious or short traditional SaaS incumbents and to watch AI-first application companies as the emerging competitive threat, though no specific public equities are named.",,"CRM, NOW, TEAM, SNOW, HUBS",OBVIOUS_UNIVERSE,SHORT,False,All mentions. HUBS restored.,,,,,-2.82,-41.62,-23.77,-25.13,3.11,-0.55,19.01,124.21,-5.93,-41.07,-42.78,-149.34
2024-12-07,China AI distillation / export controls,FIRST_MENTION,moderate,1,6,"All-In Podcast — Trump transition, SEC/crypto regulation, xAI Colossus, AI scaling laws, MicroStrategy, defense tech","US chip export restrictions on China are functioning as a 'sophon' (Three Body Problem reference) — a meaningful handicap — but necessity-driven Chinese innovation is keeping them just behind the frontier, a risk that may close when Blackwell ships","Baker argues that US chip export restrictions on China are functioning as a meaningful handicap — analogous to the 'sophon' from The Three Body Problem — but that Chinese AI labs have nonetheless managed to stay just behind the frontier through necessity-driven innovation despite severe compute constraints. He acknowledges the export control strategy is working as policy but warns it is not a permanent solution, as Chinese ingenuity under pressure is a real and underappreciated risk. However, Baker believes the imminent arrival of Blackwell GPUs, next-generation AMD chips, and custom ASICs from Broadcom will create a compute gap so large that China will no longer be able to keep pace, effectively widening the frontier advantage for US AI players. The investment implication is that companies supplying the most advanced AI compute — particularly those whose products China cannot access — stand to benefit as the gap widens, while the thesis also supports the continued strategic value of export controls as policy. Baker's view is forward-looking and qualified, contingent on Blackwell shipments proceeding as expected.","NVDA, AMD, AVGO","ASML, LRCX, AMAT, KLAC",OBVIOUS_UNIVERSE,LONG,False,All mentions. NVDA/MIXED was wrong (NVDA loses China revenue). Thesis = Western semicap-equipment monopolies protected by export controls.,,,,,1.47,-2.89,83.09,INSUFFICIENT_DATA,0.9,-10.38,51.39,INSUFFICIENT_DATA,0.57,7.49,31.69,INSUFFICIENT_DATA
2024-12-07,China AI distillation / export controls,FIRST_MENTION_WITH_TICKERS,moderate,1,6,"All-In Podcast — Trump transition, SEC/crypto regulation, xAI Colossus, AI scaling laws, MicroStrategy, defense tech","US chip export restrictions on China are functioning as a 'sophon' (Three Body Problem reference) — a meaningful handicap — but necessity-driven Chinese innovation is keeping them just behind the frontier, a risk that may close when Blackwell ships","Baker argues that US chip export restrictions on China are functioning as a meaningful handicap — analogous to the 'sophon' from The Three Body Problem — but that Chinese AI labs have nonetheless managed to stay just behind the frontier through necessity-driven innovation despite severe compute constraints. He acknowledges the export control strategy is working as policy but warns it is not a permanent solution, as Chinese ingenuity under pressure is a real and underappreciated risk. However, Baker believes the imminent arrival of Blackwell GPUs, next-generation AMD chips, and custom ASICs from Broadcom will create a compute gap so large that China will no longer be able to keep pace, effectively widening the frontier advantage for US AI players. The investment implication is that companies supplying the most advanced AI compute — particularly those whose products China cannot access — stand to benefit as the gap widens, while the thesis also supports the continued strategic value of export controls as policy. Baker's view is forward-looking and qualified, contingent on Blackwell shipments proceeding as expected.","NVDA, AMD, AVGO","ASML, LRCX, AMAT, KLAC",OBVIOUS_UNIVERSE,LONG,False,All mentions. NVDA/MIXED was wrong (NVDA loses China revenue). Thesis = Western semicap-equipment monopolies protected by export controls.,,,,,1.47,-2.89,83.09,INSUFFICIENT_DATA,0.9,-10.38,51.39,INSUFFICIENT_DATA,0.57,7.49,31.69,INSUFFICIENT_DATA
2024-12-07,Coding as killer AI app,FIRST_MENTION_AND_HC,high_conviction,1,3,"All-In Podcast — Trump transition, SEC/crypto regulation, xAI Colossus, AI scaling laws, MicroStrategy, defense tech","Human language will become the dominant programming language within the next year, fundamentally restructuring the software industry","Baker argues that within the next year, human language will become the dominant programming language, fundamentally restructuring how software is built and who builds it. He points to AI coding tools like Cursor as evidence that non-engineers can already build and deploy production applications, estimating current tools are 70-80% of the way to full autonomous software development. Within 12 months, Baker expects AI to autonomously handle QA, debugging, UX iteration, and deployment, dramatically compressing software development costs and headcount. The implication is a structural disruption to the software labor market and potentially to companies whose moats depend on large engineering workforces, while benefiting AI coding tool providers — though no single US-listed pure-play on this thesis is unambiguous enough to add with confidence.",,,NO_BASKET,LONG,False,,,,,,NO_BASKET,NO_BASKET,NO_BASKET,INSUFFICIENT_DATA,0.9,-10.38,51.39,INSUFFICIENT_DATA,NO_BASKET,NO_BASKET,NO_BASKET,INSUFFICIENT_DATA
2024-12-07,MSTR / Bitcoin strategy risk,FIRST_MENTION_AND_HC,high_conviction,1,1,"All-In Podcast — Trump transition, SEC/crypto regulation, xAI Colossus, AI scaling laws, MicroStrategy, defense tech",MicroStrategy's debt-funded Bitcoin accumulation strategy has a structural ceiling and will break down at scale,"Baker argues that MicroStrategy's debt-funded Bitcoin accumulation strategy is structurally flawed and will eventually break down as the company scales. The core problem, he explains, is that MSTR's underlying software business generates only ~$400M in revenue with high gross margins, supporting only ~$75M in annual interest expense on its convertible notes — meaning the equity cushion underpinning the debt is thin relative to the Bitcoin holdings. The 'magic money machine' narrative fails at scale because fixed income markets do not yet treat Bitcoin as reliable collateral, requiring heavy over-collateralization (e.g., $10 of Bitcoin per $1 of debt), which limits how large the strategy can grow before the debt load overwhelms the company's capacity to service it. Baker cites the adage 'no trees grow to the sky' and concludes the strategy 'will get to a point where it is too big for the size of his company,' though he holds no position himself and notes many hedge funds are already short MSTR as a result of this structural view.",MSTR,MSTR,BAKER_NAMED,SHORT,False,,,,,,10.25,27.94,49.83,INSUFFICIENT_DATA,0.9,-10.38,51.39,INSUFFICIENT_DATA,9.35,38.32,-1.57,INSUFFICIENT_DATA
2024-12-07,MSTR / Bitcoin strategy risk,FIRST_MENTION_WITH_TICKERS,high_conviction,1,1,"All-In Podcast — Trump transition, SEC/crypto regulation, xAI Colossus, AI scaling laws, MicroStrategy, defense tech",MicroStrategy's debt-funded Bitcoin accumulation strategy has a structural ceiling and will break down at scale,"Baker argues that MicroStrategy's debt-funded Bitcoin accumulation strategy is structurally flawed and will eventually break down as the company scales. The core problem, he explains, is that MSTR's underlying software business generates only ~$400M in revenue with high gross margins, supporting only ~$75M in annual interest expense on its convertible notes — meaning the equity cushion underpinning the debt is thin relative to the Bitcoin holdings. The 'magic money machine' narrative fails at scale because fixed income markets do not yet treat Bitcoin as reliable collateral, requiring heavy over-collateralization (e.g., $10 of Bitcoin per $1 of debt), which limits how large the strategy can grow before the debt load overwhelms the company's capacity to service it. Baker cites the adage 'no trees grow to the sky' and concludes the strategy 'will get to a point where it is too big for the size of his company,' though he holds no position himself and notes many hedge funds are already short MSTR as a result of this structural view.",MSTR,MSTR,BAKER_NAMED,SHORT,False,,,,,,10.25,27.94,49.83,INSUFFICIENT_DATA,0.9,-10.38,51.39,INSUFFICIENT_DATA,9.35,38.32,-1.57,INSUFFICIENT_DATA
2024-12-07,Nuclear / clean energy for AI,FIRST_MENTION_AND_HC,high_conviction,1,1,"All-In Podcast — Trump transition, SEC/crypto regulation, xAI Colossus, AI scaling laws, MicroStrategy, defense tech",Nuclear energy is the best near-term solution for US electricity capacity expansion; solar is the long-term winner but 50 years away from dominance,"Baker argues that nuclear energy is the best near-term solution for US electricity capacity expansion, citing its environmental credentials (when done correctly) and immediate availability as key advantages over alternatives. He frames this in the context of AI datacenter buildout and US manufacturing competitiveness, where power constraints are an acute bottleneck that cannot wait for longer-term solutions. Solar, he contends, will ultimately dominate global energy production through compounding efficiency gains in photovoltaics and battery storage, but remains land-constrained and is roughly 50 years away from being cheap enough to broadly displace coal. Baker's view is that both nuclear and solar are needed, but nuclear is the actionable near-term investment thesis while solar is a multi-decade structural story. No specific companies or price targets were cited, leaving the thesis at the thematic/sector level without a named equity expression.",,"CCJ, VST, CEG",CONSTRUCTED,LONG,False,v4 review (CHANGE). No SMR/OKLO,,,,,8.48,-19.99,47.97,INSUFFICIENT_DATA,0.9,-10.38,51.39,INSUFFICIENT_DATA,7.59,-9.6,-3.43,INSUFFICIENT_DATA
2024-12-07,Reasoning / inference-time compute,FIRST_MENTION_AND_HC,high_conviction,1,7,"All-In Podcast — Trump transition, SEC/crypto regulation, xAI Colossus, AI scaling laws, MicroStrategy, defense tech",Test-time compute (inference scaling) is a new and underappreciated axis of AI capability improvement that extends the AI investment thesis even if training scaling plateaus,"Baker argues that test-time compute — allowing AI models to 'think longer' on harder problems rather than applying uniform inference time regardless of complexity — represents a new and underappreciated scaling law dimension that extends the AI investment thesis beyond training-side improvements. He explains that models like OpenAI's o1 demonstrate that reasoning time can dramatically improve output quality, effectively increasing model 'IQ' on complex tasks without requiring larger training runs. This matters because it means AI capability improvements are not solely dependent on ever-larger training clusters, and the investment thesis for AI infrastructure remains intact even if training scaling laws plateau. Baker states 'we're just at the beginning of this new scaling law,' implying that inference compute demand will grow substantially as o1-style reasoning models proliferate. The implication is that inference-side infrastructure — chips, servers, and data centers optimized for sustained compute — will see rising demand, though Baker does not name specific beneficiaries in this segment.",,,NO_BASKET,,False,clustering-fix (2026-07-16) NO_BASKET: flag decision: not a trade,,,,,NO_BASKET,NO_BASKET,NO_BASKET,INSUFFICIENT_DATA,0.9,-10.38,51.39,INSUFFICIENT_DATA,NO_BASKET,NO_BASKET,NO_BASKET,INSUFFICIENT_DATA
2024-12-07,xAI competitive position,THIRD_MENTION_WITHIN_1YR,moderate,3,9,"All-In Podcast — Trump transition, SEC/crypto regulation, xAI Colossus, AI scaling laws, MicroStrategy, defense tech","Nvidia was saved from a difficult 6-month period (Blackwell delay) by Elon's Colossus build, which caused competitors to rush-buy H100 Hoppers","Baker argues that Elon Musk's rapid construction of the Colossus supercluster (100,000 H100 GPUs) served as an inadvertent lifeline for Nvidia during a potentially difficult six-month period caused by Blackwell delays. When Colossus demonstrated that a 100K coherent GPU cluster was achievable — contradicting skepticism from engineers at Meta and Google who believed it was impossible — other hyperscalers and AI labs that had been waiting for Blackwell instead rushed to purchase available Hopper (H100) inventory to build their own large clusters. This demand surge filled the revenue gap that Nvidia would have otherwise faced during the Blackwell transition period. Baker presents this as his own interpretive thesis rather than established fact, framing it as a contingent but plausible reading of the supply/demand dynamics in the GPU market during late 2024. The investment implication is retrospective: Nvidia's revenue continuity through the Blackwell delay was structurally supported by this unexpected demand catalyst, reinforcing the view that Nvidia's dominance in AI compute is resilient even during product transition gaps.",NVDA,,NO_BASKET,LONG,False,,,,,,NO_BASKET,NO_BASKET,NO_BASKET,INSUFFICIENT_DATA,0.9,-10.38,51.39,INSUFFICIENT_DATA,NO_BASKET,NO_BASKET,NO_BASKET,INSUFFICIENT_DATA
2025-01-04,DRAM / HBM memory bottleneck,THIRD_MENTION_WITHIN_1YR,high_conviction,3,9,All-In Podcast — 2025 predictions (bestie guest Gavin Baker),High bandwidth memory (HBM) producers are the best performing asset of 2025 due to persistent compute scarcity,"Baker argues that high bandwidth memory (HBM) producers represent his single best-performing asset pick for 2025, driven by a structural supply-demand imbalance that he expects to persist throughout the year. He contends that HBM constitutes a larger share of GPU cost-of-goods-sold than TSMC's wafer contribution, underscoring how critical and valuable this component has become in the AI compute stack. With only SK Hynix and Micron capable of producing HBM at scale — Samsung having struggled to qualify its product — the effective supply base is extremely narrow against surging demand from both training and inference workloads. Baker notes HBM has been sold out for two years and that the rise of test-time compute and inference scaling makes HBM even more critical going forward, reinforcing his view that pricing power and volume will remain favorable for qualified producers through at least 2025.",MU,"MU, 000660.KS",BAKER_NAMED,LONG,False,v4 review (CHANGE). Named both,,,,,-4.76,-33.89,230.54,INSUFFICIENT_DATA,-4.57,-30.85,46.09,INSUFFICIENT_DATA,-0.19,-3.04,184.45,INSUFFICIENT_DATA
2025-01-04,Reasoning / inference-time compute,FIRST_MENTION_WITH_TICKERS,high_conviction,2,7,All-In Podcast — 2025 predictions (bestie guest Gavin Baker),Inference compute and test-time compute will cause a second GPU/accelerator shortage in 2025 analogous to 2023,"Baker argues that the emergence of reasoning models (specifically citing o3) has introduced a third scaling axis — test-time/reasoning compute — on top of pre-training and inference-time compute, creating a multiplicative demand shock for GPUs and accelerators. He predicts this will exhaust available GPU and accelerator supply in 2025 in the same way that training demand caused a shortage in 2023, and he makes this claim twice unprompted, signaling high conviction. The primary investment implication is that GPU and accelerator suppliers — most directly NVIDIA as the dominant provider — will see sustained or accelerating demand, and that HBM memory suppliers will face similar supply pressure. Baker also notes that large enterprises capable of funding extended inference runs will gain structural competitive advantages, though no specific enterprise names are the subject of this particular thesis.","NVDA, MU","NVDA, MU",BAKER_NAMED,LONG,False,v4 review (CHANGE). Named both,,,,,-9.32,-34.72,127.2,INSUFFICIENT_DATA,-4.57,-30.85,46.09,INSUFFICIENT_DATA,-4.76,-3.87,81.12,INSUFFICIENT_DATA
2025-01-04,SaaS existential disruption,FIRST_MENTION_WITH_TICKERS,high_conviction,2,6,All-In Podcast — 2025 predictions (bestie guest Gavin Baker),Enterprise application software (SaaS) will be the worst performing asset class of 2025 as AI agents displace them,"Baker argues that enterprise application software (SaaS) will be the worst-performing asset class of 2025, explicitly naming it as his top bearish prediction for the year. His structural reasoning is that AI agents — models capable of taking any action a human can perform online — will displace the human workers that SaaS tools were designed to augment, rendering the productivity-enhancement value proposition of enterprise software obsolete. He contends that the winners in the AI agent era will be hyperscalers and frontier model labs that own proprietary compute and models, whereas SaaS incumbents possess neither, leaving them with no durable competitive moat against AI-native replacements. The investment implication is to be short or underweight enterprise SaaS broadly; Chamath Palihapitiya independently reached the identical conclusion during the same discussion, lending additional conviction to the bearish view. No specific price targets or revenue figures were cited, but the timeframe is 2025 and the claim is categorical — not a gradual headwind but a structural displacement.","CRM, NOW, WDAY","CRM, NOW, TEAM, SNOW, HUBS",OBVIOUS_UNIVERSE,SHORT,False,All mentions. HUBS restored.,,,,,-8.92,27.15,20.92,INSUFFICIENT_DATA,-4.57,-30.85,46.09,INSUFFICIENT_DATA,-4.35,58.0,-25.16,INSUFFICIENT_DATA
2025-01-28,AI capex ROI positive,FIRST_MENTION_AND_HC,high_conviction,1,8,iConnections Global Alts 2025 — The Future of AI,2025 is the year of AI applications — software and internet companies will be primary beneficiaries of higher AI ROI,"Baker argues that 2025 marks the inflection point where AI value creation shifts from infrastructure buildout to the application layer, meaning software and internet companies become the primary beneficiaries of AI ROI. His reasoning is that as inference costs fall dramatically — validated by the DeepSeek news — the marginal dollar of AI spend increasingly flows to companies deploying AI in products rather than those building training infrastructure. He cites the market reaction on 'DeepSeek bounce day,' where software and internet stocks outperformed, as real-time confirmation of this thesis. The investment implication is to overweight application-layer software and internet platforms that can monetize cheaper AI inference through improved products and higher user engagement, rather than semiconductor or infrastructure names. Baker's view is independently corroborated by collaborator Gracias, who also characterized 2025 as 'the year of the application.'","META, GOOGL, MSFT",,NO_BASKET,,False,"Never-a-trade theme: macro commentary regardless of mention number, NO_BASKET for all mentions (operator 2026-07-16). Supersedes the v4 m4 2025-03-29 -> NVDA CHANGE.",,,,,NO_BASKET,NO_BASKET,NO_BASKET,INSUFFICIENT_DATA,-4.85,-12.54,74.18,INSUFFICIENT_DATA,NO_BASKET,NO_BASKET,NO_BASKET,INSUFFICIENT_DATA
2025-01-28,AI capex ROI positive,FIRST_MENTION_WITH_TICKERS,high_conviction,1,8,iConnections Global Alts 2025 — The Future of AI,2025 is the year of AI applications — software and internet companies will be primary beneficiaries of higher AI ROI,"Baker argues that 2025 marks the inflection point where AI value creation shifts from infrastructure buildout to the application layer, meaning software and internet companies become the primary beneficiaries of AI ROI. His reasoning is that as inference costs fall dramatically — validated by the DeepSeek news — the marginal dollar of AI spend increasingly flows to companies deploying AI in products rather than those building training infrastructure. He cites the market reaction on 'DeepSeek bounce day,' where software and internet stocks outperformed, as real-time confirmation of this thesis. The investment implication is to overweight application-layer software and internet platforms that can monetize cheaper AI inference through improved products and higher user engagement, rather than semiconductor or infrastructure names. Baker's view is independently corroborated by collaborator Gracias, who also characterized 2025 as 'the year of the application.'","META, GOOGL, MSFT",,NO_BASKET,,False,"Never-a-trade theme: macro commentary regardless of mention number, NO_BASKET for all mentions (operator 2026-07-16). Supersedes the v4 m4 2025-03-29 -> NVDA CHANGE.",,,,,NO_BASKET,NO_BASKET,NO_BASKET,INSUFFICIENT_DATA,-4.85,-12.54,74.18,INSUFFICIENT_DATA,NO_BASKET,NO_BASKET,NO_BASKET,INSUFFICIENT_DATA
2025-01-28,AI capex ROI positive,HC_HIGH_PROFILE_VENUE,high_conviction,1,8,iConnections Global Alts 2025 — The Future of AI,2025 is the year of AI applications — software and internet companies will be primary beneficiaries of higher AI ROI,"Baker argues that 2025 marks the inflection point where AI value creation shifts from infrastructure buildout to the application layer, meaning software and internet companies become the primary beneficiaries of AI ROI. His reasoning is that as inference costs fall dramatically — validated by the DeepSeek news — the marginal dollar of AI spend increasingly flows to companies deploying AI in products rather than those building training infrastructure. He cites the market reaction on 'DeepSeek bounce day,' where software and internet stocks outperformed, as real-time confirmation of this thesis. The investment implication is to overweight application-layer software and internet platforms that can monetize cheaper AI inference through improved products and higher user engagement, rather than semiconductor or infrastructure names. Baker's view is independently corroborated by collaborator Gracias, who also characterized 2025 as 'the year of the application.'","META, GOOGL, MSFT",,NO_BASKET,,False,"Never-a-trade theme: macro commentary regardless of mention number, NO_BASKET for all mentions (operator 2026-07-16). Supersedes the v4 m4 2025-03-29 -> NVDA CHANGE.",,,,,NO_BASKET,NO_BASKET,NO_BASKET,INSUFFICIENT_DATA,-4.85,-12.54,74.18,INSUFFICIENT_DATA,NO_BASKET,NO_BASKET,NO_BASKET,INSUFFICIENT_DATA
2025-01-28,Scaling laws intact,HC_HIGH_PROFILE_VENUE,high_conviction,5,8,iConnections Global Alts 2025 — The Future of AI,"DeepSeek R1 de-risks AI by revealing two new scaling laws beyond pre-training, extending the AI investment runway 5-10 years","Baker argues that DeepSeek R1 was a major de-risking event for AI investment theses, not a threat, because it empirically revealed two new scaling laws beyond pre-training: reinforcement learning during post-training and test-time compute scaling. Prior to OpenAI's O1/O3 and DeepSeek R1, the AI investment community only had pre-training scaling laws as a mechanistically understood growth driver, and there was meaningful risk that scaling laws were breaking down. By demonstrating that RL post-training and test-time compute are additional, independently scalable dimensions, Baker contends the AI buildout cycle is extended materially — explicitly stating it is 'not ending anytime in the next 5 to 10 years.' The investment implication is that the AI infrastructure and foundation model buildout remains a durable multi-year theme, and the key bear case (scaling exhaustion) has been substantially invalidated.",NVDA,,NO_BASKET,,False,"v4 review: NO_BASKET (removed from scored returns). Theme is macro commentary, never a specific trade",,,,,NO_BASKET,NO_BASKET,NO_BASKET,INSUFFICIENT_DATA,-4.85,-12.54,74.18,INSUFFICIENT_DATA,NO_BASKET,NO_BASKET,NO_BASKET,INSUFFICIENT_DATA
2025-03-29,Neoclouds as durable model,FIRST_MENTION_AND_HC,high_conviction,1,4,"All-In Podcast — E221: AI cold war, Signalgate, CoreWeave IPO, tariffs",Nvidia's investment in neoclouds like CoreWeave was strategically rational — it diversified the buyer base and reduced hyperscaler pricing power,"Baker argues that Nvidia's decision to invest in neoclouds like CoreWeave was a strategically rational move analogous to Intel's historic 'Intel Inside' program — it was about market structure, not revenue inflation. By funding CoreWeave and similar neoclouds, Nvidia deliberately fragmented the buyer base, reducing the pricing and negotiating power of the AWS/Azure/GCP hyperscaler oligopoly, which had been capturing an outsized share of GPU procurement leverage. Baker explicitly states that Nvidia would have sold those GPUs to hyperscalers anyway, so the investments did not inflate revenues; instead, they accelerated GPU deployment via reference architectures and diversified demand. The strategic payoff, in Baker's view, is visible in the fact that the big three hyperscalers' incremental share of Nvidia's revenue declined — a structural outcome Nvidia engineered intentionally. The investment implication is that Nvidia's competitive moat is deeper than it appears, as the company actively manages its customer concentration risk and supply chain influence rather than passively benefiting from AI demand.",NVDA,,NO_BASKET,,False,clustering-fix (2026-07-16) NO_BASKET: flag decision: not a trade,,,,,NO_BASKET,NO_BASKET,NO_BASKET,INSUFFICIENT_DATA,-0.09,30.44,85.93,INSUFFICIENT_DATA,NO_BASKET,NO_BASKET,NO_BASKET,INSUFFICIENT_DATA
2025-03-29,Neoclouds as durable model,FIRST_MENTION_WITH_TICKERS,high_conviction,1,4,"All-In Podcast — E221: AI cold war, Signalgate, CoreWeave IPO, tariffs",Nvidia's investment in neoclouds like CoreWeave was strategically rational — it diversified the buyer base and reduced hyperscaler pricing power,"Baker argues that Nvidia's decision to invest in neoclouds like CoreWeave was a strategically rational move analogous to Intel's historic 'Intel Inside' program — it was about market structure, not revenue inflation. By funding CoreWeave and similar neoclouds, Nvidia deliberately fragmented the buyer base, reducing the pricing and negotiating power of the AWS/Azure/GCP hyperscaler oligopoly, which had been capturing an outsized share of GPU procurement leverage. Baker explicitly states that Nvidia would have sold those GPUs to hyperscalers anyway, so the investments did not inflate revenues; instead, they accelerated GPU deployment via reference architectures and diversified demand. The strategic payoff, in Baker's view, is visible in the fact that the big three hyperscalers' incremental share of Nvidia's revenue declined — a structural outcome Nvidia engineered intentionally. The investment implication is that Nvidia's competitive moat is deeper than it appears, as the company actively manages its customer concentration risk and supply chain influence rather than passively benefiting from AI demand.",NVDA,,NO_BASKET,,False,clustering-fix (2026-07-16) NO_BASKET: flag decision: not a trade,,,,,NO_BASKET,NO_BASKET,NO_BASKET,INSUFFICIENT_DATA,-0.09,30.44,85.93,INSUFFICIENT_DATA,NO_BASKET,NO_BASKET,NO_BASKET,INSUFFICIENT_DATA
2025-05-28,DRAM / HBM memory bottleneck,HC_HIGH_PROFILE_VENUE,high_conviction,4,9,HedgeFundAlpha (writeup) — SK Hynix / HBM pitch,"AI's shift from training to inference is driving rapid and accelerating growth in memory demand, particularly HBM.","Baker argues that the AI industry's structural shift from training-dominated workloads to inference (including reasoning models) is the primary driver of accelerating demand for high-bandwidth memory. His reasoning is that inference workloads — especially those involving large reasoning models — require substantially more memory bandwidth and capacity per unit of compute than training, meaning that as inference scales, memory demand grows disproportionately. This makes HBM the critical bottleneck and investment opportunity in the AI infrastructure stack. The investment implication is a long position in HBM producers, with SK Hynix (000660.KS) named explicitly as the core position in his Sohn Montreal pitch, and Micron (MU) as the only US-listed HBM producer that directly benefits from the same structural demand tailwind. Samsung (SSNLF) is the third major HBM producer but is OTC-listed and has faced HBM qualification challenges, making it a weaker implied beneficiary.","000660.KS, MU","MU, 000660.KS",BAKER_NAMED,LONG,False,"v4 review (CHANGE). Sohn pitch, named both",,,,,29.72,22.54,911.98,INSUFFICIENT_DATA,14.88,22.82,147.89,INSUFFICIENT_DATA,14.84,-0.28,764.09,INSUFFICIENT_DATA
2025-05-28,Reasoning / inference-time compute,THIRD_MENTION_WITHIN_1YR,high_conviction,3,7,HedgeFundAlpha (writeup) — SK Hynix / HBM pitch,Reasoning models (advanced inference-time compute scaling) are a structural catalyst for HBM demand growth beyond what consensus expects.,"Baker argues that the emergence of reasoning models — which scale compute at inference time rather than only at training time — represents a structural catalyst for HBM demand that the market is materially underestimating. Reasoning models require significantly more memory bandwidth per inference step compared to standard forward-pass models, meaning each inference job consumes far more HBM capacity, driving a step-change in memory intensity per GPU cluster. This implies that consensus HBM demand forecasts, which may be anchored to training-era assumptions, are too low, and that HBM suppliers stand to benefit disproportionately as inference workloads scale. Baker frames this as a reshaping force across the semiconductor landscape, with SK Hynix (the dominant HBM supplier) as the primary beneficiary, and Micron as the only US-listed HBM producer also positioned to capture incremental demand. The investment implication is to be long HBM-exposed memory producers, particularly those with leading HBM3e and HBM4 capacity, as reasoning model adoption accelerates through the medium term.","000660.KS, MU",MU,OBVIOUS_UNIVERSE,LONG,False,Sohn Montreal 2025-05-28: 'reasoning drives HBM demand' -> MU.,,,,,29.72,22.54,911.98,INSUFFICIENT_DATA,14.88,22.82,147.89,INSUFFICIENT_DATA,14.84,-0.28,764.09,INSUFFICIENT_DATA
2025-05-28,Reasoning / inference-time compute,HC_HIGH_PROFILE_VENUE,high_conviction,3,7,HedgeFundAlpha (writeup) — SK Hynix / HBM pitch,Reasoning models (advanced inference-time compute scaling) are a structural catalyst for HBM demand growth beyond what consensus expects.,"Baker argues that the emergence of reasoning models — which scale compute at inference time rather than only at training time — represents a structural catalyst for HBM demand that the market is materially underestimating. Reasoning models require significantly more memory bandwidth per inference step compared to standard forward-pass models, meaning each inference job consumes far more HBM capacity, driving a step-change in memory intensity per GPU cluster. This implies that consensus HBM demand forecasts, which may be anchored to training-era assumptions, are too low, and that HBM suppliers stand to benefit disproportionately as inference workloads scale. Baker frames this as a reshaping force across the semiconductor landscape, with SK Hynix (the dominant HBM supplier) as the primary beneficiary, and Micron as the only US-listed HBM producer also positioned to capture incremental demand. The investment implication is to be long HBM-exposed memory producers, particularly those with leading HBM3e and HBM4 capacity, as reasoning model adoption accelerates through the medium term.","000660.KS, MU",MU,OBVIOUS_UNIVERSE,LONG,False,Sohn Montreal 2025-05-28: 'reasoning drives HBM demand' -> MU.,,,,,29.72,22.54,911.98,INSUFFICIENT_DATA,14.88,22.82,147.89,INSUFFICIENT_DATA,14.84,-0.28,764.09,INSUFFICIENT_DATA
2025-07-17,China AI distillation / export controls,THIRD_MENTION_WITHIN_1YR,moderate,3,6,"All-In Podcast — Markets: pricing in tariffs, Trump vs Powell, the $10 trillion AGI prize",Huawei's Cloud Matrix 384 (fiber-optic interconnect) is a credible threat to US AI chip dominance if China has unconstrained power,"Baker argues that Huawei's Cloud Matrix 384 represents a credible and maturing domestic Chinese alternative to Nvidia's AI chips, specifically because it uses fiber-optic interconnects instead of copper to link chips at scale. While this architecture is less power-efficient than Nvidia's Blackwell NVL72, Baker notes that China has abundant power capacity, which neutralizes this disadvantage and makes the system viable for large-scale AI training. The implication is that if China's domestic AI chip ecosystem matures unconstrained by power limitations, Nvidia faces a structural risk to its dominance in the Chinese market and potentially globally, as Chinese hyperscalers could substitute away from US silicon. Baker uses this analysis to support the argument that H20 export restrictions are strategically important — without them, Huawei's alternative gains further legitimacy and adoption. The investment implication is a medium-term headwind for Nvidia's addressable market in China, with no clear US-listed direct beneficiary from Huawei's rise.",NVDA,"ASML, LRCX, AMAT, KLAC",OBVIOUS_UNIVERSE,LONG,False,All mentions. NVDA/MIXED was wrong (NVDA loses China revenue). Thesis = Western semicap-equipment monopolies protected by export controls.,,,,,-6.0,28.66,159.84,INSUFFICIENT_DATA,1.35,17.16,92.17,INSUFFICIENT_DATA,-7.35,11.49,67.67,INSUFFICIENT_DATA
2025-07-17,Inference economics / token factories,FIRST_MENTION_AND_HC,high_conviction,1,4,"All-In Podcast — Markets: pricing in tariffs, Trump vs Powell, the $10 trillion AGI prize",Being the lowest-cost token producer will be the defining competitive advantage in AI — a structural shift from prior tech cycles,"Baker argues that for the first time in his 25-year career as a technology investor, being the lowest-cost producer is the defining competitive advantage — a structural break from prior tech cycles where cost leadership was largely irrelevant. In AI, tokens produced per dollar of capital expenditure are the unit of intelligence, because more tokens enable greater test-time compute and post-training reinforcement learning, which directly translates to model capability. Companies that can produce tokens most cheaply will therefore compound their intelligence advantage over rivals in a way that has no historical precedent in tech investing. The investment implication is to favor companies with the most efficient AI infrastructure — those with proprietary silicon, the largest scale, or the most optimized training and inference stacks — over those that must rely on expensive third-party compute. Baker does not name specific winners explicitly, but the thesis structurally favors hyperscalers with custom silicon programs and companies building the most efficient inference and training hardware.",,CRWV,BAKER_NAMED,LONG,False,Source -> BAKER_NAMED; basket CRWV stays.,,,,,-24.39,5.32,-44.74,INSUFFICIENT_DATA,1.35,17.16,92.17,INSUFFICIENT_DATA,-25.74,-11.85,-136.91,INSUFFICIENT_DATA
2025-07-17,Stablecoin / Visa-MC disruption,FIRST_MENTION,moderate,1,1,"All-In Podcast — Markets: pricing in tariffs, Trump vs Powell, the $10 trillion AGI prize",Stablecoins entrench rather than threaten US dollar dominance — Baker reversed a prior concern,"Baker describes a meaningful shift in his view on stablecoins and their relationship to US dollar dominance. He previously worried that stablecoins posed a risk to the dollar's reserve currency status, but after engaging with David Sacks's framing, he now believes the opposite: when a currency is already dominant, stablecoins entrench and extend that dominance by creating new digital rails that are denominated in and dependent on that currency. The implication is that stablecoins effectively export dollar hegemony globally, making the dollar more embedded in international commerce rather than less. Baker frames this explicitly as a view update, noting 'I just had not thought of them that way,' suggesting this is a recent intellectual shift rather than a long-held conviction. The investment implication is broadly constructive for crypto infrastructure and stablecoin-adjacent financial rails, though Baker does not name specific companies or assets as beneficiaries in this segment.",,"V, MA",OBVIOUS_UNIVERSE,SHORT,False,,,,,,-1.67,-0.21,-1.52,INSUFFICIENT_DATA,1.35,17.16,92.17,INSUFFICIENT_DATA,-3.02,-17.38,-93.68,INSUFFICIENT_DATA
2025-10-22,China AI distillation / export controls,FIRST_HC_NOT_FIRST_MENTION,high_conviction,4,6,"Invested by Aleph — Semiconductors, China/Taiwan fabs, global warming (China's Not Getting Taiwan's Fabs)",US semiconductor export controls on China are working and have extended the Western lead to potentially multi-decade,"Baker argues that US semiconductor export controls on China are working effectively and have dramatically extended the Western technological lead, potentially to a multi-decade timeframe. He explicitly disagrees with Bill Gurley's view that export controls are counterproductive, citing that before controls were implemented China was approximately 6-8 years away from catching up in both semiconductor manufacturing and design, whereas now the gap has widened to roughly 4 years and is likely to continue expanding. His key insight is that semiconductor manufacturing knowledge is tacit and non-transferable — analogous to jet engine technology, which took China the longest to replicate in aviation despite having access to blueprints — meaning that even with stolen plans, China cannot simply copy leading-edge fabs. The investment implication is that Western semiconductor equipment and design companies with dominant positions in the supply chain face no credible Chinese competitive threat for the foreseeable future, reinforcing the durability of their moats and pricing power.","ASML, AMAT, KLAC, LRCX","ASML, LRCX, AMAT, KLAC",OBVIOUS_UNIVERSE,LONG,False,All mentions. NVDA/MIXED was wrong (NVDA loses China revenue). Thesis = Western semicap-equipment monopolies protected by export controls.,,,,,-1.22,43.64,INSUFFICIENT_DATA,INSUFFICIENT_DATA,-3.99,18.53,INSUFFICIENT_DATA,INSUFFICIENT_DATA,2.77,25.11,INSUFFICIENT_DATA,INSUFFICIENT_DATA
2025-10-22,xAI competitive position,FIRST_HC_NOT_FIRST_MENTION,high_conviction,4,9,"Invested by Aleph — Semiconductors, China/Taiwan fabs, global warming (China's Not Getting Taiwan's Fabs)","XAI and Google have the most unique data among frontier labs, giving them structural training advantages","Baker argues that among frontier AI labs, xAI and Google possess the most structurally defensible data moats, giving them durable training advantages over competitors. His reasoning is that xAI has exclusive access to the X platform's real-time social data stream, while Google benefits from its unmatched search index and knowledge graph — both representing data assets that cannot be replicated by rivals. This view represents a refinement of his prior thesis that foundation models lacking unique proprietary data are the fastest-depreciating assets in technology. Baker notes that Anthropic made a smart early bet on code-focused training data, and OpenAI secured internet-scale distribution by being first to market, but neither has the same quality of unique, ongoing data generation as xAI or Google. The investment implication is that GOOGL is the primary publicly-listed beneficiary of this structural data moat thesis, as xAI remains private.",GOOGL,,NO_BASKET,,False,clustering-fix (2026-07-16) NO_BASKET: flag decision: not a trade,,,,,NO_BASKET,NO_BASKET,INSUFFICIENT_DATA,INSUFFICIENT_DATA,-3.99,18.53,INSUFFICIENT_DATA,INSUFFICIENT_DATA,NO_BASKET,NO_BASKET,INSUFFICIENT_DATA,INSUFFICIENT_DATA
2025-10-30,AI capex ROI positive,THIRD_MENTION_WITHIN_1YR,high_conviction,3,8,a16z Podcast — Is there an AI bubble?,Hyperscaler capex ROI has been strongly positive; debate is whether it continues with Blackwell ramp,"Baker argues that the ROI on hyperscaler AI capex has been unambiguously positive to date, citing roughly 10-point increases in ROIC across the major public cloud and AI spenders since they began ramping GPU infrastructure. He contends that the 'AI bubble' debate is largely misframed because the financial returns are already visible in the numbers, not speculative. Baker personally believes ROI will remain positive through the Blackwell buildout cycle, though he acknowledges this forward-looking view is genuinely contested. As a collective buffer against capex risk, he notes these hyperscalers generate approximately $300B in annual free cash flow and hold ~$500B in cash, creating an ~$800B cushion that limits downside even if returns compress. The investment implication is to remain long the major hyperscalers as a group, with the key watch item being whether Blackwell-era spending sustains the ROIC trajectory.","GOOGL, META, MSFT, AMZN",,NO_BASKET,,False,"Never-a-trade theme: macro commentary regardless of mention number, NO_BASKET for all mentions (operator 2026-07-16). Supersedes the v4 m4 2025-03-29 -> NVDA CHANGE.",,,,,NO_BASKET,NO_BASKET,INSUFFICIENT_DATA,INSUFFICIENT_DATA,-2.96,12.51,INSUFFICIENT_DATA,INSUFFICIENT_DATA,NO_BASKET,NO_BASKET,INSUFFICIENT_DATA,INSUFFICIENT_DATA
2025-10-30,Custom ASIC failure thesis,FIRST_MENTION_AND_HC,high_conviction,1,2,a16z Podcast — Is there an AI bubble?,Most custom ASIC programs will fail within 3 years; Google TPU external sales could be the catalyst,"Baker argues that the vast majority of custom ASIC programs being pursued by hyperscalers will fail within three years, making this a high-conviction contrarian call against the prevailing narrative that in-house silicon will displace Nvidia. His reasoning is that custom silicon is extraordinarily difficult to execute — Google itself required three full generations of iteration before its TPU became viable — and most hyperscalers lack the institutional knowledge and engineering depth to replicate that journey. Baker specifically singles out Broadcom's go-to-market strategy of pairing custom ASICs with an Ethernet fabric as an alternative to Nvidia's NVLink/InfiniBand stack, expressing skepticism that this approach will succeed at scale. The investment implication is that Nvidia remains the dominant AI accelerator vendor by default, while AMD persists only as a necessary second-source; Google's potential external TPU sales could be the key catalyst that exposes the weakness of competing ASIC programs by offering a credible third option that most hyperscalers still cannot match internally. Broadcom is identified as the primary company whose ASIC business faces execution risk, while Nvidia is the structural beneficiary if custom ASIC programs broadly fail.","NVDA, AVGO, AMD, GOOGL","NVDA, GOOGL, AVGO(short)",PAIR_TRADE,PAIR_TRADE,False,All mentions. PAIR_TRADE: long NVDA+GOOGL / short AVGO. No returns computed.,,,,,PAIR_TRADE,PAIR_TRADE,PAIR_TRADE,PAIR_TRADE,PAIR_TRADE,PAIR_TRADE,PAIR_TRADE,PAIR_TRADE,PAIR_TRADE,PAIR_TRADE,PAIR_TRADE,PAIR_TRADE
2025-10-30,Custom ASIC failure thesis,FIRST_MENTION_WITH_TICKERS,high_conviction,1,2,a16z Podcast — Is there an AI bubble?,Most custom ASIC programs will fail within 3 years; Google TPU external sales could be the catalyst,"Baker argues that the vast majority of custom ASIC programs being pursued by hyperscalers will fail within three years, making this a high-conviction contrarian call against the prevailing narrative that in-house silicon will displace Nvidia. His reasoning is that custom silicon is extraordinarily difficult to execute — Google itself required three full generations of iteration before its TPU became viable — and most hyperscalers lack the institutional knowledge and engineering depth to replicate that journey. Baker specifically singles out Broadcom's go-to-market strategy of pairing custom ASICs with an Ethernet fabric as an alternative to Nvidia's NVLink/InfiniBand stack, expressing skepticism that this approach will succeed at scale. The investment implication is that Nvidia remains the dominant AI accelerator vendor by default, while AMD persists only as a necessary second-source; Google's potential external TPU sales could be the key catalyst that exposes the weakness of competing ASIC programs by offering a credible third option that most hyperscalers still cannot match internally. Broadcom is identified as the primary company whose ASIC business faces execution risk, while Nvidia is the structural beneficiary if custom ASIC programs broadly fail.","NVDA, AVGO, AMD, GOOGL","NVDA, GOOGL, AVGO(short)",PAIR_TRADE,PAIR_TRADE,False,All mentions. PAIR_TRADE: long NVDA+GOOGL / short AVGO. No returns computed.,,,,,PAIR_TRADE,PAIR_TRADE,PAIR_TRADE,PAIR_TRADE,PAIR_TRADE,PAIR_TRADE,PAIR_TRADE,PAIR_TRADE,PAIR_TRADE,PAIR_TRADE,PAIR_TRADE,PAIR_TRADE
2025-12-09,Anthropic valuation / efficiency,FIRST_MENTION,moderate,1,5,"Invest Like the Best (YouTube) — GPUs, TPUs, economics of AI (Nvidia vs Google)","Anthropic is burning dramatically less cash than OpenAI while growing faster, benefiting from Google/Amazon TPU and Trainium access","Baker argues that Anthropic is demonstrating superior capital efficiency relative to OpenAI, burning dramatically less cash while growing faster, which he attributes in large part to its privileged access to Google TPUs and Amazon Trainium chips — compute infrastructure that carries lower cost than Nvidia GPUs. He notes that Anthropic's cloud partnerships with Google and Amazon effectively give it the same low-cost compute advantages that Google enjoys internally, structurally advantaging it versus OpenAI which relies more heavily on expensive Nvidia hardware. Baker views Anthropic's recent $5B deal with Nvidia as strategically significant, interpreting it as a signal that CEO Dario Amodei believes Blackwell and future Rubin GPUs will be superior to TPUs and that Anthropic is hedging its compute stack accordingly. The investment implication is not a direct public equity play on Anthropic itself (private), but Baker's framing implicitly credits Google and Amazon as infrastructure beneficiaries whose TPU and Trainium platforms are enabling a credible, capital-efficient challenger to OpenAI.","GOOGL, AMZN, NVDA",,NO_BASKET,LONG,False,,,,,,NO_BASKET,NO_BASKET,INSUFFICIENT_DATA,INSUFFICIENT_DATA,5.81,5.51,INSUFFICIENT_DATA,INSUFFICIENT_DATA,NO_BASKET,NO_BASKET,INSUFFICIENT_DATA,INSUFFICIENT_DATA
2025-12-09,Anthropic valuation / efficiency,FIRST_MENTION_WITH_TICKERS,moderate,1,5,"Invest Like the Best (YouTube) — GPUs, TPUs, economics of AI (Nvidia vs Google)","Anthropic is burning dramatically less cash than OpenAI while growing faster, benefiting from Google/Amazon TPU and Trainium access","Baker argues that Anthropic is demonstrating superior capital efficiency relative to OpenAI, burning dramatically less cash while growing faster, which he attributes in large part to its privileged access to Google TPUs and Amazon Trainium chips — compute infrastructure that carries lower cost than Nvidia GPUs. He notes that Anthropic's cloud partnerships with Google and Amazon effectively give it the same low-cost compute advantages that Google enjoys internally, structurally advantaging it versus OpenAI which relies more heavily on expensive Nvidia hardware. Baker views Anthropic's recent $5B deal with Nvidia as strategically significant, interpreting it as a signal that CEO Dario Amodei believes Blackwell and future Rubin GPUs will be superior to TPUs and that Anthropic is hedging its compute stack accordingly. The investment implication is not a direct public equity play on Anthropic itself (private), but Baker's framing implicitly credits Google and Amazon as infrastructure beneficiaries whose TPU and Trainium platforms are enabling a credible, capital-efficient challenger to OpenAI.","GOOGL, AMZN, NVDA",,NO_BASKET,LONG,False,,,,,,NO_BASKET,NO_BASKET,INSUFFICIENT_DATA,INSUFFICIENT_DATA,5.81,5.51,INSUFFICIENT_DATA,INSUFFICIENT_DATA,NO_BASKET,NO_BASKET,INSUFFICIENT_DATA,INSUFFICIENT_DATA
2025-12-09,Inference economics / token factories,FIRST_MENTION_WITH_TICKERS,high_conviction,2,4,"Invest Like the Best (YouTube) — GPUs, TPUs, economics of AI (Nvidia vs Google)",Google has a temporary but significant cost advantage as the lowest-cost token producer due to TPU v6/v7 while Blackwell was delayed,"Baker argues that Google gained a temporary but strategically significant cost advantage in AI inference by training Gemini 3 on TPU v6/v7 while Nvidia's Blackwell GPU generation suffered delays, making Google the lowest-cost token producer in the market during this window. He frames TPU v6/v7 as analogous to an 'F4 Phantom' — a highly capable, battle-tested platform — while Blackwell is the 'F-35,' more powerful but delayed, leaving Google with a meaningful head start. Baker contends this cost advantage is not accidental but reflects a deliberate Google strategy to 'suck the economic oxygen out of the AI ecosystem' by offering AI services at negative margins, thereby starving competitors and startups of the revenue needed to sustain their own model development and infrastructure investment. The investment implication is that Google's vertical integration via TPUs gives it a structural lever to compete on cost that pure-play model companies and cloud rivals relying on Nvidia hardware cannot easily replicate in the near term. Baker views this as a profound and underappreciated dynamic that could reshape competitive positioning across the AI stack.",GOOGL,CRWV,BAKER_NAMED,LONG,False,Source -> BAKER_NAMED; basket CRWV stays.,,,,,-11.6,-11.91,INSUFFICIENT_DATA,INSUFFICIENT_DATA,5.81,5.51,INSUFFICIENT_DATA,INSUFFICIENT_DATA,-17.41,-17.42,INSUFFICIENT_DATA,INSUFFICIENT_DATA
2025-12-09,Nuclear/quantum bubble warning,FIRST_MENTION_AND_HC,high_conviction,1,1,"Invest Like the Best (YouTube) — GPUs, TPUs, economics of AI (Nvidia vs Google)",Nuclear and quantum computing public equities are in bubble territory; the best players are not publicly investable,"Baker argues that publicly traded nuclear/SMR/fusion and quantum computing stocks are in clear bubble territory, with valuations disconnected from fundamentals. His core reasoning is that the actual leaders in quantum computing — Google, IBM, and Honeywell Quantum — are not pure-play public quantum equities but rather large diversified companies where quantum is a minor division, meaning retail investors cannot get clean exposure to the real leaders. Baker explicitly states that none of the public pure-play vehicles are good expressions of the quantum or nuclear theme, and that quantum supremacy is widely misunderstood: quantum computers can perform certain calculations classical computers cannot, but they do not broadly replace classical computing. The investment implication is to avoid the pure-play public quantum and nuclear/SMR stocks, which Baker calls 'really clear bubbles,' rather than to buy the large-cap companies that happen to have quantum programs.",,,NO_BASKET,,False,v4 review (STEVE). Steve: no basket,,,,,NO_BASKET,NO_BASKET,INSUFFICIENT_DATA,INSUFFICIENT_DATA,5.81,5.51,INSUFFICIENT_DATA,INSUFFICIENT_DATA,NO_BASKET,NO_BASKET,INSUFFICIENT_DATA,INSUFFICIENT_DATA
2025-12-09,Orbital / space-based compute,FIRST_MENTION_AND_HC,high_conviction,1,8,"Invest Like the Best (YouTube) — GPUs, TPUs, economics of AI (Nvidia vs Google)",Data centers in space are superior to Earth-based data centers on every first-principles dimension and represent the most important development in the next 3-4 years,"Baker argues that space-based data centers are superior to Earth-based data centers on every first-principles dimension and represent the most important infrastructure development of the next 3-4 years. His reasoning rests on four structural advantages: space receives 6x more usable solar energy (30% more intense sunlight with 24-hour exposure and no battery storage required), cooling is essentially free via radiators facing near-absolute-zero space, inter-rack networking via laser through vacuum is faster than fiber, and direct-to-cell satellite connectivity eliminates terrestrial network hops. Baker identifies SpaceX Starship as the only economically viable launch vehicle to make this feasible at scale, and sees Tesla, SpaceX, and xAI converging around this orbital compute infrastructure theme. The investment implication centers on entities connected to Starship and low-Earth-orbit compute buildout, though most of the direct beneficiaries (SpaceX, xAI) are private; Tesla is the only publicly traded company Baker explicitly names in this convergence thesis.",,"RKLB, LUNR, ASTS, RDW",RETAIL_PROXY,LONG,True,,,,,,50.67,32.21,INSUFFICIENT_DATA,INSUFFICIENT_DATA,5.81,5.51,INSUFFICIENT_DATA,INSUFFICIENT_DATA,44.86,26.7,INSUFFICIENT_DATA,INSUFFICIENT_DATA
2025-12-09,TSMC capacity discipline,FIRST_MENTION,moderate,1,3,"Invest Like the Best (YouTube) — GPUs, TPUs, economics of AI (Nvidia vs Google)","TSMC is being too conservative in capacity expansion, acting as a governor on the AI buildout but potentially making a strategic mistake","Baker argues that TSMC is making a strategic mistake by expanding semiconductor manufacturing capacity too conservatively, acting as a bottleneck on the broader AI infrastructure buildout. He cites TSMC's dismissal of Sam Altman's compute demand projections as evidence of their overly cautious stance, driven by fear of a repeat overbuild cycle. The investment implication is twofold: TSMC's restraint creates an opening for Intel under new CEO Lip-Bu Tan, whose empty fabs could eventually be filled as compute shortages persist and customers seek alternative foundry capacity. Baker acknowledges the tension in his view — TSMC's caution may also serve as a 'natural governor' preventing a speculative bubble — but his base case is that demand will prove TSMC's conservatism wrong over the medium term, making Intel a potential beneficiary of the supply gap.","TSM, INTC","NVDA, AVGO, MU",OBVIOUS_UNIVERSE,LONG,False,,,,,,7.26,14.17,INSUFFICIENT_DATA,INSUFFICIENT_DATA,5.81,5.51,INSUFFICIENT_DATA,INSUFFICIENT_DATA,1.45,8.66,INSUFFICIENT_DATA,INSUFFICIENT_DATA
2025-12-09,TSMC capacity discipline,FIRST_MENTION_WITH_TICKERS,moderate,1,3,"Invest Like the Best (YouTube) — GPUs, TPUs, economics of AI (Nvidia vs Google)","TSMC is being too conservative in capacity expansion, acting as a governor on the AI buildout but potentially making a strategic mistake","Baker argues that TSMC is making a strategic mistake by expanding semiconductor manufacturing capacity too conservatively, acting as a bottleneck on the broader AI infrastructure buildout. He cites TSMC's dismissal of Sam Altman's compute demand projections as evidence of their overly cautious stance, driven by fear of a repeat overbuild cycle. The investment implication is twofold: TSMC's restraint creates an opening for Intel under new CEO Lip-Bu Tan, whose empty fabs could eventually be filled as compute shortages persist and customers seek alternative foundry capacity. Baker acknowledges the tension in his view — TSMC's caution may also serve as a 'natural governor' preventing a speculative bubble — but his base case is that demand will prove TSMC's conservatism wrong over the medium term, making Intel a potential beneficiary of the supply gap.","TSM, INTC","NVDA, AVGO, MU",OBVIOUS_UNIVERSE,LONG,False,,,,,,7.26,14.17,INSUFFICIENT_DATA,INSUFFICIENT_DATA,5.81,5.51,INSUFFICIENT_DATA,INSUFFICIENT_DATA,1.45,8.66,INSUFFICIENT_DATA,INSUFFICIENT_DATA
2025-12-09,Trainium / Amazon custom silicon,FIRST_MENTION_AND_HC,high_conviction,1,5,"Invest Like the Best (YouTube) — GPUs, TPUs, economics of AI (Nvidia vs Google)",Most ASICs other than Trainium and TPU will fail; only those with multi-generation experience will be competitive,"Baker argues that the ASIC market for AI accelerators will consolidate to only two viable players — Google's TPU and Amazon's Trainium — because building a competitive ASIC requires at least three chip generations of accumulated learning, a bar that almost no other company can meet. He supports this with the historical example of Google's TPU, which was not competitive until v3/v4, and notes that Amazon's Trainium 3 is the first generation that is merely 'okay,' with Trainium 4 likely to be genuinely good. Baker explicitly states he will be surprised if any ASICs beyond Trainium and TPU succeed, implying that all other ASIC efforts — from startups and hyperscalers alike — will fail to achieve competitive scale. Compounding this, Nvidia's annual GPU cadence raises the full-stack competitive bar continuously, making it structurally harder for any new ASIC entrant to catch up. The investment implication is that Nvidia remains the dominant AI accelerator beneficiary by default, while Amazon and Google are the only credible internal ASIC challengers, and AMD and other GPU/ASIC competitors are unlikely to displace this dynamic.","NVDA, AMZN, GOOGL",AMZN,BAKER_NAMED,LONG,False,,,,,,8.54,-8.07,INSUFFICIENT_DATA,INSUFFICIENT_DATA,5.81,5.51,INSUFFICIENT_DATA,INSUFFICIENT_DATA,2.73,-13.58,INSUFFICIENT_DATA,INSUFFICIENT_DATA
2025-12-09,Trainium / Amazon custom silicon,FIRST_MENTION_WITH_TICKERS,moderate,1,5,"Invest Like the Best (YouTube) — GPUs, TPUs, economics of AI (Nvidia vs Google)","Anthropic is burning dramatically less cash than OpenAI while growing faster, benefiting from Google/Amazon TPU and Trainium access","Baker argues that Anthropic is demonstrating superior capital efficiency relative to OpenAI, burning dramatically less cash while growing faster, which he attributes in large part to its privileged access to Google TPUs and Amazon Trainium chips — compute infrastructure that carries lower cost than Nvidia GPUs. He notes that Anthropic's cloud partnerships with Google and Amazon effectively give it the same low-cost compute advantages that Google enjoys internally, structurally advantaging it versus OpenAI which relies more heavily on expensive Nvidia hardware. Baker views Anthropic's recent $5B deal with Nvidia as strategically significant, interpreting it as a signal that CEO Dario Amodei believes Blackwell and future Rubin GPUs will be superior to TPUs and that Anthropic is hedging its compute stack accordingly. The investment implication is not a direct public equity play on Anthropic itself (private), but Baker's framing implicitly credits Google and Amazon as infrastructure beneficiaries whose TPU and Trainium platforms are enabling a credible, capital-efficient challenger to OpenAI.","GOOGL, AMZN, NVDA",AMZN,BAKER_NAMED,LONG,False,,,,,,8.54,-8.07,INSUFFICIENT_DATA,INSUFFICIENT_DATA,5.81,5.51,INSUFFICIENT_DATA,INSUFFICIENT_DATA,2.73,-13.58,INSUFFICIENT_DATA,INSUFFICIENT_DATA
2026-02-24,Anthropic valuation / efficiency,FIRST_HC_NOT_FIRST_MENTION,high_conviction,2,5,"iConnections Global Alts 2026 — AI, Tesla, defense, energy — what comes next",Anthropic is ~4x more capital efficient than OpenAI and growing fast with low cash burn,"Baker argues that Anthropic is roughly four times more capital efficient than OpenAI, growing rapidly while consuming relatively little cash, making it a structurally superior AI lab from an investment standpoint. He supports this claim by noting that Anthropic's models can complete comparable-quality tasks using approximately half the tokens of competitors such as Google, which translates directly into lower inference costs and higher margins at scale. This efficiency advantage compounds over time: as AI workloads grow, Anthropic's cost structure allows it to reinvest less capital to maintain competitive parity, widening the gap versus more capital-intensive rivals. The investment implication is primarily relevant to private market investors, as Anthropic is not publicly listed; there is no directly actionable US-listed equity play implied by this specific thesis. Baker presents this as a high-conviction factual observation rather than speculation, grounding it in a specific ratio and a concrete technical mechanism (token efficiency).",,,NO_BASKET,LONG,False,,,,,,NO_BASKET,NO_BASKET,INSUFFICIENT_DATA,INSUFFICIENT_DATA,-4.8,43.65,INSUFFICIENT_DATA,INSUFFICIENT_DATA,NO_BASKET,NO_BASKET,INSUFFICIENT_DATA,INSUFFICIENT_DATA
2026-02-24,Anthropic valuation / efficiency,HC_HIGH_PROFILE_VENUE,high_conviction,2,5,"iConnections Global Alts 2026 — AI, Tesla, defense, energy — what comes next",Anthropic is ~4x more capital efficient than OpenAI and growing fast with low cash burn,"Baker argues that Anthropic is roughly four times more capital efficient than OpenAI, growing rapidly while consuming relatively little cash, making it a structurally superior AI lab from an investment standpoint. He supports this claim by noting that Anthropic's models can complete comparable-quality tasks using approximately half the tokens of competitors such as Google, which translates directly into lower inference costs and higher margins at scale. This efficiency advantage compounds over time: as AI workloads grow, Anthropic's cost structure allows it to reinvest less capital to maintain competitive parity, widening the gap versus more capital-intensive rivals. The investment implication is primarily relevant to private market investors, as Anthropic is not publicly listed; there is no directly actionable US-listed equity play implied by this specific thesis. Baker presents this as a high-conviction factual observation rather than speculation, grounding it in a specific ratio and a concrete technical mechanism (token efficiency).",,,NO_BASKET,LONG,False,,,,,,NO_BASKET,NO_BASKET,INSUFFICIENT_DATA,INSUFFICIENT_DATA,-4.8,43.65,INSUFFICIENT_DATA,INSUFFICIENT_DATA,NO_BASKET,NO_BASKET,INSUFFICIENT_DATA,INSUFFICIENT_DATA
2026-02-24,SaaS existential disruption,HC_HIGH_PROFILE_VENUE,high_conviction,5,6,"iConnections Global Alts 2026 — AI, Tesla, defense, energy — what comes next",SaaS/software companies face existential risk from AI-enabled vibe coding and autonomous software development,"Baker argues that AI-enabled 'vibe coding' and autonomous software development tools represent an existential threat to traditional SaaS and pure-play software companies, as non-developers can now build functional software (e.g., a full CRM) in 2-3 hours without writing code. He cites HubSpot's collapse from ~$850 to the low $200s as early evidence of this structural repricing, and notes he has not invested in a pure software company in 6-7 years. The investment implication is to avoid or short pure-play SaaS vendors, particularly those selling point-solution software that can be replicated quickly with AI tools. Baker also identifies a secondary opportunity: AI labs acquiring small-cap software companies cheaply, gutting headcount, and using them as distribution channels — analogous to Larry Ellison's post-dot-com acquisition playbook — suggesting potential M&A activity in beaten-down software names.",HUBS,"CRM, NOW, TEAM, SNOW, HUBS",OBVIOUS_UNIVERSE,SHORT,False,All mentions. HUBS restored.,,,,,1.17,-1.8,INSUFFICIENT_DATA,INSUFFICIENT_DATA,-4.8,43.65,INSUFFICIENT_DATA,INSUFFICIENT_DATA,5.98,-45.46,INSUFFICIENT_DATA,INSUFFICIENT_DATA
2026-04-16,Inference economics / token factories,THIRD_MENTION_WITHIN_1YR,high_conviction,3,4,Aria Networks — MFU as defining AI-factory metric; lowest-cost token producer wins via high-performance infra,"Spending more on everything surrounding the accelerator (especially networking) is the correct path to lowest cost per token — counterintuitively, cheapest infra is not the answer","Baker argues that the counterintuitive path to lowest cost per token in AI inference and training is to spend heavily on everything surrounding the GPU/accelerator — particularly networking, interconnects, and fabric — rather than cutting costs on peripheral infrastructure. His reasoning is grounded in first principles around Model Flop Utilization (MFU): idle accelerators are the most expensive outcome, and cheap or underprovisioned networking causes accelerator stall, destroying utilization and driving up effective cost per token. Therefore, operators who invest in high-performance surrounding infrastructure achieve superior MFU, which translates directly into lower cost per token and competitive advantage in the AI factory model. Baker cites this thesis as the foundational rationale for Atreides' investment in Aria Networks, a private networking company, suggesting the public-market implication is that high-performance networking vendors — not commodity infrastructure providers — are the structural winners. No specific financial figures or timeframes were cited, but the view is held with high conviction as a medium-term structural thesis.",,CRWV,BAKER_NAMED,LONG,False,Source -> BAKER_NAMED; basket CRWV stays.,,,,,-10.25,-38.77,INSUFFICIENT_DATA,INSUFFICIENT_DATA,22.33,22.37,INSUFFICIENT_DATA,INSUFFICIENT_DATA,-32.58,-61.14,INSUFFICIENT_DATA,INSUFFICIENT_DATA
2026-05-12,DRAM / HBM memory bottleneck,HC_HIGH_PROFILE_VENUE,high_conviction,6,9,HedgeFundAlpha (writeup) — Baker & Khaira fireside writeup,Memory cycle dynamics represent the most important investment judgment call Baker has faced in his career,"Baker explicitly described the memory cycle thesis as the most important investment judgment call of his entire 25+ year career as a technology investor, signaling extraordinarily high conviction that a major inflection point in DRAM and HBM supply-demand dynamics is imminent or underway. While the public writeup does not disclose his directional view (bullish or bearish), the framing implies he sees a structural shift — likely related to the intersection of AI datacenter HBM demand and traditional DRAM cycle dynamics — that is not yet fully priced into markets. The investment implication is that memory-exposed equities, particularly those with significant HBM or DRAM exposure, represent a high-stakes positioning opportunity. Baker's career context as a long-tenured technology investor makes this framing unusually significant, as such superlatives are rarely deployed and suggest he believes consensus is materially wrong on the direction or magnitude of the memory cycle turn.","MU, HXSCL",MU,OBVIOUS_UNIVERSE,LONG,False,"v4 review: trade continuation, basket locked. Established trade, continuation mention",,,,,29.91,18.9,INSUFFICIENT_DATA,INSUFFICIENT_DATA,8.59,4.2,INSUFFICIENT_DATA,INSUFFICIENT_DATA,21.32,14.69,INSUFFICIENT_DATA,INSUFFICIENT_DATA
2026-05-12,Neoclouds as durable model,HC_HIGH_PROFILE_VENUE,high_conviction,2,4,Sohn NY 2026 — Tech investing fireside,"Neo/specialist clouds (CoreWeave, Crusoe, Nebius, Lambda) represent a durable business model, not a transitional arbitrage","Baker argues that neo/specialist cloud providers — companies like CoreWeave, Crusoe, Nebius, and Lambda — represent a structurally durable business model rather than a transitional arbitrage that will eventually be displaced by hyperscalers. His core reasoning is that running GPU clusters at high utilization is operationally extremely difficult, analogous to piloting a Formula 1 car, and that CoreWeave in particular achieves 2–3x higher GPU utilization per hour than lower-quality competitors, constituting a genuine and defensible operational moat. He contends that hyperscalers were historically locked in a cost-minimization mentality and are only now beginning the cultural shift required to compete effectively in this space, meaning the window for specialist operators remains open. Atreides holds a disclosed large position in Crusoe, and Baker notes he was conflicted out of CoreWeave at a $1.1B valuation, underscoring his long-term conviction in the category.","CRWV, NBIS","CRWV, NBIS",BAKER_NAMED,LONG,False,All mentions. He named both CoreWeave and Nebius at Sohn NY 2026.,,,,,6.47,22.35,INSUFFICIENT_DATA,INSUFFICIENT_DATA,8.59,4.2,INSUFFICIENT_DATA,INSUFFICIENT_DATA,-2.12,18.15,INSUFFICIENT_DATA,INSUFFICIENT_DATA
2026-05-12,TSMC capacity discipline,FIRST_HC_NOT_FIRST_MENTION,high_conviction,2,3,Sohn NY 2026 — Tech investing fireside,TSMC's deliberate capacity restraint will prevent an AI bubble and sustain a prolonged upcycle in leading-edge wafer supply,"Baker argues that TSMC is deliberately constraining leading-edge wafer capacity expansion far below the pace that Nvidia's Jensen Huang demands, and that this intentional restraint is the key structural difference between the current AI upcycle and prior technology bubbles. He characterizes TSMC's leadership as stewards of Morris Chang's legacy — 'flinty old men and women' — who expand capacity at roughly 5% when Huang visits every three months requesting doublings or triplings. Because physical wafer supply cannot be conjured quickly, Baker contends this bottleneck acts as a natural governor on speculative overinvestment, preventing the kind of bubble that unconstrained capital allocation would otherwise produce. The investment implication is that the AI infrastructure upcycle will be prolonged and structurally sound rather than bubble-prone, and that TSMC as the sole supplier of leading-edge capacity is the critical chokepoint — and thus a core long. Baker notes that Nvidia alone could sell $1–2 trillion of chips if TSMC capacity were available, underscoring the magnitude of suppressed demand flowing through TSM's fabs.","TSM, NVDA",,NO_BASKET,,False,v4 review (STEVE). Steve: no basket,,,,,NO_BASKET,NO_BASKET,INSUFFICIENT_DATA,INSUFFICIENT_DATA,8.59,4.2,INSUFFICIENT_DATA,INSUFFICIENT_DATA,NO_BASKET,NO_BASKET,INSUFFICIENT_DATA,INSUFFICIENT_DATA
2026-05-12,TSMC capacity discipline,HC_HIGH_PROFILE_VENUE,high_conviction,2,3,Sohn NY 2026 — Tech investing fireside,TSMC's deliberate capacity restraint will prevent an AI bubble and sustain a prolonged upcycle in leading-edge wafer supply,"Baker argues that TSMC is deliberately constraining leading-edge wafer capacity expansion far below the pace that Nvidia's Jensen Huang demands, and that this intentional restraint is the key structural difference between the current AI upcycle and prior technology bubbles. He characterizes TSMC's leadership as stewards of Morris Chang's legacy — 'flinty old men and women' — who expand capacity at roughly 5% when Huang visits every three months requesting doublings or triplings. Because physical wafer supply cannot be conjured quickly, Baker contends this bottleneck acts as a natural governor on speculative overinvestment, preventing the kind of bubble that unconstrained capital allocation would otherwise produce. The investment implication is that the AI infrastructure upcycle will be prolonged and structurally sound rather than bubble-prone, and that TSMC as the sole supplier of leading-edge capacity is the critical chokepoint — and thus a core long. Baker notes that Nvidia alone could sell $1–2 trillion of chips if TSMC capacity were available, underscoring the magnitude of suppressed demand flowing through TSM's fabs.","TSM, NVDA",,NO_BASKET,,False,v4 review (STEVE). Steve: no basket,,,,,NO_BASKET,NO_BASKET,INSUFFICIENT_DATA,INSUFFICIENT_DATA,8.59,4.2,INSUFFICIENT_DATA,INSUFFICIENT_DATA,NO_BASKET,NO_BASKET,INSUFFICIENT_DATA,INSUFFICIENT_DATA
2026-05-12,Trainium / Amazon custom silicon,HC_HIGH_PROFILE_VENUE,high_conviction,2,5,Sohn NY 2026 — Tech investing fireside,"Trainium is the most underestimated Nvidia alternative in 2026, analogous to what TPUs were in 2025","Baker argues that Amazon's Trainium is by far the most underestimated Nvidia alternative heading into H2 2026, drawing an explicit parallel to how Google's TPUs were the most underestimated alternative in 2025. His core technical thesis is that all frontier models have converged on mixture-of-experts (MoE) architectures, which require a 'switched scale-up network' for efficient inference — and that today only Nvidia GPUs and Amazon Trainium possess functioning switched scale-up networks, making Trainium uniquely positioned among non-Nvidia alternatives. Baker contrasts Amazon's aggressive design choices on Trainium against Google's more conservative TPU V8 design, and notes that Google's refusal to submit TPUs to the MLPerf benchmark is a telling signal of competitive weakness. The key near-term catalyst is the Trainium 3 ramp in H2 2026, which Baker believes will validate Trainium's competitive positioning and drive meaningful adoption. The investment implication is bullish on AMZN as a custom silicon beneficiary and implicitly bearish or cautious on GOOGL's ability to compete in the custom AI accelerator space.","AMZN, GOOGL, NVDA",AMZN,BAKER_NAMED,LONG,False,,,,,,-9.15,0.55,INSUFFICIENT_DATA,INSUFFICIENT_DATA,8.59,4.2,INSUFFICIENT_DATA,INSUFFICIENT_DATA,-17.73,-3.65,INSUFFICIENT_DATA,INSUFFICIENT_DATA
2026-05-12,Usage-based AI pricing shift,FIRST_MENTION_AND_HC,high_conviction,1,2,Sohn NY 2026 — Tech investing fireside,"AI frontier model pricing is shifting from flat-rate subscriptions to usage-based with overage, which is wildly bullish for AI revenue and token pricing","Baker argues that the AI frontier model industry is undergoing a fundamental pricing shift analogous to the cellular industry's transition from flat-rate minute plans to per-minute overage pricing — a shift he characterizes as 'wildly bullish' for AI revenue and token economics. He contends that usage-based pricing with overages, now being adopted by leading frontier model providers, will dramatically expand monetization per user and unlock massive revenue growth. A key structural observation is that only 10 basis points (0.1%) of the global population currently uses frontier AI models at the intensity they should, and scaling that to even 5% of global population would create compute demand that is, in his words, 'unimaginable.' Baker endorses a near-term combined revenue target of $200B+ for OpenAI and Anthropic, implying these two private companies alone could rival the largest software businesses ever built. The investment implication is bullish on the entire AI compute and infrastructure stack, but the direct revenue beneficiaries — OpenAI and Anthropic — are private and not US-listed equities, leaving no directly actionable public ticker from this specific thesis.",,,NO_BASKET,LONG,False,,,,,,NO_BASKET,NO_BASKET,INSUFFICIENT_DATA,INSUFFICIENT_DATA,8.59,4.2,INSUFFICIENT_DATA,INSUFFICIENT_DATA,NO_BASKET,NO_BASKET,INSUFFICIENT_DATA,INSUFFICIENT_DATA
2026-05-12,Usage-based AI pricing shift,HC_HIGH_PROFILE_VENUE,high_conviction,1,2,Sohn NY 2026 — Tech investing fireside,"AI frontier model pricing is shifting from flat-rate subscriptions to usage-based with overage, which is wildly bullish for AI revenue and token pricing","Baker argues that the AI frontier model industry is undergoing a fundamental pricing shift analogous to the cellular industry's transition from flat-rate minute plans to per-minute overage pricing — a shift he characterizes as 'wildly bullish' for AI revenue and token economics. He contends that usage-based pricing with overages, now being adopted by leading frontier model providers, will dramatically expand monetization per user and unlock massive revenue growth. A key structural observation is that only 10 basis points (0.1%) of the global population currently uses frontier AI models at the intensity they should, and scaling that to even 5% of global population would create compute demand that is, in his words, 'unimaginable.' Baker endorses a near-term combined revenue target of $200B+ for OpenAI and Anthropic, implying these two private companies alone could rival the largest software businesses ever built. The investment implication is bullish on the entire AI compute and infrastructure stack, but the direct revenue beneficiaries — OpenAI and Anthropic — are private and not US-listed equities, leaving no directly actionable public ticker from this specific thesis.",,,NO_BASKET,LONG,False,,,,,,NO_BASKET,NO_BASKET,INSUFFICIENT_DATA,INSUFFICIENT_DATA,8.59,4.2,INSUFFICIENT_DATA,INSUFFICIENT_DATA,NO_BASKET,NO_BASKET,INSUFFICIENT_DATA,INSUFFICIENT_DATA
2026-05-20,AI destroying application layer value,FIRST_MENTION_AND_HC,high_conviction,1,1,Invest Like the Best (YouTube) — Watts and wafers,"AI has net destroyed trillions of dollars of value at the application layer, and value creation is concentrated in companies with the highest ratio of utilized GPUs per human","Baker argues that AI has been a net destroyer of value at the application layer, having wiped out trillions of dollars in market capitalization even when accounting for the success stories like Cursor and Cognition. His reasoning is structural: the companies that are actually creating economic value in the AI era are those with the highest ratio of utilized GPUs per human employee, meaning capital-efficient, AI-native businesses rather than traditional software companies layering AI onto legacy architectures. The implication is deeply bearish for incumbent SaaS companies, which face disruption from leaner AI-native competitors that can deliver similar or superior functionality with far fewer human resources. Baker frames this as an empirical observation investors must internalize, not a speculative view — the value destruction has already occurred and the structural dynamic is already in motion. Investors should be cautious of legacy application-layer software companies and skeptical of the assumption that AI is uniformly additive to enterprise software valuations.",,,NO_BASKET,,False,"v4 review: NO_BASKET (removed from scored returns). Theme is macro commentary, never a specific trade",,,,,NO_BASKET,NO_BASKET,INSUFFICIENT_DATA,INSUFFICIENT_DATA,18.46,-0.36,INSUFFICIENT_DATA,INSUFFICIENT_DATA,NO_BASKET,NO_BASKET,INSUFFICIENT_DATA,INSUFFICIENT_DATA
2026-05-20,ALAB / copper vs fiber,FIRST_MENTION_AND_HC,high_conviction,1,1,Invest Like the Best (YouTube) — Watts and wafers,"Astera Labs is a high-conviction long that has been miscategorized as a 'copper loser' in market baskets, when it is structurally a beneficiary of both copper and optical connectivity","Baker argues that Astera Labs (ALAB) has been systematically miscategorized in market 'copper loser' baskets, creating a significant mispricing opportunity. His structural argument is that Astera's primary product is a switch, and switches by definition connect to accelerators using both copper and optical connectivity — meaning Astera cannot be a copper loser regardless of how the market has labeled it. Baker has high conviction rooted in a long relationship with the company dating back to a Series C investment, giving him deep fundamental knowledge of the business. The miscategorization in leveraged short baskets has artificially depressed the stock, and Baker frames this as one of the largest opportunities he sees, contrasting ALAB with low-quality names that have already run 10x in 3-6 months and are likely to revert. The investment implication is a long position in ALAB, which benefits structurally from both copper and optical connectivity adoption in AI datacenter infrastructure.",ALAB,ALAB,BAKER_NAMED,LONG,False,,,,,,52.94,1.06,INSUFFICIENT_DATA,INSUFFICIENT_DATA,18.46,-0.36,INSUFFICIENT_DATA,INSUFFICIENT_DATA,34.47,1.41,INSUFFICIENT_DATA,INSUFFICIENT_DATA
2026-05-20,ALAB / copper vs fiber,FIRST_MENTION_WITH_TICKERS,high_conviction,1,1,Invest Like the Best (YouTube) — Watts and wafers,"Astera Labs is a high-conviction long that has been miscategorized as a 'copper loser' in market baskets, when it is structurally a beneficiary of both copper and optical connectivity","Baker argues that Astera Labs (ALAB) has been systematically miscategorized in market 'copper loser' baskets, creating a significant mispricing opportunity. His structural argument is that Astera's primary product is a switch, and switches by definition connect to accelerators using both copper and optical connectivity — meaning Astera cannot be a copper loser regardless of how the market has labeled it. Baker has high conviction rooted in a long relationship with the company dating back to a Series C investment, giving him deep fundamental knowledge of the business. The miscategorization in leveraged short baskets has artificially depressed the stock, and Baker frames this as one of the largest opportunities he sees, contrasting ALAB with low-quality names that have already run 10x in 3-6 months and are likely to revert. The investment implication is a long position in ALAB, which benefits structurally from both copper and optical connectivity adoption in AI datacenter infrastructure.",ALAB,ALAB,BAKER_NAMED,LONG,False,,,,,,52.94,1.06,INSUFFICIENT_DATA,INSUFFICIENT_DATA,18.46,-0.36,INSUFFICIENT_DATA,INSUFFICIENT_DATA,34.47,1.41,INSUFFICIENT_DATA,INSUFFICIENT_DATA
2026-05-20,Anthropic valuation / efficiency,THIRD_MENTION_WITHIN_1YR,high_conviction,3,5,Invest Like the Best (YouTube) — Watts and wafers,"Anthropic's ARR growth is the most extraordinary revenue ramp in the history of capitalism, adding the combined ARR of Palantir, Snowflake, and Databricks in one month","Baker argues that Anthropic's revenue ramp is the most extraordinary in the history of capitalism, citing that the company added $11B of ARR in a single month — equivalent to the combined ARR of Palantir, Snowflake, and Databricks, three of the highest-profile SaaS companies of the last decade, each built over roughly ten years. He uses this data point as primary evidence that frontier AI demand is real, accelerating, and not slowing, which justified his decision to lean into AI positions rather than reduce exposure during the March/April 2026 market drawdown. The investment implication is that the AI model layer is experiencing demand that dwarfs prior software cycles, and that investors who sold during the drawdown were making a mistake. Baker's framing also implies that traditional SaaS companies like Palantir and Snowflake face existential disruption risk as AI-native platforms capture revenue at a pace legacy SaaS cannot match.",,,NO_BASKET,LONG,False,,,,,,NO_BASKET,NO_BASKET,INSUFFICIENT_DATA,INSUFFICIENT_DATA,18.46,-0.36,INSUFFICIENT_DATA,INSUFFICIENT_DATA,NO_BASKET,NO_BASKET,INSUFFICIENT_DATA,INSUFFICIENT_DATA
2026-05-20,Disaggregation prefill/decode,FIRST_MENTION_AND_HC,high_conviction,1,6,Invest Like the Best (YouTube) — Watts and wafers,"The disaggregation of prefill and inference extends GPU useful lives to 10-15 years, which is structurally positive for private credit GPU financing and lowers the cost of the AI buildout","Baker argues that the architectural disaggregation of AI inference into separate prefill and decode stages structurally extends the useful life of older GPUs (Hopper, Ampere-generation) to 10-15 years, far beyond the 1-4 year useful life assumed by AI skeptics and embedded in current financing structures. His reasoning is that older chips can handle the compute-intensive prefill workload while newer chips handle latency-sensitive decode, meaning older hardware retains genuine economic utility rather than becoming obsolete. The investment implication is that GPU-backed private credit financing rates, currently in the low-7% range (citing CoreWeave as the benchmark), could compress to 5-6% as lenders recognize longer asset lives, materially reducing the total cost of the AI infrastructure buildout. Baker frames this as a structural positive for GPU financing vehicles and cloud/hyperscale operators who lease GPU capacity, and suggests it could offset losses private credit lenders face from deteriorating SaaS loan books. He cites no specific timeframe for the rate compression but treats the useful-life extension as an already-emerging structural reality rather than a speculative future outcome.",CRWV,CRWV,BAKER_NAMED,LONG,False,v4 review (CHANGE). Named CRWV,,,,,9.88,-11.37,INSUFFICIENT_DATA,INSUFFICIENT_DATA,18.46,-0.36,INSUFFICIENT_DATA,INSUFFICIENT_DATA,-8.58,-11.02,INSUFFICIENT_DATA,INSUFFICIENT_DATA
2026-05-20,Disaggregation prefill/decode,FIRST_MENTION_WITH_TICKERS,high_conviction,1,6,Invest Like the Best (YouTube) — Watts and wafers,"The disaggregation of prefill and inference extends GPU useful lives to 10-15 years, which is structurally positive for private credit GPU financing and lowers the cost of the AI buildout","Baker argues that the architectural disaggregation of AI inference into separate prefill and decode stages structurally extends the useful life of older GPUs (Hopper, Ampere-generation) to 10-15 years, far beyond the 1-4 year useful life assumed by AI skeptics and embedded in current financing structures. His reasoning is that older chips can handle the compute-intensive prefill workload while newer chips handle latency-sensitive decode, meaning older hardware retains genuine economic utility rather than becoming obsolete. The investment implication is that GPU-backed private credit financing rates, currently in the low-7% range (citing CoreWeave as the benchmark), could compress to 5-6% as lenders recognize longer asset lives, materially reducing the total cost of the AI infrastructure buildout. Baker frames this as a structural positive for GPU financing vehicles and cloud/hyperscale operators who lease GPU capacity, and suggests it could offset losses private credit lenders face from deteriorating SaaS loan books. He cites no specific timeframe for the rate compression but treats the useful-life extension as an already-emerging structural reality rather than a speculative future outcome.",CRWV,CRWV,BAKER_NAMED,LONG,False,v4 review (CHANGE). Named CRWV,,,,,9.88,-11.37,INSUFFICIENT_DATA,INSUFFICIENT_DATA,18.46,-0.36,INSUFFICIENT_DATA,INSUFFICIENT_DATA,-8.58,-11.02,INSUFFICIENT_DATA,INSUFFICIENT_DATA
2026-05-20,Google TPU competitive position,THESIS_REVERSAL,high_conviction,4,5,Invest Like the Best (YouTube) — Watts and wafers,"Google has lost its per-cost-token leadership due to conservative TPU v8 design decisions, shifting the Pareto frontier to Anthropic, OpenAI, and xAI","Baker argues that Google has lost its dominant position on the AI Pareto frontier (intelligence vs. cost-per-token) over the past nine months, with Anthropic, OpenAI, and xAI's Grok now leading while Google's Gemini 3.1 merely 'hangs on' to the frontier — and likely only through subsidization driven by competitive pride. The root cause, Baker contends, was a deliberate and conservative design decision on TPU v8 intended to reduce Google's dependence on Broadcom (for networking) and Nvidia (for GPUs), which resulted in a chip that underperforms on the cost-efficiency curve relative to competitors using more aggressive third-party silicon. The investment implication is negative for Google's AI monetization and cloud competitiveness, as losing cost-per-token leadership means Google cannot attract or retain the most cost-sensitive AI workloads. Baker frames this as a structural, self-inflicted competitive disadvantage rather than a temporary gap, suggesting the shift in frontier leadership may persist until TPU v9 or a course correction in chip design philosophy. All three frontier leaders — Anthropic, OpenAI, and xAI — remain private, limiting direct investable expression of the beneficiary side of this thesis.","GOOGL, AVGO",GOOGL,BAKER_NAMED,LONG,False,"TPU mention 4 (2026-05-20): genuine reversal — Google lost per-cost-token leadership. Tag thesis-close, exclude from long-mention scoring. Mentions 1-3 keep GOOGL LONG.",,TRUE,TRUE,TRUE,-10.03,-12.35,INSUFFICIENT_DATA,INSUFFICIENT_DATA,18.46,-0.36,INSUFFICIENT_DATA,INSUFFICIENT_DATA,-28.5,-12.0,INSUFFICIENT_DATA,INSUFFICIENT_DATA
2026-05-20,Microsoft AI position,FIRST_MENTION,moderate,1,1,Invest Like the Best (YouTube) — Watts and wafers,Microsoft flinched on AI capex in early 2025 and is now making the right but risky decision to use compute for internal products rather than selling to OpenAI — this is underappreciated by the market,"Baker argues that Microsoft made a critical strategic error in early 2025 by briefly pulling back on AI capex, causing it to lose compute allocations that are difficult to recover — a mistake he summarizes as 'if you flinch, you lose position.' Satya Nadella is now pivoting to use that compute internally to improve Copilot and train Microsoft's own frontier models rather than selling capacity to OpenAI, which Baker views as the right long-term strategic bet but a risky one given his skepticism about Microsoft's ability to compete at the frontier model level. Baker provides a specific counterfactual: if Microsoft had simply continued serving OpenAI and Anthropic with its GPU capacity as a pure infrastructure play, the stock would be worth $800 today, implying the market is not fully pricing in the execution risk of the internal AI product strategy. The investment implication is nuanced — Baker gives Satya credit for strategic courage but is not unambiguously bullish, flagging team capability as the key risk to watch on the internal model training ambition.",MSFT,,NO_BASKET,SHORT,False,Both mentions -> NO_BASKET. Neither is a trade rec; the Dec-2024 row is really an xAI thesis.,,,,,NO_BASKET,NO_BASKET,INSUFFICIENT_DATA,INSUFFICIENT_DATA,18.46,-0.36,INSUFFICIENT_DATA,INSUFFICIENT_DATA,NO_BASKET,NO_BASKET,INSUFFICIENT_DATA,INSUFFICIENT_DATA
2026-05-20,Microsoft AI position,FIRST_MENTION_WITH_TICKERS,moderate,1,1,Invest Like the Best (YouTube) — Watts and wafers,Microsoft flinched on AI capex in early 2025 and is now making the right but risky decision to use compute for internal products rather than selling to OpenAI — this is underappreciated by the market,"Baker argues that Microsoft made a critical strategic error in early 2025 by briefly pulling back on AI capex, causing it to lose compute allocations that are difficult to recover — a mistake he summarizes as 'if you flinch, you lose position.' Satya Nadella is now pivoting to use that compute internally to improve Copilot and train Microsoft's own frontier models rather than selling capacity to OpenAI, which Baker views as the right long-term strategic bet but a risky one given his skepticism about Microsoft's ability to compete at the frontier model level. Baker provides a specific counterfactual: if Microsoft had simply continued serving OpenAI and Anthropic with its GPU capacity as a pure infrastructure play, the stock would be worth $800 today, implying the market is not fully pricing in the execution risk of the internal AI product strategy. The investment implication is nuanced — Baker gives Satya credit for strategic courage but is not unambiguously bullish, flagging team capability as the key risk to watch on the internal model training ambition.",MSFT,,NO_BASKET,SHORT,False,Both mentions -> NO_BASKET. Neither is a trade rec; the Dec-2024 row is really an xAI thesis.,,,,,NO_BASKET,NO_BASKET,INSUFFICIENT_DATA,INSUFFICIENT_DATA,18.46,-0.36,INSUFFICIENT_DATA,INSUFFICIENT_DATA,NO_BASKET,NO_BASKET,INSUFFICIENT_DATA,INSUFFICIENT_DATA
2026-05-20,Orbital / space-based compute,THIRD_MENTION_WITHIN_1YR,high_conviction,3,8,Invest Like the Best (YouTube) — Watts and wafers,"Capitalism will solve the power/watts shortage for AI data centers by 2027-2028, with orbital compute as the longer-term solution","Baker argues that the primary bottleneck for AI data center buildout has shifted from chips or energy supply to zoning and regulatory approvals, and that capitalism will resolve the watts shortage by 2027-2028 as turbine manufacturing capacity ramps and alternative energy sources come online. He bases this on direct time spent at SpaceX's Starbase facility with engineers who are highly confident in solving the technical challenges of orbital compute — racks in space cooled and connected by lasers — as the longer-term structural solution to power constraints. The investment implication is that power generation and grid infrastructure companies stand to benefit in the medium term as data center buildout accelerates once regulatory bottlenecks clear, while SpaceX (private) is the primary vehicle for the orbital compute thesis. Baker cites a specific timeline of 2027-2028 for the watts shortage to begin alleviating, suggesting near-term power scarcity remains a tailwind for existing clean power producers with contracted capacity.",GEV,"RKLB, LUNR, ASTS, RDW",RETAIL_PROXY,LONG,True,,,,,,-22.54,-35.03,INSUFFICIENT_DATA,INSUFFICIENT_DATA,18.46,-0.36,INSUFFICIENT_DATA,INSUFFICIENT_DATA,-41.0,-34.67,INSUFFICIENT_DATA,INSUFFICIENT_DATA
2026-05-20,Orbital / space-based compute,FIRST_MENTION_WITH_TICKERS,high_conviction,3,8,Invest Like the Best (YouTube) — Watts and wafers,"Capitalism will solve the power/watts shortage for AI data centers by 2027-2028, with orbital compute as the longer-term solution","Baker argues that the primary bottleneck for AI data center buildout has shifted from chips or energy supply to zoning and regulatory approvals, and that capitalism will resolve the watts shortage by 2027-2028 as turbine manufacturing capacity ramps and alternative energy sources come online. He bases this on direct time spent at SpaceX's Starbase facility with engineers who are highly confident in solving the technical challenges of orbital compute — racks in space cooled and connected by lasers — as the longer-term structural solution to power constraints. The investment implication is that power generation and grid infrastructure companies stand to benefit in the medium term as data center buildout accelerates once regulatory bottlenecks clear, while SpaceX (private) is the primary vehicle for the orbital compute thesis. Baker cites a specific timeline of 2027-2028 for the watts shortage to begin alleviating, suggesting near-term power scarcity remains a tailwind for existing clean power producers with contracted capacity.",GEV,"RKLB, LUNR, ASTS, RDW",RETAIL_PROXY,LONG,True,,,,,,-22.54,-35.03,INSUFFICIENT_DATA,INSUFFICIENT_DATA,18.46,-0.36,INSUFFICIENT_DATA,INSUFFICIENT_DATA,-41.0,-34.67,INSUFFICIENT_DATA,INSUFFICIENT_DATA
2026-05-20,Power / cooling equipment suppliers,FIRST_MENTION,moderate,1,1,Invest Like the Best (YouTube) — Watts and wafers,Companies in the power production and cooling ecosystem that are massively ramping capacity face risk from orbital compute becoming real just as that capacity hits,"Baker warns that companies in the terrestrial power production and cooling ecosystem that are currently ramping significant new capacity face a specific timing risk: orbital compute could become understood and priced by the market precisely as that new capacity comes online, potentially stranding or devaluing those investments. His reasoning is that if orbital compute eliminates or dramatically reduces the need for earth-based data center power and cooling infrastructure, the massive capital expenditures being made today by power and cooling companies could become impaired assets. The investment implication is a cautionary one — Baker is not explicitly shorting these names but urges investors in power/cooling infrastructure plays to think carefully about whether the timeline of their capacity additions aligns dangerously with the timeline of orbital compute becoming a credible market narrative. He stops short of naming specific companies, framing this as a structural risk warning rather than a specific sell recommendation, and the thesis is explicitly contrarian relative to the consensus bullish view on AI power infrastructure buildout.","GEV, ETN, VRT, PWR",,NO_BASKET,,False,v4 review (STEVE). Steve: no trade,,,,,NO_BASKET,NO_BASKET,INSUFFICIENT_DATA,INSUFFICIENT_DATA,18.46,-0.36,INSUFFICIENT_DATA,INSUFFICIENT_DATA,NO_BASKET,NO_BASKET,INSUFFICIENT_DATA,INSUFFICIENT_DATA
2026-05-20,Power / cooling equipment suppliers,FIRST_MENTION_WITH_TICKERS,moderate,1,1,Invest Like the Best (YouTube) — Watts and wafers,Companies in the power production and cooling ecosystem that are massively ramping capacity face risk from orbital compute becoming real just as that capacity hits,"Baker warns that companies in the terrestrial power production and cooling ecosystem that are currently ramping significant new capacity face a specific timing risk: orbital compute could become understood and priced by the market precisely as that new capacity comes online, potentially stranding or devaluing those investments. His reasoning is that if orbital compute eliminates or dramatically reduces the need for earth-based data center power and cooling infrastructure, the massive capital expenditures being made today by power and cooling companies could become impaired assets. The investment implication is a cautionary one — Baker is not explicitly shorting these names but urges investors in power/cooling infrastructure plays to think carefully about whether the timeline of their capacity additions aligns dangerously with the timeline of orbital compute becoming a credible market narrative. He stops short of naming specific companies, framing this as a structural risk warning rather than a specific sell recommendation, and the thesis is explicitly contrarian relative to the consensus bullish view on AI power infrastructure buildout.","GEV, ETN, VRT, PWR",,NO_BASKET,,False,v4 review (STEVE). Steve: no trade,,,,,NO_BASKET,NO_BASKET,INSUFFICIENT_DATA,INSUFFICIENT_DATA,18.46,-0.36,INSUFFICIENT_DATA,INSUFFICIENT_DATA,NO_BASKET,NO_BASKET,INSUFFICIENT_DATA,INSUFFICIENT_DATA
2026-05-20,TSMC capacity discipline,THIRD_MENTION_WITHIN_1YR,high_conviction,3,3,Invest Like the Best (YouTube) — Watts and wafers,TSMC's capacity discipline is the single most important variable in preventing an AI infrastructure bubble,"Baker argues that TSMC's capacity discipline is the single most important variable determining whether AI infrastructure investment tips into an overbuild bubble. His core claim is that if TSMC were to fulfill Jensen Huang's full demand ambitions, Nvidia could theoretically sell $2–3 trillion worth of GPUs in 2026–27, a pace that would almost certainly result in massive overcapacity and a bubble. Baker identifies a 'Goldilocks zone' for TSMC: expand capacity enough to prevent Intel or Samsung from capturing more than roughly 30% market share as a second-source foundry (which would undermine TSMC's pricing discipline), but constrain supply enough to prevent runaway GPU shipments. He concludes that TSMC's capacity announcements and expansion decisions are the single best leading indicator an investor can monitor to assess AI infrastructure bubble risk, making TSM the central analytical lens for this thesis.","TSM, NVDA","NVDA, AVGO, MU",OBVIOUS_UNIVERSE,LONG,False,"v4 review: trade continuation, basket locked. Established trade, continuation mention",,,,,17.66,5.85,INSUFFICIENT_DATA,INSUFFICIENT_DATA,18.46,-0.36,INSUFFICIENT_DATA,INSUFFICIENT_DATA,-0.8,6.21,INSUFFICIENT_DATA,INSUFFICIENT_DATA
2026-05-20,Trainium / Amazon custom silicon,THIRD_MENTION_WITHIN_1YR,moderate,3,5,Invest Like the Best (YouTube) — Watts and wafers,"Amazon is in a strong position due to Trainium, real P&L efficiencies from robotics in retail over the next 18 months, and underappreciated Nova models","Baker argues that Amazon is in a stronger competitive position than the market appreciates across three distinct vectors: its proprietary Trainium AI chip, robotics-driven retail efficiency, and undervalued Nova foundation models. On the chip side, Baker highlights Trainium 3's technical architecture — specifically its switch scale-up network — as enabling economical Mixture-of-Experts (MoE) model inference, positioning Amazon to reduce dependence on NVIDIA and lower AI infrastructure costs. Baker expects robotics deployments in Amazon's retail and fulfillment operations to produce visible, measurable P&L improvements within 18 months, a catalyst he believes is underappreciated by the market. He also contends that Amazon's Nova models are better than their public reputation suggests, though he stops short of claiming they rival top-tier frontier models. The combined implication is that AMZN is a buy with multiple underappreciated near-to-medium-term earnings catalysts.",AMZN,AMZN,BAKER_NAMED,LONG,False,,,,,,-12.16,-1.85,INSUFFICIENT_DATA,INSUFFICIENT_DATA,18.46,-0.36,INSUFFICIENT_DATA,INSUFFICIENT_DATA,-30.62,-1.49,INSUFFICIENT_DATA,INSUFFICIENT_DATA
2026-06-07,Disaggregation prefill/decode,THIRD_MENTION_WITHIN_1YR,high_conviction,3,6,All-In Podcast — Liquidity Summit: secondary markets eating the IPO,Arista Networks and Drivetrain (Driveats/Drivets) are high-conviction positions in the AI networking infrastructure supercycle thesis — reinventing networking for disaggregated AI inference workloads.,"Baker argues that the shift toward disaggregated AI inference — where pre-fill and decode operations run on different, heterogeneous chips — requires a fundamental reinvention of data center networking, creating a multi-year infrastructure supercycle. He identifies Arista Networks (ANET) and a private company he refers to as 'Drivets' (likely a private networking startup) as two names he has been publicly involved in that are approaching this networking reinvention in a differentiated way. The investment implication is that traditional networking architectures are insufficient for orchestrating heterogeneous silicon at scale, and companies building purpose-built AI networking infrastructure stand to benefit enormously. Baker is described by co-host Gerstner as one of the earliest investors to frame the infra networking supercycle thesis, lending high conviction to the view. The thesis is long-term in nature and focused specifically on the networking layer of AI infrastructure, not compute or memory.",ANET,ANET,BAKER_NAMED,LONG,False,v4 review (CHANGE). Named ANET for networking,,,,,18.09,24.65,INSUFFICIENT_DATA,INSUFFICIENT_DATA,1.6,-4.08,INSUFFICIENT_DATA,INSUFFICIENT_DATA,16.49,28.74,INSUFFICIENT_DATA,INSUFFICIENT_DATA
2026-06-11,Bottleneck trade ending,FIRST_MENTION_AND_HC,high_conviction,1,1,"BG2 Pod — SpaceX IPO, AI capex, Cursor",The 'finding the next bottleneck' trade in semiconductors is over; many bottleneck stocks have gone 'straight up a cliff' and need to rest or correct,"Baker argues that the 'finding the next bottleneck' trade in semiconductors — where investors rotated into whichever component or subsystem was the next supply constraint in the AI infrastructure buildout — is now exhausted. He contends that many of the stocks that benefited from this rotation have gone 'straight up a cliff' rather than climbing gradually, leaving them technically extended and vulnerable to consolidation or correction. As evidence of his conviction, Baker has reduced his own semiconductor exposure from 'large' to 'medium-small,' and notes that even Nvidia and Broadcom, the two most prominent AI semiconductor names, have been laggards in the most recent leg of the rally — suggesting the easy money has already been made across the board. He also flags a seasonal near-term headwind: AI token consumption tends to slow in summer as college students (a major usage cohort) are less active, which could add incremental selling pressure. The investment implication is to reduce or avoid overweight positions in extended semiconductor bottleneck plays in the near term, with Baker himself having already acted on this view.","NVDA, AVGO",,NO_BASKET,SHORT,False,"Both mentions (2026-06-11, 2026-06-15) -> NO_BASKET + is_derisk_signal. Verbal exposure-reduction signal front-running the Q2 2026 filing.",TRUE,,,,NO_BASKET,NO_BASKET,INSUFFICIENT_DATA,INSUFFICIENT_DATA,-1.5,-6.71,INSUFFICIENT_DATA,INSUFFICIENT_DATA,NO_BASKET,NO_BASKET,INSUFFICIENT_DATA,INSUFFICIENT_DATA
2026-06-11,Bottleneck trade ending,FIRST_MENTION_WITH_TICKERS,high_conviction,1,1,"BG2 Pod — SpaceX IPO, AI capex, Cursor",The 'finding the next bottleneck' trade in semiconductors is over; many bottleneck stocks have gone 'straight up a cliff' and need to rest or correct,"Baker argues that the 'finding the next bottleneck' trade in semiconductors — where investors rotated into whichever component or subsystem was the next supply constraint in the AI infrastructure buildout — is now exhausted. He contends that many of the stocks that benefited from this rotation have gone 'straight up a cliff' rather than climbing gradually, leaving them technically extended and vulnerable to consolidation or correction. As evidence of his conviction, Baker has reduced his own semiconductor exposure from 'large' to 'medium-small,' and notes that even Nvidia and Broadcom, the two most prominent AI semiconductor names, have been laggards in the most recent leg of the rally — suggesting the easy money has already been made across the board. He also flags a seasonal near-term headwind: AI token consumption tends to slow in summer as college students (a major usage cohort) are less active, which could add incremental selling pressure. The investment implication is to reduce or avoid overweight positions in extended semiconductor bottleneck plays in the near term, with Baker himself having already acted on this view.","NVDA, AVGO",,NO_BASKET,SHORT,False,"Both mentions (2026-06-11, 2026-06-15) -> NO_BASKET + is_derisk_signal. Verbal exposure-reduction signal front-running the Q2 2026 filing.",TRUE,,,,NO_BASKET,NO_BASKET,INSUFFICIENT_DATA,INSUFFICIENT_DATA,-1.5,-6.71,INSUFFICIENT_DATA,INSUFFICIENT_DATA,NO_BASKET,NO_BASKET,INSUFFICIENT_DATA,INSUFFICIENT_DATA
2026-06-11,Coding as killer AI app,FIRST_MENTION_WITH_TICKERS,high_conviction,3,3,"BG2 Pod — SpaceX IPO, AI capex, Cursor",Coding is the fastest path to AGI/ASI and will continue to be the dominant high-value AI use case capturing frontier model revenue,"Baker argues that coding is the dominant high-value AI use case and will remain so for the foreseeable future, citing Replit founder Amjad Masad's 'bitter lesson adjacent' insight that a model capable of coding can write code to do virtually anything, making coding the fastest path to AGI and ASI. The reasoning is structural: coding demand appears inexhaustible, enterprises will not tolerate second-tier code quality and therefore will not trade down from frontier models, and proprietary coding data accumulated by players like Cursor and xAI creates durable competitive moats. The investment implication is that frontier model providers capturing coding revenue — particularly those with coding-specific data advantages — are best positioned, and that coding will continue to concentrate AI revenue at the frontier rather than commoditizing to cheaper models. Baker corroborates this view with Anthropic revenue data and Cursor's growth trajectory, expressing high conviction with no hedging on the thesis.","ANTH, XAI",,NO_BASKET,LONG,False,,,,,,NO_BASKET,NO_BASKET,INSUFFICIENT_DATA,INSUFFICIENT_DATA,-1.5,-6.71,INSUFFICIENT_DATA,INSUFFICIENT_DATA,NO_BASKET,NO_BASKET,INSUFFICIENT_DATA,INSUFFICIENT_DATA
2026-06-11,Open source AI bullish for hardware,FIRST_MENTION_AND_HC,high_conviction,1,3,"BG2 Pod — SpaceX IPO, AI capex, Cursor","Open-source AI success is bullish for compute/hardware providers, not bearish for the AI ecosystem","Baker argues that the rise of open-source AI models is structurally bullish for compute and hardware providers, not bearish for the AI ecosystem as commonly feared. His reasoning is that if frontier proprietary models face margin compression from open-source competition, AI spending does not disappear — it shifts toward compute infrastructure, since open-source models still require massive hardware to train and run at scale. The better open-source models perform, the more inference and training compute is demanded across a broader set of users and enterprises who would otherwise have paid for proprietary API access. This reframes the conventional open-source bear case (that it destroys AI monetization) into a compute bull case: commoditization of model intelligence accelerates hardware consumption. The investment implication is to be long compute and semiconductor infrastructure providers that supply the GPUs, networking, and accelerators powering this expanded workload.",,NVDA,OBVIOUS_UNIVERSE,LONG,False,,,,,,3.38,6.67,INSUFFICIENT_DATA,INSUFFICIENT_DATA,-1.5,-6.71,INSUFFICIENT_DATA,INSUFFICIENT_DATA,4.88,13.38,INSUFFICIENT_DATA,INSUFFICIENT_DATA
2026-06-12,Datacenter physical assets,FIRST_MENTION,moderate,1,1,"CNBC Squawk on the Street — SpaceX public-debut day: orbital compute economics, compute shortage, IPO",Terrestrial data centers will never be decommissioned — once built they retain value — but orbital compute may dominate new installations within 10-20 years,"Baker argues that while terrestrial data centers will never be decommissioned and will retain their value, the overwhelming majority of net-new compute installed to serve planet Earth could be orbital within a 10-20 year timeframe, representing a fundamental structural shift in where incremental compute capacity is built. His reasoning is directional rather than near-term actionable — he uses hedged language ('I think,' 'there may be a day') and a wide time horizon, suggesting this is a long-term structural view about the economics of orbital versus terrestrial compute. The investment implication is a bifurcated future: existing terrestrial data center assets (REITs, operators) retain value as legacy infrastructure, while the incremental growth opportunity shifts toward orbital compute providers. Baker made these comments on SpaceX's public-debut day, implying SpaceX is the primary vehicle he has in mind for orbital compute, though no specific US-listed pure-play orbital compute equity exists today beyond SpaceX itself, which remains private.","EQIX, DLR",,NO_BASKET,,False,v4 review (STEVE). Steve: no basket,,,,,NO_BASKET,NO_BASKET,INSUFFICIENT_DATA,INSUFFICIENT_DATA,-4.71,-12.66,INSUFFICIENT_DATA,INSUFFICIENT_DATA,NO_BASKET,NO_BASKET,INSUFFICIENT_DATA,INSUFFICIENT_DATA
2026-06-12,Datacenter physical assets,FIRST_MENTION_WITH_TICKERS,moderate,1,1,"CNBC Squawk on the Street — SpaceX public-debut day: orbital compute economics, compute shortage, IPO",Terrestrial data centers will never be decommissioned — once built they retain value — but orbital compute may dominate new installations within 10-20 years,"Baker argues that while terrestrial data centers will never be decommissioned and will retain their value, the overwhelming majority of net-new compute installed to serve planet Earth could be orbital within a 10-20 year timeframe, representing a fundamental structural shift in where incremental compute capacity is built. His reasoning is directional rather than near-term actionable — he uses hedged language ('I think,' 'there may be a day') and a wide time horizon, suggesting this is a long-term structural view about the economics of orbital versus terrestrial compute. The investment implication is a bifurcated future: existing terrestrial data center assets (REITs, operators) retain value as legacy infrastructure, while the incremental growth opportunity shifts toward orbital compute providers. Baker made these comments on SpaceX's public-debut day, implying SpaceX is the primary vehicle he has in mind for orbital compute, though no specific US-listed pure-play orbital compute equity exists today beyond SpaceX itself, which remains private.","EQIX, DLR",,NO_BASKET,,False,v4 review (STEVE). Steve: no basket,,,,,NO_BASKET,NO_BASKET,INSUFFICIENT_DATA,INSUFFICIENT_DATA,-4.71,-12.66,INSUFFICIENT_DATA,INSUFFICIENT_DATA,NO_BASKET,NO_BASKET,INSUFFICIENT_DATA,INSUFFICIENT_DATA
2026-06-12,SPAC structural analysis,FIRST_MENTION_WITH_TICKERS,moderate,3,3,"CNBC Squawk on the Street — SpaceX public-debut day: orbital compute economics, compute shortage, IPO",GPU scarcity gives SpaceX a structural advantage in securing Nvidia allocations because Jensen Huang prioritizes customers who will use GPUs immediately,"Baker argues that Nvidia's Jensen Huang preferentially allocates scarce GPUs to customers who will deploy them immediately rather than queue them in a backlog, giving SpaceX a structural procurement advantage. The reasoning is that both GPU sellers (Nvidia) and power providers are incentivized to route constrained resources — chips and electricity — to whoever can put them to work fastest, and SpaceX's ability to bring gigawatts of power online rapidly makes it uniquely positioned to absorb large GPU allocations quickly. This creates a self-reinforcing advantage: SpaceX gets preferential GPU access because it can energize capacity fast, which in turn accelerates its orbital and terrestrial compute buildout ahead of competitors. Baker presents this as a logical inference consistent with known Nvidia allocation dynamics rather than confirmed fact, and the investment implication is that SpaceX's compute infrastructure position is stronger than it appears on paper — though SpaceX remains privately held, limiting direct public-market expression of this thesis.",NVDA,,NO_BASKET,MIXED,False,,,,,,NO_BASKET,NO_BASKET,INSUFFICIENT_DATA,INSUFFICIENT_DATA,-4.71,-12.66,INSUFFICIENT_DATA,INSUFFICIENT_DATA,NO_BASKET,NO_BASKET,INSUFFICIENT_DATA,INSUFFICIENT_DATA
2026-07-08,AI world models for gaming,FIRST_MENTION,moderate,1,1,"Generating Alpha — Ep.56: career arc, semis, NVDA/Tesla, AI infra cycles","AI world models will reduce AAA game development costs by ~90%, benefiting platform holders and harming game developers","Baker argues that AI world models will reduce the cost of developing AAA video games by approximately 90%, collapsing per-title budgets from the current $200-300M range and triggering a massive explosion in content supply. The core reasoning is that AI-generated world models will automate much of the labor-intensive asset creation, environment design, and testing that currently drives development costs, making it feasible for smaller teams to produce high-quality titles. This dynamic is structurally negative for incumbent AAA game studios, which will face intensified competition from a flood of lower-cost entrants, compressing margins and eroding pricing power. Conversely, Baker views video game platform holders as the primary beneficiaries, since content abundance increases the value proposition of their platforms and drives engagement and subscriber growth. No specific timeline was given, but the implication is a medium-term structural shift that favors platform economics over content creator economics.","MSFT, SONY, NTDOY, RBLX","SONY, NTDOY",OBVIOUS_UNIVERSE,LONG,False,v4 review (CHANGE). Platform holders win,,,,,14.06,INSUFFICIENT_DATA,INSUFFICIENT_DATA,INSUFFICIENT_DATA,-3.63,INSUFFICIENT_DATA,INSUFFICIENT_DATA,INSUFFICIENT_DATA,17.69,INSUFFICIENT_DATA,INSUFFICIENT_DATA,INSUFFICIENT_DATA
2026-07-08,AI world models for gaming,FIRST_MENTION_WITH_TICKERS,moderate,1,1,"Generating Alpha — Ep.56: career arc, semis, NVDA/Tesla, AI infra cycles","AI world models will reduce AAA game development costs by ~90%, benefiting platform holders and harming game developers","Baker argues that AI world models will reduce the cost of developing AAA video games by approximately 90%, collapsing per-title budgets from the current $200-300M range and triggering a massive explosion in content supply. The core reasoning is that AI-generated world models will automate much of the labor-intensive asset creation, environment design, and testing that currently drives development costs, making it feasible for smaller teams to produce high-quality titles. This dynamic is structurally negative for incumbent AAA game studios, which will face intensified competition from a flood of lower-cost entrants, compressing margins and eroding pricing power. Conversely, Baker views video game platform holders as the primary beneficiaries, since content abundance increases the value proposition of their platforms and drives engagement and subscriber growth. No specific timeline was given, but the implication is a medium-term structural shift that favors platform economics over content creator economics.","MSFT, SONY, NTDOY, RBLX","SONY, NTDOY",OBVIOUS_UNIVERSE,LONG,False,v4 review (CHANGE). Platform holders win,,,,,14.06,INSUFFICIENT_DATA,INSUFFICIENT_DATA,INSUFFICIENT_DATA,-3.63,INSUFFICIENT_DATA,INSUFFICIENT_DATA,INSUFFICIENT_DATA,17.69,INSUFFICIENT_DATA,INSUFFICIENT_DATA,INSUFFICIENT_DATA
2026-07-08,Edge AI as bear case for cloud,FIRST_HC_NOT_FIRST_MENTION,high_conviction,4,4,"Generating Alpha — Ep.56: career arc, semis, NVDA/Tesla, AI infra cycles",AI rendering of video games on-device (replacing local GPU) is not viable in the next 5-7 years,"Baker explicitly dismisses as 'ridiculous' the thesis that AI cloud rendering will replace local GPU rendering on smartphones, iPads, and PCs within the next 5-7 years. His core argument is economic: using a cloud AI model like VO3 to render a game such as Monopoly Go at current list prices would cost more than two orders of magnitude more than the game's entire revenue, making the unit economics completely unworkable at any realistic scale. The implication is that local GPU silicon — the chips inside phones, tablets, and PCs that handle graphics rendering today — will not be displaced by AI inference in the near-to-medium term. This is a bearish view on a speculative AI disruption thesis rather than a bullish call on any specific company, though it implicitly supports the continued relevance of on-device GPU vendors. Investors should be skeptical of any narrative claiming AI cloud rendering will cannibalize local GPU demand within this timeframe.","QCOM, AAPL",,NO_BASKET,,False,"v4 review: NO_BASKET (removed from scored returns). Scenario framing, not a trade",,,,,NO_BASKET,INSUFFICIENT_DATA,INSUFFICIENT_DATA,INSUFFICIENT_DATA,-3.63,INSUFFICIENT_DATA,INSUFFICIENT_DATA,INSUFFICIENT_DATA,NO_BASKET,INSUFFICIENT_DATA,INSUFFICIENT_DATA,INSUFFICIENT_DATA
2026-07-14,AI bubble not happening,FIRST_MENTION_WITH_TICKERS,high_conviction,4,4,"a16z Podcast — Is AI a bubble? Data centers, GPUs, and the AI economy",We are not in an AI bubble today; GPU utilization and hyperscaler ROIC expansion distinguish this era from the 2000 telecom bubble.,"Baker argues that the AI infrastructure buildout does not constitute a bubble, drawing a sharp historical contrast with the 2000 telecom bubble where 97% of fiber capacity sat dark and unused — today, he contends, there are 'no dark GPUs,' meaning GPU utilization is effectively full and demand is real. His core evidence is that the largest GPU spenders (the major hyperscalers) are all publicly traded, have each seen approximately 10 percentage point increases in ROIC since ramping CapEx, collectively generate roughly $300 billion in free cash flow annually, and hold approximately $500 billion in cash — metrics that stand in stark contrast to the debt-laden, revenue-light telecom companies of 2000. On valuation, Baker notes Cisco peaked at 150–180x trailing earnings at the height of the bubble, whereas Nvidia today trades at roughly 40x trailing earnings, suggesting the market is pricing AI infrastructure far more conservatively. The investment implication is that both the primary GPU supplier (Nvidia) and the hyperscalers aggressively deploying that GPU capacity are fundamentally sound businesses with expanding returns, not speculative overbuilds, making them defensible long positions rather than bubble candidates.","NVDA, CSCO, GOOGL, META, MSFT, AMZN",SMH,OBVIOUS_UNIVERSE,LONG,False,,,,,,-2.58,INSUFFICIENT_DATA,INSUFFICIENT_DATA,INSUFFICIENT_DATA,-2.58,INSUFFICIENT_DATA,INSUFFICIENT_DATA,INSUFFICIENT_DATA,0.0,INSUFFICIENT_DATA,INSUFFICIENT_DATA,INSUFFICIENT_DATA
2026-07-14,Google AI distribution moat,FIRST_MENTION,moderate,1,1,"a16z Podcast — Is AI a bubble? Data centers, GPUs, and the AI economy","Google is likely already the largest AI traffic destination globally when including Search AI Overviews, and is the leading AI company today.","Baker argues that Google (GOOGL) is likely already the largest AI traffic destination in the world when combining Gemini's standalone usage with Search AI Overviews, and that the market underappreciates Google's current AI leadership position. He estimates Gemini alone has taken 15-20 points of traffic share in the last 2-3 months, and suspects Google's aggregate AI traffic exceeds that of OpenAI, Anthropic, and all other competitors combined. Baker frames ChatGPT's rise as a 'Pearl Harbor moment' for Google that has now catalyzed a forceful response, with Gemini running on Google's proprietary TPUs reinforcing a structural vertical integration advantage in cost and performance. The investment implication is that GOOGL is a buy or strong hold as the leading AI company today, with the contrarian view being that consensus has underestimated Google's competitive position in the AI race relative to pure-play AI challengers.",GOOGL,GOOGL,MANUAL_2026AUG_SWEEP,LONG,False,,,,,,-4.44,INSUFFICIENT_DATA,INSUFFICIENT_DATA,INSUFFICIENT_DATA,-2.58,INSUFFICIENT_DATA,INSUFFICIENT_DATA,INSUFFICIENT_DATA,-1.86,INSUFFICIENT_DATA,INSUFFICIENT_DATA,INSUFFICIENT_DATA
2026-07-14,Google AI distribution moat,FIRST_MENTION_WITH_TICKERS,moderate,1,1,"a16z Podcast — Is AI a bubble? Data centers, GPUs, and the AI economy","Google is likely already the largest AI traffic destination globally when including Search AI Overviews, and is the leading AI company today.","Baker argues that Google (GOOGL) is likely already the largest AI traffic destination in the world when combining Gemini's standalone usage with Search AI Overviews, and that the market underappreciates Google's current AI leadership position. He estimates Gemini alone has taken 15-20 points of traffic share in the last 2-3 months, and suspects Google's aggregate AI traffic exceeds that of OpenAI, Anthropic, and all other competitors combined. Baker frames ChatGPT's rise as a 'Pearl Harbor moment' for Google that has now catalyzed a forceful response, with Gemini running on Google's proprietary TPUs reinforcing a structural vertical integration advantage in cost and performance. The investment implication is that GOOGL is a buy or strong hold as the leading AI company today, with the contrarian view being that consensus has underestimated Google's competitive position in the AI race relative to pure-play AI challengers.",GOOGL,GOOGL,MANUAL_2026AUG_SWEEP,LONG,False,,,,,,-4.44,INSUFFICIENT_DATA,INSUFFICIENT_DATA,INSUFFICIENT_DATA,-2.58,INSUFFICIENT_DATA,INSUFFICIENT_DATA,INSUFFICIENT_DATA,-1.86,INSUFFICIENT_DATA,INSUFFICIENT_DATA,INSUFFICIENT_DATA
2026-08-14,Open source AI bullish for hardware,THIRD_MENTION_WITHIN_1YR,high_conviction,3,3,"All-In Podcast — Anthropic $2T IPO, Zuck's AI manifesto, Nvidia $500B AI financing, Grok 4.6 / SpaceX AI strategy","Open-source AI models make frontier tokens MORE valuable, not less — frontier intelligence can orchestrate open-source models, increasing its own value","Baker argues that the proliferation of open-source AI models does not commoditize frontier AI but instead amplifies its value, because frontier models (which he characterizes as '250 IQ') can orchestrate and delegate tasks to cheaper open-source models ('150 IQ'), making the frontier layer more economically indispensable. His core prediction is that frontier tokens will capture 65–85% of total AI economic value even though open-source tokens will represent roughly 80% of total volume — a structural split analogous to how a small number of elite professionals capture disproportionate economic rents. He uses the Manhattan Project as an analogy: Oppenheimer's productivity was multiplied, not diminished, by having a large pool of capable physicists to direct. The investment implication is that companies producing and monetizing frontier models — those at the absolute capability frontier — are structurally undervalued relative to fears about open-source commoditization. This thesis favors pure-play frontier model providers over open-source or commodity inference players.",ANTH,NVDA,OBVIOUS_UNIVERSE,LONG,False,,,,,,INSUFFICIENT_DATA,INSUFFICIENT_DATA,INSUFFICIENT_DATA,INSUFFICIENT_DATA,INSUFFICIENT_DATA,INSUFFICIENT_DATA,INSUFFICIENT_DATA,INSUFFICIENT_DATA,INSUFFICIENT_DATA,INSUFFICIENT_DATA,INSUFFICIENT_DATA,INSUFFICIENT_DATA
2026-08-14,Open source AI bullish for hardware,FIRST_MENTION_WITH_TICKERS,high_conviction,3,3,"All-In Podcast — Anthropic $2T IPO, Zuck's AI manifesto, Nvidia $500B AI financing, Grok 4.6 / SpaceX AI strategy","Open-source AI models make frontier tokens MORE valuable, not less — frontier intelligence can orchestrate open-source models, increasing its own value","Baker argues that the proliferation of open-source AI models does not commoditize frontier AI but instead amplifies its value, because frontier models (which he characterizes as '250 IQ') can orchestrate and delegate tasks to cheaper open-source models ('150 IQ'), making the frontier layer more economically indispensable. His core prediction is that frontier tokens will capture 65–85% of total AI economic value even though open-source tokens will represent roughly 80% of total volume — a structural split analogous to how a small number of elite professionals capture disproportionate economic rents. He uses the Manhattan Project as an analogy: Oppenheimer's productivity was multiplied, not diminished, by having a large pool of capable physicists to direct. The investment implication is that companies producing and monetizing frontier models — those at the absolute capability frontier — are structurally undervalued relative to fears about open-source commoditization. This thesis favors pure-play frontier model providers over open-source or commodity inference players.",ANTH,NVDA,OBVIOUS_UNIVERSE,LONG,False,,,,,,INSUFFICIENT_DATA,INSUFFICIENT_DATA,INSUFFICIENT_DATA,INSUFFICIENT_DATA,INSUFFICIENT_DATA,INSUFFICIENT_DATA,INSUFFICIENT_DATA,INSUFFICIENT_DATA,INSUFFICIENT_DATA,INSUFFICIENT_DATA,INSUFFICIENT_DATA,INSUFFICIENT_DATA
2026-08-31,Stranded / behind-the-meter power,FIRST_MENTION_AND_HC,high_conviction,1,1,"a16z Podcast — AI demand outrunning compute supply; frontier-lab revenue is self-determined, reinvestment math, not necessarily winner-take-all","Data center buildout is re-industrializing America and is net positive for working-class Americans, with behind-the-meter power generation transforming small towns' tax revenues by 10x","Baker argues that the AI-driven data center buildout is the single greatest economic development for working-class Americans in recent memory, citing surging wages for electricians, plumbers, and HVAC technicians to the point where college may now be NPV-negative relative to skilled trades. He uses Loudoun County, VA — the highest per-capita income county in the US and the highest data center density county in the US — as empirical proof that data center concentration drives broad local prosperity. A key structural driver is behind-the-meter power generation, which Baker claims can multiply a small town's tax revenues by roughly 10x, while dismissing water consumption concerns as debunked. He further notes that US natural gas at $2–3/MMBtu versus $20–25/MMBtu in Europe and Asia creates a durable manufacturing and energy cost advantage that underpins the US re-industrialization thesis. The investment implication is a structural long on US data center infrastructure, power generation, and the trades/construction ecosystem, though Baker does not name specific equity beneficiaries in this segment.",,CRSO,BAKER_NAMED,LONG,False,,,,,,INSUFFICIENT_DATA,INSUFFICIENT_DATA,INSUFFICIENT_DATA,INSUFFICIENT_DATA,INSUFFICIENT_DATA,INSUFFICIENT_DATA,INSUFFICIENT_DATA,INSUFFICIENT_DATA,INSUFFICIENT_DATA,INSUFFICIENT_DATA,INSUFFICIENT_DATA,INSUFFICIENT_DATA
